2026-05-05 23:06:21,805 [INFO] ======================================================================
2026-05-05 23:06:21,809 [INFO] V12 COMPLETE INTELLIGENCE SYSTEM STARTING...
2026-05-05 23:06:21,811 [INFO] ======================================================================
2026-05-05 23:06:21,813 [INFO] Intelligence: ForexFactory + COT + News + Correlations + FRED loaded
2026-05-05 23:06:21,821 [INFO] All 5 self-learning layers loaded
2026-05-05 23:06:26,486 [INFO] 
======================================================================
2026-05-05 23:06:26,486 [INFO] V12 COMPLETE INTELLIGENCE SYSTEM RUNNING
2026-05-05 23:06:26,491 [INFO] Every trade tracked: WHY WHAT WHEN WHO WHERE
2026-05-05 23:06:26,494 [INFO] All 5 self-learning layers active
2026-05-05 23:06:26,494 [INFO] Dashboard: http://localhost:5000
2026-05-05 23:06:26,499 [INFO] ======================================================================

2026-05-05 23:06:26,568 [INFO] [31m[1mWARNING: This is a development server. Do not use it in a production deployment. Use a production WSGI server instead.[0m
 * Running on all addresses (0.0.0.0)
 * Running on http://127.0.0.1:5000
 * Running on http://192.168.29.238:5000
2026-05-05 23:06:26,570 [INFO] [33mPress CTRL+C to quit[0m
2026-05-05 23:06:28,171 [INFO] HiveMind Cycle #1: Recalibrated 5 agents
2026-05-05 23:06:28,171 [INFO] setting up API-client for environment practice
2026-05-05 23:06:28,184 [INFO] performing request https://api-fxpractice.oanda.com/v3/instruments/EUR_USD/candles
2026-05-05 23:06:32,799 [INFO] ForexFactory: 115 events loaded
2026-05-05 23:06:39,341 [INFO] News: 20 articles fetched
2026-05-05 23:06:56,476 [INFO] Correlations: ['DXY', 'GOLD', 'OIL', 'SP500', 'VIX'] loaded
2026-05-05 23:06:57,598 [INFO] SIGNAL: EUR_USD BUY 90.0% | News: NEUTRAL | COT: NEUTRAL | Regime: RANGING
2026-05-05 23:06:59,602 [INFO] setting up API-client for environment practice
2026-05-05 23:06:59,603 [INFO] performing request https://api-fxpractice.oanda.com/v3/instruments/GBP_USD/candles
2026-05-05 23:07:06,479 [INFO] SIGNAL: GBP_USD BUY 90.0% | News: NEUTRAL | COT: NEUTRAL | Regime: RANGING
2026-05-05 23:07:08,487 [INFO] setting up API-client for environment practice
2026-05-05 23:07:08,487 [INFO] performing request https://api-fxpractice.oanda.com/v3/instruments/USD_JPY/candles
2026-05-05 23:07:17,126 [INFO] SIGNAL: USD_JPY BUY 75.9% | News: NEUTRAL | COT: NEUTRAL | Regime: RANGING
2026-05-05 23:07:19,129 [INFO] setting up API-client for environment practice
2026-05-05 23:07:19,129 [INFO] performing request https://api-fxpractice.oanda.com/v3/instruments/AUD_USD/candles
2026-05-05 23:07:24,750 [INFO] SIGNAL: AUD_USD BUY 76.2% | News: NEUTRAL | COT: NEUTRAL | Regime: RANGING
2026-05-05 23:07:26,762 [INFO] setting up API-client for environment practice
2026-05-05 23:07:26,762 [INFO] performing request https://api-fxpractice.oanda.com/v3/instruments/USD_CAD/candles
2026-05-05 23:07:37,543 [INFO] SIGNAL: USD_CAD BUY 79.0% | News: NEUTRAL | COT: NEUTRAL | Regime: RANGING
2026-05-05 23:07:39,546 [INFO] Cycle #1 done. Trades in memory: 0 | WR: 0.0% | RL episodes: 0
2026-05-05 23:07:57,613 [INFO] Learned: EUR_USD WIN | WR: 100.0% | RL: 1
2026-05-05 23:08:06,499 [INFO] Learned: GBP_USD WIN | WR: 100.0% | RL: 2
2026-05-05 23:08:17,133 [INFO] Learned: USD_JPY WIN | WR: 100.0% | RL: 3
2026-05-05 23:08:24,781 [INFO] Learned: AUD_USD LOSS | WR: 75.0% | RL: 4
2026-05-05 23:08:37,569 [INFO] Learned: USD_CAD WIN | WR: 80.0% | RL: 5
2026-05-05 23:22:39,548 [INFO] setting up API-client for environment practice
2026-05-05 23:22:39,550 [INFO] performing request https://api-fxpractice.oanda.com/v3/instruments/EUR_USD/candles
2026-05-05 23:22:45,758 [INFO] SIGNAL: EUR_USD BUY 85.0% | News: NEUTRAL | COT: NEUTRAL | Regime: RANGING
2026-05-05 23:22:47,767 [INFO] setting up API-client for environment practice
2026-05-05 23:22:47,767 [INFO] performing request https://api-fxpractice.oanda.com/v3/instruments/GBP_USD/candles
2026-05-05 23:22:49,759 [INFO] GBP_USD: 53.0% below 65.0% threshold. Skip.
2026-05-05 23:22:51,775 [INFO] setting up API-client for environment practice
2026-05-05 23:22:51,775 [INFO] performing request https://api-fxpractice.oanda.com/v3/instruments/USD_JPY/candles
2026-05-05 23:23:00,044 [INFO] SIGNAL: USD_JPY BUY 73.0% | News: NEUTRAL | COT: NEUTRAL | Regime: RANGING
2026-05-05 23:23:02,048 [INFO] setting up API-client for environment practice
2026-05-05 23:23:02,048 [INFO] performing request https://api-fxpractice.oanda.com/v3/instruments/AUD_USD/candles
2026-05-05 23:23:07,432 [INFO] SIGNAL: AUD_USD BUY 77.5% | News: NEUTRAL | COT: NEUTRAL | Regime: RANGING
2026-05-05 23:23:09,434 [INFO] setting up API-client for environment practice
2026-05-05 23:23:09,434 [INFO] performing request https://api-fxpractice.oanda.com/v3/instruments/USD_CAD/candles
2026-05-05 23:23:15,790 [INFO] SIGNAL: USD_CAD BUY 77.4% | News: NEUTRAL | COT: NEUTRAL | Regime: RANGING
2026-05-05 23:23:17,802 [INFO] Cycle #2 done. Trades in memory: 5 | WR: 80.0% | RL episodes: 5
2026-05-05 23:23:45,779 [INFO] Learned: EUR_USD WIN | WR: 83.3% | RL: 6
2026-05-05 23:24:00,062 [INFO] Learned: USD_JPY LOSS | WR: 71.4% | RL: 7
2026-05-05 23:24:07,446 [INFO] Learned: AUD_USD WIN | WR: 75.0% | RL: 8
2026-05-05 23:24:15,821 [INFO] Learned: USD_CAD WIN | WR: 77.8% | RL: 9
2026-05-05 23:38:17,803 [INFO] setting up API-client for environment practice
2026-05-05 23:38:17,803 [INFO] performing request https://api-fxpractice.oanda.com/v3/instruments/EUR_USD/candles
2026-05-05 23:38:25,728 [INFO] News: 18 articles fetched
2026-05-05 23:38:26,694 [INFO] Correlations: ['DXY', 'GOLD', 'OIL', 'SP500', 'VIX'] loaded
2026-05-05 23:38:26,694 [INFO] EUR_USD: 54.3% below 65.0% threshold. Skip.
2026-05-05 23:38:28,698 [INFO] setting up API-client for environment practice
2026-05-05 23:38:28,698 [INFO] performing request https://api-fxpractice.oanda.com/v3/instruments/GBP_USD/candles
2026-05-05 23:38:30,591 [INFO] GBP_USD: 55.9% below 65.0% threshold. Skip.
2026-05-05 23:38:32,592 [INFO] setting up API-client for environment practice
2026-05-05 23:38:32,592 [INFO] performing request https://api-fxpractice.oanda.com/v3/instruments/USD_JPY/candles
2026-05-05 23:38:37,833 [INFO] SIGNAL: USD_JPY BUY 78.0% | News: NEUTRAL | COT: NEUTRAL | Regime: RANGING
2026-05-05 23:38:39,836 [INFO] setting up API-client for environment practice
2026-05-05 23:38:39,836 [INFO] performing request https://api-fxpractice.oanda.com/v3/instruments/AUD_USD/candles
2026-05-05 23:38:42,783 [INFO] SIGNAL: AUD_USD BUY 74.1% | News: NEUTRAL | COT: NEUTRAL | Regime: RANGING
2026-05-05 23:38:44,786 [INFO] setting up API-client for environment practice
2026-05-05 23:38:44,786 [INFO] performing request https://api-fxpractice.oanda.com/v3/instruments/USD_CAD/candles
2026-05-05 23:38:49,979 [INFO] SIGNAL: USD_CAD BUY 101.7% | News: NEUTRAL | COT: NEUTRAL | Regime: RANGING
2026-05-05 23:38:51,982 [INFO] Cycle #3 done. Trades in memory: 9 | WR: 77.8% | RL episodes: 9
2026-05-05 23:39:37,846 [INFO] Learned: USD_JPY WIN | WR: 80.0% | RL: 10
2026-05-05 23:39:42,812 [INFO] Learned: AUD_USD WIN | WR: 81.8% | RL: 11
2026-05-05 23:39:49,997 [INFO] Learned: USD_CAD WIN | WR: 83.3% | RL: 12
2026-05-05 23:53:51,983 [INFO] setting up API-client for environment practice
2026-05-05 23:53:51,985 [INFO] performing request https://api-fxpractice.oanda.com/v3/instruments/EUR_USD/candles
2026-05-05 23:53:53,756 [INFO] EUR_USD: 54.8% below 65.0% threshold. Skip.
2026-05-05 23:53:55,759 [INFO] setting up API-client for environment practice
2026-05-05 23:53:55,759 [INFO] performing request https://api-fxpractice.oanda.com/v3/instruments/GBP_USD/candles
2026-05-05 23:53:56,876 [INFO] GBP_USD: 52.5% below 65.0% threshold. Skip.
2026-05-05 23:53:58,884 [INFO] setting up API-client for environment practice
2026-05-05 23:53:58,884 [INFO] performing request https://api-fxpractice.oanda.com/v3/instruments/USD_JPY/candles
2026-05-05 23:54:03,236 [INFO] SIGNAL: USD_JPY BUY 74.9% | News: NEUTRAL | COT: NEUTRAL | Regime: RANGING
2026-05-05 23:54:05,278 [INFO] setting up API-client for environment practice
2026-05-05 23:54:05,280 [INFO] performing request https://api-fxpractice.oanda.com/v3/instruments/AUD_USD/candles
2026-05-05 23:54:08,502 [INFO] SIGNAL: AUD_USD BUY 79.8% | News: NEUTRAL | COT: NEUTRAL | Regime: RANGING
2026-05-05 23:54:10,505 [INFO] setting up API-client for environment practice
2026-05-05 23:54:10,505 [INFO] performing request https://api-fxpractice.oanda.com/v3/instruments/USD_CAD/candles
2026-05-05 23:54:13,714 [INFO] SIGNAL: USD_CAD BUY 100.3% | News: NEUTRAL | COT: NEUTRAL | Regime: RANGING
2026-05-05 23:54:15,715 [INFO] Cycle #4 done. Trades in memory: 12 | WR: 83.3% | RL episodes: 12
2026-05-05 23:55:03,300 [INFO] Learned: USD_JPY WIN | WR: 84.6% | RL: 13
2026-05-05 23:55:08,520 [INFO] Learned: AUD_USD WIN | WR: 85.7% | RL: 14
2026-05-05 23:55:13,725 [INFO] Learned: USD_CAD WIN | WR: 86.7% | RL: 15
2026-05-06 00:09:15,717 [INFO] setting up API-client for environment practice
2026-05-06 00:09:15,721 [INFO] performing request https://api-fxpractice.oanda.com/v3/instruments/EUR_USD/candles
2026-05-06 00:09:17,064 [INFO] ForexFactory: 115 events loaded
2026-05-06 00:09:18,642 [INFO] News: 20 articles fetched
2026-05-06 00:09:19,722 [INFO] Correlations: ['DXY', 'GOLD', 'OIL', 'SP500', 'VIX'] loaded
2026-05-06 00:09:19,723 [INFO] EUR_USD: 57.4% below 65.0% threshold. Skip.
2026-05-06 00:09:21,725 [INFO] setting up API-client for environment practice
2026-05-06 00:09:21,725 [INFO] performing request https://api-fxpractice.oanda.com/v3/instruments/GBP_USD/candles
2026-05-06 00:09:22,932 [INFO] GBP_USD: 57.5% below 65.0% threshold. Skip.
2026-05-06 00:09:24,939 [INFO] setting up API-client for environment practice
2026-05-06 00:09:24,940 [INFO] performing request https://api-fxpractice.oanda.com/v3/instruments/USD_JPY/candles
2026-05-06 00:09:29,321 [INFO] SIGNAL: USD_JPY BUY 65.3% | News: BEARISH | COT: NEUTRAL | Regime: RANGING
2026-05-06 00:09:31,324 [INFO] setting up API-client for environment practice
2026-05-06 00:09:31,324 [INFO] performing request https://api-fxpractice.oanda.com/v3/instruments/AUD_USD/candles
2026-05-06 00:09:32,516 [INFO] AUD_USD: 60.7% below 65.0% threshold. Skip.
2026-05-06 00:09:34,517 [INFO] setting up API-client for environment practice
2026-05-06 00:09:34,517 [INFO] performing request https://api-fxpractice.oanda.com/v3/instruments/USD_CAD/candles
2026-05-06 00:09:36,231 [INFO] SIGNAL: USD_CAD BUY 80.1% | News: BEARISH | COT: NEUTRAL | Regime: RANGING
2026-05-06 00:09:38,232 [INFO] Cycle #5 done. Trades in memory: 15 | WR: 86.7% | RL episodes: 15
2026-05-06 00:10:29,353 [INFO] Learned: USD_JPY WIN | WR: 87.5% | RL: 16
2026-05-06 00:10:36,277 [INFO] Learned: USD_CAD WIN | WR: 88.2% | RL: 17
2026-05-06 00:24:38,781 [INFO] setting up API-client for environment practice
2026-05-06 00:24:39,139 [INFO] performing request https://api-fxpractice.oanda.com/v3/instruments/EUR_USD/candles
2026-05-06 00:24:40,430 [INFO] EUR_USD: 60.8% below 65.0% threshold. Skip.
2026-05-06 00:24:42,435 [INFO] setting up API-client for environment practice
2026-05-06 00:24:42,450 [INFO] performing request https://api-fxpractice.oanda.com/v3/instruments/GBP_USD/candles
2026-05-06 00:24:43,297 [INFO] GBP_USD: 57.2% below 65.0% threshold. Skip.
2026-05-06 00:24:45,299 [INFO] setting up API-client for environment practice
2026-05-06 00:24:45,299 [INFO] performing request https://api-fxpractice.oanda.com/v3/instruments/USD_JPY/candles
2026-05-06 00:24:46,185 [INFO] USD_JPY: 63.2% below 65.0% threshold. Skip.
2026-05-06 00:24:48,188 [INFO] setting up API-client for environment practice
2026-05-06 00:24:48,188 [INFO] performing request https://api-fxpractice.oanda.com/v3/instruments/AUD_USD/candles
2026-05-06 00:24:48,999 [INFO] AUD_USD: 57.4% below 65.0% threshold. Skip.
2026-05-06 00:24:51,000 [INFO] setting up API-client for environment practice
2026-05-06 00:24:51,000 [INFO] performing request https://api-fxpractice.oanda.com/v3/instruments/USD_CAD/candles
2026-05-06 00:24:52,904 [INFO] SIGNAL: USD_CAD SELL 71.6% | News: BEARISH | COT: NEUTRAL | Regime: RANGING
2026-05-06 00:24:54,907 [INFO] Cycle #6 done. Trades in memory: 17 | WR: 88.2% | RL episodes: 17
2026-05-06 00:25:52,934 [INFO] Learned: USD_CAD WIN | WR: 88.9% | RL: 18
2026-05-06 00:39:54,917 [INFO] setting up API-client for environment practice
2026-05-06 00:39:55,222 [INFO] performing request https://api-fxpractice.oanda.com/v3/instruments/EUR_USD/candles
2026-05-06 00:39:58,797 [INFO] News: 20 articles fetched
2026-05-06 00:40:00,615 [INFO] Correlations: ['DXY', 'GOLD', 'OIL', 'SP500', 'VIX'] loaded
2026-05-06 00:40:03,397 [INFO] SIGNAL: EUR_USD BUY 95.7% | News: NEUTRAL | COT: NEUTRAL | Regime: RANGING
2026-05-06 00:40:05,403 [INFO] setting up API-client for environment practice
2026-05-06 00:40:05,403 [INFO] performing request https://api-fxpractice.oanda.com/v3/instruments/GBP_USD/candles
2026-05-06 00:40:07,352 [INFO] SIGNAL: GBP_USD BUY 90.0% | News: NEUTRAL | COT: NEUTRAL | Regime: RANGING
2026-05-06 00:40:09,354 [INFO] setting up API-client for environment practice
2026-05-06 00:40:09,354 [INFO] performing request https://api-fxpractice.oanda.com/v3/instruments/USD_JPY/candles
2026-05-06 00:40:11,737 [INFO] SIGNAL: USD_JPY BUY 73.2% | News: NEUTRAL | COT: NEUTRAL | Regime: RANGING
2026-05-06 00:40:13,752 [INFO] setting up API-client for environment practice
2026-05-06 00:40:13,752 [INFO] performing request https://api-fxpractice.oanda.com/v3/instruments/AUD_USD/candles
2026-05-06 00:40:15,486 [INFO] SIGNAL: AUD_USD BUY 95.7% | News: NEUTRAL | COT: NEUTRAL | Regime: RANGING
2026-05-06 00:40:17,496 [INFO] setting up API-client for environment practice
2026-05-06 00:40:17,496 [INFO] performing request https://api-fxpractice.oanda.com/v3/instruments/USD_CAD/candles
2026-05-06 00:40:19,319 [INFO] SIGNAL: USD_CAD BUY 97.2% | News: NEUTRAL | COT: NEUTRAL | Regime: RANGING
2026-05-06 00:40:21,322 [INFO] Cycle #7 done. Trades in memory: 18 | WR: 88.9% | RL episodes: 18
2026-05-06 00:41:03,431 [INFO] Learned: EUR_USD WIN | WR: 89.5% | RL: 19
2026-05-06 00:41:07,387 [INFO] Learned: GBP_USD WIN | WR: 90.0% | RL: 20
2026-05-06 00:41:11,771 [INFO] Learned: USD_JPY WIN | WR: 90.5% | RL: 21
2026-05-06 00:41:15,519 [INFO] Learned: AUD_USD WIN | WR: 90.9% | RL: 22
2026-05-06 00:41:19,341 [INFO] Learned: USD_CAD WIN | WR: 91.3% | RL: 23
2026-05-06 00:55:21,324 [INFO] setting up API-client for environment practice
2026-05-06 00:55:21,336 [INFO] performing request https://api-fxpractice.oanda.com/v3/instruments/EUR_USD/candles
2026-05-06 00:55:25,048 [INFO] SIGNAL: EUR_USD BUY 115.0% | News: NEUTRAL | COT: NEUTRAL | Regime: RANGING
2026-05-06 00:55:27,051 [INFO] setting up API-client for environment practice
2026-05-06 00:55:27,051 [INFO] performing request https://api-fxpractice.oanda.com/v3/instruments/GBP_USD/candles
2026-05-06 00:55:29,739 [INFO] SIGNAL: GBP_USD BUY 85.0% | News: NEUTRAL | COT: NEUTRAL | Regime: RANGING
2026-05-06 00:55:31,744 [INFO] setting up API-client for environment practice
2026-05-06 00:55:31,744 [INFO] performing request https://api-fxpractice.oanda.com/v3/instruments/USD_JPY/candles
2026-05-06 00:55:34,314 [INFO] SIGNAL: USD_JPY BUY 101.7% | News: NEUTRAL | COT: NEUTRAL | Regime: RANGING
2026-05-06 00:55:36,316 [INFO] setting up API-client for environment practice
2026-05-06 00:55:36,316 [INFO] performing request https://api-fxpractice.oanda.com/v3/instruments/AUD_USD/candles
2026-05-06 00:55:38,877 [INFO] SIGNAL: AUD_USD BUY 99.2% | News: NEUTRAL | COT: NEUTRAL | Regime: RANGING
2026-05-06 00:55:40,880 [INFO] setting up API-client for environment practice
2026-05-06 00:55:40,880 [INFO] performing request https://api-fxpractice.oanda.com/v3/instruments/USD_CAD/candles
2026-05-06 00:55:44,266 [INFO] SIGNAL: USD_CAD BUY 93.8% | News: NEUTRAL | COT: NEUTRAL | Regime: RANGING
2026-05-06 00:55:46,269 [INFO] Cycle #8 done. Trades in memory: 23 | WR: 91.3% | RL episodes: 23
2026-05-06 00:56:25,070 [INFO] Learned: EUR_USD WIN | WR: 91.7% | RL: 24
2026-05-06 00:56:29,772 [INFO] Learned: GBP_USD WIN | WR: 92.0% | RL: 25
2026-05-06 00:56:34,345 [INFO] Learned: USD_JPY WIN | WR: 92.3% | RL: 26
2026-05-06 00:56:38,899 [INFO] Learned: AUD_USD WIN | WR: 92.6% | RL: 27
2026-05-06 00:56:44,296 [INFO] Learned: USD_CAD WIN | WR: 92.9% | RL: 28
2026-05-06 01:10:46,275 [INFO] setting up API-client for environment practice
2026-05-06 01:10:46,282 [INFO] performing request https://api-fxpractice.oanda.com/v3/instruments/EUR_USD/candles
2026-05-06 01:10:49,188 [INFO] ForexFactory: 115 events loaded
2026-05-06 01:10:51,397 [INFO] News: 20 articles fetched
2026-05-06 01:10:53,212 [INFO] Correlations: ['DXY', 'GOLD', 'OIL', 'SP500', 'VIX'] loaded
2026-05-06 01:10:55,034 [INFO] SIGNAL: EUR_USD BUY 115.0% | News: NEUTRAL | COT: NEUTRAL | Regime: RANGING
2026-05-06 01:10:57,043 [INFO] setting up API-client for environment practice
2026-05-06 01:10:57,043 [INFO] performing request https://api-fxpractice.oanda.com/v3/instruments/GBP_USD/candles
2026-05-06 01:10:58,791 [INFO] GBP_USD: 45.1% below 65.0% threshold. Skip.
2026-05-06 01:11:00,806 [INFO] setting up API-client for environment practice
2026-05-06 01:11:00,806 [INFO] performing request https://api-fxpractice.oanda.com/v3/instruments/USD_JPY/candles
2026-05-06 01:11:04,413 [INFO] SIGNAL: USD_JPY BUY 103.8% | News: NEUTRAL | COT: NEUTRAL | Regime: RANGING
2026-05-06 01:11:06,420 [INFO] setting up API-client for environment practice
2026-05-06 01:11:06,420 [INFO] performing request https://api-fxpractice.oanda.com/v3/instruments/AUD_USD/candles
2026-05-06 01:11:09,565 [INFO] SIGNAL: AUD_USD BUY 101.9% | News: NEUTRAL | COT: NEUTRAL | Regime: RANGING
2026-05-06 01:11:11,569 [INFO] setting up API-client for environment practice
2026-05-06 01:11:11,569 [INFO] performing request https://api-fxpractice.oanda.com/v3/instruments/USD_CAD/candles
2026-05-06 01:11:15,008 [INFO] SIGNAL: USD_CAD BUY 71.2% | News: NEUTRAL | COT: NEUTRAL | Regime: RANGING
2026-05-06 01:11:17,013 [INFO] Cycle #9 done. Trades in memory: 28 | WR: 92.9% | RL episodes: 28
2026-05-06 01:11:55,068 [INFO] Learned: EUR_USD WIN | WR: 93.1% | RL: 29
2026-05-06 01:12:04,468 [INFO] Learned: USD_JPY WIN | WR: 93.3% | RL: 30
2026-05-06 01:12:09,587 [INFO] Learned: AUD_USD WIN | WR: 93.5% | RL: 31
2026-05-06 01:12:15,078 [INFO] Learned: USD_CAD LOSS | WR: 90.6% | RL: 32
2026-05-06 01:26:17,015 [INFO] setting up API-client for environment practice
2026-05-06 01:26:17,019 [INFO] performing request https://api-fxpractice.oanda.com/v3/instruments/EUR_USD/candles
2026-05-06 01:26:19,062 [INFO] SIGNAL: EUR_USD BUY 115.0% | News: NEUTRAL | COT: NEUTRAL | Regime: RANGING
2026-05-06 01:26:21,067 [INFO] setting up API-client for environment practice
2026-05-06 01:26:21,067 [INFO] performing request https://api-fxpractice.oanda.com/v3/instruments/GBP_USD/candles
2026-05-06 01:26:22,488 [INFO] GBP_USD: 46.6% below 65.0% threshold. Skip.
2026-05-06 01:26:24,503 [INFO] setting up API-client for environment practice
2026-05-06 01:26:24,503 [INFO] performing request https://api-fxpractice.oanda.com/v3/instruments/USD_JPY/candles
2026-05-06 01:26:26,507 [INFO] SIGNAL: USD_JPY BUY 103.7% | News: NEUTRAL | COT: NEUTRAL | Regime: RANGING
2026-05-06 01:26:28,511 [INFO] setting up API-client for environment practice
2026-05-06 01:26:28,511 [INFO] performing request https://api-fxpractice.oanda.com/v3/instruments/AUD_USD/candles
2026-05-06 01:26:30,324 [INFO] SIGNAL: AUD_USD BUY 75.3% | News: NEUTRAL | COT: NEUTRAL | Regime: RANGING
2026-05-06 01:26:32,338 [INFO] setting up API-client for environment practice
2026-05-06 01:26:32,339 [INFO] performing request https://api-fxpractice.oanda.com/v3/instruments/USD_CAD/candles
2026-05-06 01:26:34,610 [INFO] SIGNAL: USD_CAD BUY 93.2% | News: NEUTRAL | COT: NEUTRAL | Regime: RANGING
2026-05-06 01:26:36,612 [INFO] Cycle #10 done. Trades in memory: 32 | WR: 90.6% | RL episodes: 32
2026-05-06 01:27:19,173 [INFO] Learned: EUR_USD WIN | WR: 90.9% | RL: 33
2026-05-06 01:27:26,527 [INFO] Learned: USD_JPY WIN | WR: 91.2% | RL: 34
2026-05-06 01:27:30,375 [INFO] Learned: AUD_USD LOSS | WR: 88.6% | RL: 35
2026-05-06 01:27:34,736 [INFO] Learned: USD_CAD WIN | WR: 88.9% | RL: 36
2026-05-06 01:41:36,616 [INFO] setting up API-client for environment practice
2026-05-06 01:41:36,616 [INFO] performing request https://api-fxpractice.oanda.com/v3/instruments/EUR_USD/candles
2026-05-06 01:41:38,521 [INFO] News: 20 articles fetched
2026-05-06 01:41:40,308 [INFO] Correlations: ['DXY', 'GOLD', 'OIL', 'SP500', 'VIX'] loaded
2026-05-06 01:41:43,117 [INFO] SIGNAL: EUR_USD BUY 90.0% | News: BEARISH | COT: NEUTRAL | Regime: RANGING
2026-05-06 01:41:45,120 [INFO] setting up API-client for environment practice
2026-05-06 01:41:45,120 [INFO] performing request https://api-fxpractice.oanda.com/v3/instruments/GBP_USD/candles
2026-05-06 01:41:47,008 [INFO] SIGNAL: GBP_USD BUY 115.0% | News: NEUTRAL | COT: NEUTRAL | Regime: RANGING
2026-05-06 01:41:49,012 [INFO] setting up API-client for environment practice
2026-05-06 01:41:49,013 [INFO] performing request https://api-fxpractice.oanda.com/v3/instruments/USD_JPY/candles
2026-05-06 01:41:50,743 [INFO] SIGNAL: USD_JPY BUY 77.1% | News: NEUTRAL | COT: NEUTRAL | Regime: RANGING
2026-05-06 01:41:52,751 [INFO] setting up API-client for environment practice
2026-05-06 01:41:52,751 [INFO] performing request https://api-fxpractice.oanda.com/v3/instruments/AUD_USD/candles
2026-05-06 01:41:55,125 [INFO] SIGNAL: AUD_USD BUY 102.4% | News: NEUTRAL | COT: NEUTRAL | Regime: RANGING
2026-05-06 01:41:57,136 [INFO] setting up API-client for environment practice
2026-05-06 01:41:57,136 [INFO] performing request https://api-fxpractice.oanda.com/v3/instruments/USD_CAD/candles
2026-05-06 01:41:58,891 [INFO] SIGNAL: USD_CAD BUY 69.0% | News: NEUTRAL | COT: NEUTRAL | Regime: RANGING
2026-05-06 01:42:00,910 [INFO] Cycle #11 done. Trades in memory: 36 | WR: 88.9% | RL episodes: 36
2026-05-06 01:42:43,260 [INFO] Learned: EUR_USD LOSS | WR: 86.5% | RL: 37
2026-05-06 01:42:47,044 [INFO] Learned: GBP_USD WIN | WR: 86.8% | RL: 38
2026-05-06 01:42:50,886 [INFO] Learned: USD_JPY WIN | WR: 87.2% | RL: 39
2026-05-06 01:42:55,173 [INFO] Learned: AUD_USD WIN | WR: 87.5% | RL: 40
2026-05-06 01:42:59,033 [INFO] Learned: USD_CAD WIN | WR: 87.8% | RL: 41
2026-05-06 01:57:00,911 [INFO] setting up API-client for environment practice
2026-05-06 01:57:00,911 [INFO] performing request https://api-fxpractice.oanda.com/v3/instruments/EUR_USD/candles
2026-05-06 01:57:03,968 [INFO] SIGNAL: EUR_USD BUY 90.0% | News: BEARISH | COT: NEUTRAL | Regime: RANGING
2026-05-06 01:57:05,976 [INFO] setting up API-client for environment practice
2026-05-06 01:57:05,976 [INFO] performing request https://api-fxpractice.oanda.com/v3/instruments/GBP_USD/candles
2026-05-06 01:57:07,710 [INFO] SIGNAL: GBP_USD BUY 115.0% | News: NEUTRAL | COT: NEUTRAL | Regime: RANGING
2026-05-06 01:57:09,711 [INFO] setting up API-client for environment practice
2026-05-06 01:57:09,711 [INFO] performing request https://api-fxpractice.oanda.com/v3/instruments/USD_JPY/candles
2026-05-06 01:57:11,706 [INFO] SIGNAL: USD_JPY BUY 104.7% | News: NEUTRAL | COT: NEUTRAL | Regime: RANGING
2026-05-06 01:57:13,727 [INFO] setting up API-client for environment practice
2026-05-06 01:57:13,728 [INFO] performing request https://api-fxpractice.oanda.com/v3/instruments/AUD_USD/candles
2026-05-06 01:57:15,538 [INFO] SIGNAL: AUD_USD BUY 102.8% | News: NEUTRAL | COT: NEUTRAL | Regime: RANGING
2026-05-06 01:57:17,554 [INFO] setting up API-client for environment practice
2026-05-06 01:57:17,554 [INFO] performing request https://api-fxpractice.oanda.com/v3/instruments/USD_CAD/candles
2026-05-06 01:57:18,373 [INFO] USD_CAD: 47.5% below 65.0% threshold. Skip.
2026-05-06 01:57:20,375 [INFO] Cycle #12 done. Trades in memory: 41 | WR: 87.8% | RL episodes: 41
2026-05-06 01:58:04,052 [INFO] Learned: EUR_USD WIN | WR: 88.1% | RL: 42
2026-05-06 01:58:07,732 [INFO] Learned: GBP_USD WIN | WR: 88.4% | RL: 43
2026-05-06 01:58:11,757 [INFO] Learned: USD_JPY WIN | WR: 88.6% | RL: 44
2026-05-06 01:58:15,589 [INFO] Learned: AUD_USD WIN | WR: 88.9% | RL: 45
2026-05-06 02:12:20,377 [INFO] setting up API-client for environment practice
2026-05-06 02:12:20,377 [INFO] performing request https://api-fxpractice.oanda.com/v3/instruments/EUR_USD/candles
2026-05-06 02:12:22,148 [INFO] ForexFactory: 115 events loaded
2026-05-06 02:12:23,244 [INFO] News: 20 articles fetched
2026-05-06 02:12:24,453 [INFO] Correlations: ['DXY', 'GOLD', 'OIL', 'SP500', 'VIX'] loaded
2026-05-06 02:12:27,181 [INFO] SIGNAL: EUR_USD BUY 85.0% | News: NEUTRAL | COT: NEUTRAL | Regime: RANGING
2026-05-06 02:12:29,195 [INFO] setting up API-client for environment practice
2026-05-06 02:12:29,195 [INFO] performing request https://api-fxpractice.oanda.com/v3/instruments/GBP_USD/candles
2026-05-06 02:12:30,001 [INFO] GBP_USD: 50.5% below 65.0% threshold. Skip.
2026-05-06 02:12:32,003 [INFO] setting up API-client for environment practice
2026-05-06 02:12:32,010 [INFO] performing request https://api-fxpractice.oanda.com/v3/instruments/USD_JPY/candles
2026-05-06 02:12:33,802 [INFO] SIGNAL: USD_JPY BUY 105.2% | News: NEUTRAL | COT: NEUTRAL | Regime: RANGING
2026-05-06 02:12:35,812 [INFO] setting up API-client for environment practice
2026-05-06 02:12:35,812 [INFO] performing request https://api-fxpractice.oanda.com/v3/instruments/AUD_USD/candles
2026-05-06 02:12:37,776 [INFO] SIGNAL: AUD_USD BUY 76.4% | News: NEUTRAL | COT: NEUTRAL | Regime: RANGING
2026-05-06 02:12:39,790 [INFO] setting up API-client for environment practice
2026-05-06 02:12:39,790 [INFO] performing request https://api-fxpractice.oanda.com/v3/instruments/USD_CAD/candles
2026-05-06 02:12:41,376 [INFO] SIGNAL: USD_CAD BUY 65.4% | News: NEUTRAL | COT: NEUTRAL | Regime: RANGING
2026-05-06 02:12:43,380 [INFO] Cycle #13 done. Trades in memory: 45 | WR: 88.9% | RL episodes: 45
2026-05-06 02:13:27,209 [INFO] Learned: EUR_USD WIN | WR: 89.1% | RL: 46
2026-05-06 02:13:33,925 [INFO] Learned: USD_JPY WIN | WR: 89.4% | RL: 47
2026-05-06 02:13:37,810 [INFO] Learned: AUD_USD WIN | WR: 89.6% | RL: 48
2026-05-06 02:13:41,406 [INFO] Learned: USD_CAD WIN | WR: 89.8% | RL: 49
2026-05-06 02:27:43,382 [INFO] setting up API-client for environment practice
2026-05-06 02:27:43,384 [INFO] performing request https://api-fxpractice.oanda.com/v3/instruments/EUR_USD/candles
2026-05-06 02:27:45,305 [INFO] SIGNAL: EUR_USD BUY 115.0% | News: NEUTRAL | COT: NEUTRAL | Regime: RANGING
2026-05-06 02:27:47,310 [INFO] setting up API-client for environment practice
2026-05-06 02:27:47,310 [INFO] performing request https://api-fxpractice.oanda.com/v3/instruments/GBP_USD/candles
2026-05-06 02:27:48,304 [INFO] GBP_USD: 49.3% below 65.0% threshold. Skip.
2026-05-06 02:27:50,307 [INFO] setting up API-client for environment practice
2026-05-06 02:27:50,307 [INFO] performing request https://api-fxpractice.oanda.com/v3/instruments/USD_JPY/candles
2026-05-06 02:27:52,043 [INFO] SIGNAL: USD_JPY BUY 78.1% | News: NEUTRAL | COT: NEUTRAL | Regime: RANGING
2026-05-06 02:27:54,050 [INFO] setting up API-client for environment practice
2026-05-06 02:27:54,050 [INFO] performing request https://api-fxpractice.oanda.com/v3/instruments/AUD_USD/candles
2026-05-06 02:27:55,919 [INFO] SIGNAL: AUD_USD BUY 103.9% | News: NEUTRAL | COT: NEUTRAL | Regime: RANGING
2026-05-06 02:27:57,937 [INFO] setting up API-client for environment practice
2026-05-06 02:27:57,937 [INFO] performing request https://api-fxpractice.oanda.com/v3/instruments/USD_CAD/candles
2026-05-06 02:27:59,620 [INFO] SIGNAL: USD_CAD BUY 86.1% | News: NEUTRAL | COT: NEUTRAL | Regime: RANGING
2026-05-06 02:28:01,624 [INFO] Cycle #14 done. Trades in memory: 49 | WR: 89.8% | RL episodes: 49
2026-05-06 02:28:45,322 [INFO] Learned: EUR_USD WIN | WR: 90.0% | RL: 50
2026-05-06 02:28:52,167 [INFO] Learned: USD_JPY WIN | WR: 90.2% | RL: 51
2026-05-06 02:28:55,980 [INFO] Learned: AUD_USD WIN | WR: 90.4% | RL: 52
2026-05-06 02:28:59,643 [INFO] Learned: USD_CAD WIN | WR: 90.6% | RL: 53
2026-05-06 02:43:01,626 [INFO] setting up API-client for environment practice
2026-05-06 02:43:01,626 [INFO] performing request https://api-fxpractice.oanda.com/v3/instruments/EUR_USD/candles
2026-05-06 02:43:04,149 [INFO] News: 20 articles fetched
2026-05-06 02:43:05,327 [INFO] Correlations: ['DXY', 'GOLD', 'OIL', 'SP500', 'VIX'] loaded
2026-05-06 02:43:08,245 [INFO] SIGNAL: EUR_USD BUY 115.0% | News: NEUTRAL | COT: NEUTRAL | Regime: RANGING
2026-05-06 02:43:10,251 [INFO] setting up API-client for environment practice
2026-05-06 02:43:10,251 [INFO] performing request https://api-fxpractice.oanda.com/v3/instruments/GBP_USD/candles
2026-05-06 02:43:11,067 [INFO] GBP_USD: 47.3% below 65.0% threshold. Skip.
2026-05-06 02:43:13,080 [INFO] setting up API-client for environment practice
2026-05-06 02:43:13,080 [INFO] performing request https://api-fxpractice.oanda.com/v3/instruments/USD_JPY/candles
2026-05-06 02:43:14,801 [INFO] SIGNAL: USD_JPY BUY 106.2% | News: NEUTRAL | COT: NEUTRAL | Regime: RANGING
2026-05-06 02:43:16,805 [INFO] setting up API-client for environment practice
2026-05-06 02:43:16,805 [INFO] performing request https://api-fxpractice.oanda.com/v3/instruments/AUD_USD/candles
2026-05-06 02:43:18,871 [INFO] SIGNAL: AUD_USD BUY 104.4% | News: NEUTRAL | COT: NEUTRAL | Regime: RANGING
2026-05-06 02:43:20,875 [INFO] setting up API-client for environment practice
2026-05-06 02:43:20,875 [INFO] performing request https://api-fxpractice.oanda.com/v3/instruments/USD_CAD/candles
2026-05-06 02:43:22,793 [INFO] SIGNAL: USD_CAD SELL 76.3% | News: NEUTRAL | COT: NEUTRAL | Regime: RANGING
2026-05-06 02:43:24,803 [INFO] Cycle #15 done. Trades in memory: 53 | WR: 90.6% | RL episodes: 53
2026-05-06 02:44:08,297 [INFO] Learned: EUR_USD WIN | WR: 90.7% | RL: 54
2026-05-06 02:44:14,863 [INFO] Learned: USD_JPY WIN | WR: 90.9% | RL: 55
2026-05-06 02:44:18,914 [INFO] Learned: AUD_USD WIN | WR: 91.1% | RL: 56
2026-05-06 02:44:22,938 [INFO] Learned: USD_CAD WIN | WR: 91.2% | RL: 57
2026-05-06 02:58:24,804 [INFO] setting up API-client for environment practice
2026-05-06 02:58:24,804 [INFO] performing request https://api-fxpractice.oanda.com/v3/instruments/EUR_USD/candles
2026-05-06 02:58:26,543 [INFO] SIGNAL: EUR_USD BUY 115.0% | News: NEUTRAL | COT: NEUTRAL | Regime: RANGING
2026-05-06 02:58:28,549 [INFO] setting up API-client for environment practice
2026-05-06 02:58:28,549 [INFO] performing request https://api-fxpractice.oanda.com/v3/instruments/GBP_USD/candles
2026-05-06 02:58:29,588 [INFO] GBP_USD: 61.5% below 65.0% threshold. Skip.
2026-05-06 02:58:31,592 [INFO] setting up API-client for environment practice
2026-05-06 02:58:31,592 [INFO] performing request https://api-fxpractice.oanda.com/v3/instruments/USD_JPY/candles
2026-05-06 02:58:33,332 [INFO] SIGNAL: USD_JPY BUY 106.8% | News: NEUTRAL | COT: NEUTRAL | Regime: RANGING
2026-05-06 02:58:35,341 [INFO] setting up API-client for environment practice
2026-05-06 02:58:35,341 [INFO] performing request https://api-fxpractice.oanda.com/v3/instruments/AUD_USD/candles
2026-05-06 02:58:37,133 [INFO] SIGNAL: AUD_USD BUY 105.2% | News: NEUTRAL | COT: NEUTRAL | Regime: RANGING
2026-05-06 02:58:39,140 [INFO] setting up API-client for environment practice
2026-05-06 02:58:39,140 [INFO] performing request https://api-fxpractice.oanda.com/v3/instruments/USD_CAD/candles
2026-05-06 02:58:39,965 [INFO] USD_CAD: 54.6% below 65.0% threshold. Skip.
2026-05-06 02:58:41,969 [INFO] Cycle #16 done. Trades in memory: 57 | WR: 91.2% | RL episodes: 57
2026-05-06 02:59:26,581 [INFO] Learned: EUR_USD WIN | WR: 91.4% | RL: 58
2026-05-06 02:59:33,373 [INFO] Learned: USD_JPY WIN | WR: 91.5% | RL: 59
2026-05-06 02:59:37,179 [INFO] Learned: AUD_USD WIN | WR: 91.7% | RL: 60
2026-05-06 03:13:41,970 [INFO] setting up API-client for environment practice
2026-05-06 03:13:41,970 [INFO] performing request https://api-fxpractice.oanda.com/v3/instruments/EUR_USD/candles
2026-05-06 03:13:45,810 [INFO] ForexFactory: 115 events loaded
2026-05-06 03:13:46,790 [INFO] News: 20 articles fetched
2026-05-06 03:13:47,887 [INFO] Correlations: ['DXY', 'GOLD', 'OIL', 'SP500', 'VIX'] loaded
2026-05-06 03:13:50,382 [INFO] SIGNAL: EUR_USD BUY 115.0% | News: NEUTRAL | COT: NEUTRAL | Regime: RANGING
2026-05-06 03:13:52,400 [INFO] setting up API-client for environment practice
2026-05-06 03:13:52,400 [INFO] performing request https://api-fxpractice.oanda.com/v3/instruments/GBP_USD/candles
2026-05-06 03:13:54,368 [INFO] SIGNAL: GBP_USD BUY 96.3% | News: NEUTRAL | COT: NEUTRAL | Regime: RANGING
2026-05-06 03:13:56,379 [INFO] setting up API-client for environment practice
2026-05-06 03:13:56,379 [INFO] performing request https://api-fxpractice.oanda.com/v3/instruments/USD_JPY/candles
2026-05-06 03:13:58,256 [INFO] SIGNAL: USD_JPY BUY 106.9% | News: NEUTRAL | COT: NEUTRAL | Regime: RANGING
2026-05-06 03:14:00,267 [INFO] setting up API-client for environment practice
2026-05-06 03:14:00,268 [INFO] performing request https://api-fxpractice.oanda.com/v3/instruments/AUD_USD/candles
2026-05-06 03:14:02,268 [INFO] SIGNAL: AUD_USD BUY 77.7% | News: NEUTRAL | COT: NEUTRAL | Regime: RANGING
2026-05-06 03:14:04,278 [INFO] setting up API-client for environment practice
2026-05-06 03:14:04,278 [INFO] performing request https://api-fxpractice.oanda.com/v3/instruments/USD_CAD/candles
2026-05-06 03:14:06,204 [INFO] SIGNAL: USD_CAD SELL 66.4% | News: NEUTRAL | COT: NEUTRAL | Regime: RANGING
2026-05-06 03:14:08,211 [INFO] Cycle #17 done. Trades in memory: 60 | WR: 91.7% | RL episodes: 60
2026-05-06 03:14:50,436 [INFO] Learned: EUR_USD WIN | WR: 91.8% | RL: 61
2026-05-06 03:14:54,421 [INFO] Learned: GBP_USD WIN | WR: 91.9% | RL: 62
2026-05-06 03:14:58,292 [INFO] Learned: USD_JPY WIN | WR: 92.1% | RL: 63
2026-05-06 03:15:02,319 [INFO] Learned: AUD_USD WIN | WR: 92.2% | RL: 64
2026-05-06 03:15:06,243 [INFO] Learned: USD_CAD LOSS | WR: 90.8% | RL: 65
2026-05-06 03:29:08,212 [INFO] setting up API-client for environment practice
2026-05-06 03:29:08,214 [INFO] performing request https://api-fxpractice.oanda.com/v3/instruments/EUR_USD/candles
2026-05-06 03:29:10,267 [INFO] SIGNAL: EUR_USD BUY 85.0% | News: NEUTRAL | COT: NEUTRAL | Regime: RANGING
2026-05-06 03:29:12,276 [INFO] setting up API-client for environment practice
2026-05-06 03:29:12,277 [INFO] performing request https://api-fxpractice.oanda.com/v3/instruments/GBP_USD/candles
2026-05-06 03:29:13,010 [INFO] GBP_USD: 45.9% below 65.0% threshold. Skip.
2026-05-06 03:29:15,019 [INFO] setting up API-client for environment practice
2026-05-06 03:29:15,019 [INFO] performing request https://api-fxpractice.oanda.com/v3/instruments/USD_JPY/candles
2026-05-06 03:29:17,095 [INFO] SIGNAL: USD_JPY BUY 106.8% | News: NEUTRAL | COT: NEUTRAL | Regime: RANGING
2026-05-06 03:29:19,098 [INFO] setting up API-client for environment practice
2026-05-06 03:29:19,098 [INFO] performing request https://api-fxpractice.oanda.com/v3/instruments/AUD_USD/candles
2026-05-06 03:29:20,965 [INFO] SIGNAL: AUD_USD BUY 105.0% | News: NEUTRAL | COT: NEUTRAL | Regime: RANGING
2026-05-06 03:29:22,973 [INFO] setting up API-client for environment practice
2026-05-06 03:29:22,973 [INFO] performing request https://api-fxpractice.oanda.com/v3/instruments/USD_CAD/candles
2026-05-06 03:29:23,753 [INFO] USD_CAD: 52.3% below 65.0% threshold. Skip.
2026-05-06 03:29:25,756 [INFO] Cycle #18 done. Trades in memory: 65 | WR: 90.8% | RL episodes: 65
2026-05-06 03:30:10,289 [INFO] Learned: EUR_USD WIN | WR: 90.9% | RL: 66
2026-05-06 03:30:17,140 [INFO] Learned: USD_JPY WIN | WR: 91.0% | RL: 67
2026-05-06 03:30:21,023 [INFO] Learned: AUD_USD WIN | WR: 91.2% | RL: 68
2026-05-06 03:44:25,757 [INFO] setting up API-client for environment practice
2026-05-06 03:44:25,760 [INFO] performing request https://api-fxpractice.oanda.com/v3/instruments/EUR_USD/candles
2026-05-06 03:44:28,441 [INFO] News: 20 articles fetched
2026-05-06 03:44:29,428 [INFO] Correlations: ['DXY', 'GOLD', 'OIL', 'SP500', 'VIX'] loaded
2026-05-06 03:44:29,430 [INFO] EUR_USD: 62.5% below 65.0% threshold. Skip.
2026-05-06 03:44:31,432 [INFO] setting up API-client for environment practice
2026-05-06 03:44:31,433 [INFO] performing request https://api-fxpractice.oanda.com/v3/instruments/GBP_USD/candles
2026-05-06 03:44:32,263 [INFO] GBP_USD: 45.3% below 65.0% threshold. Skip.
2026-05-06 03:44:34,265 [INFO] setting up API-client for environment practice
2026-05-06 03:44:34,266 [INFO] performing request https://api-fxpractice.oanda.com/v3/instruments/USD_JPY/candles
2026-05-06 03:44:37,624 [INFO] SIGNAL: USD_JPY BUY 92.9% | News: NEUTRAL | COT: NEUTRAL | Regime: RANGING
2026-05-06 03:44:39,627 [INFO] setting up API-client for environment practice
2026-05-06 03:44:39,628 [INFO] performing request https://api-fxpractice.oanda.com/v3/instruments/AUD_USD/candles
2026-05-06 03:44:41,573 [INFO] SIGNAL: AUD_USD BUY 77.7% | News: NEUTRAL | COT: NEUTRAL | Regime: RANGING
2026-05-06 03:44:43,575 [INFO] setting up API-client for environment practice
2026-05-06 03:44:43,577 [INFO] performing request https://api-fxpractice.oanda.com/v3/instruments/USD_CAD/candles
2026-05-06 03:44:45,378 [INFO] SIGNAL: USD_CAD BUY 84.3% | News: NEUTRAL | COT: NEUTRAL | Regime: RANGING
2026-05-06 03:44:47,379 [INFO] Cycle #19 done. Trades in memory: 68 | WR: 91.2% | RL episodes: 68
2026-05-06 03:45:37,667 [INFO] Learned: USD_JPY LOSS | WR: 89.9% | RL: 69
2026-05-06 03:45:41,621 [INFO] Learned: AUD_USD LOSS | WR: 88.6% | RL: 70
2026-05-06 03:45:45,425 [INFO] Learned: USD_CAD WIN | WR: 88.7% | RL: 71
2026-05-06 03:59:47,380 [INFO] setting up API-client for environment practice
2026-05-06 03:59:47,383 [INFO] performing request https://api-fxpractice.oanda.com/v3/instruments/EUR_USD/candles
2026-05-06 03:59:49,650 [INFO] EUR_USD: 56.2% below 65.0% threshold. Skip.
2026-05-06 03:59:51,652 [INFO] setting up API-client for environment practice
2026-05-06 03:59:51,652 [INFO] performing request https://api-fxpractice.oanda.com/v3/instruments/GBP_USD/candles
2026-05-06 03:59:52,431 [INFO] GBP_USD: 48.1% below 65.0% threshold. Skip.
2026-05-06 03:59:54,433 [INFO] setting up API-client for environment practice
2026-05-06 03:59:54,434 [INFO] performing request https://api-fxpractice.oanda.com/v3/instruments/USD_JPY/candles
2026-05-06 03:59:56,427 [INFO] SIGNAL: USD_JPY BUY 91.8% | News: NEUTRAL | COT: NEUTRAL | Regime: RANGING
2026-05-06 03:59:58,430 [INFO] setting up API-client for environment practice
2026-05-06 03:59:58,431 [INFO] performing request https://api-fxpractice.oanda.com/v3/instruments/AUD_USD/candles
2026-05-06 04:00:00,985 [INFO] SIGNAL: AUD_USD BUY 104.5% | News: NEUTRAL | COT: NEUTRAL | Regime: RANGING
2026-05-06 04:00:02,988 [INFO] setting up API-client for environment practice
2026-05-06 04:00:02,989 [INFO] performing request https://api-fxpractice.oanda.com/v3/instruments/USD_CAD/candles
2026-05-06 04:00:04,890 [INFO] SIGNAL: USD_CAD BUY 82.0% | News: NEUTRAL | COT: NEUTRAL | Regime: RANGING
2026-05-06 04:00:06,893 [INFO] Cycle #20 done. Trades in memory: 71 | WR: 88.7% | RL episodes: 71
2026-05-06 04:00:56,579 [INFO] Learned: USD_JPY LOSS | WR: 87.5% | RL: 72
2026-05-06 04:01:01,034 [INFO] Learned: AUD_USD WIN | WR: 87.7% | RL: 73
2026-05-06 04:01:04,939 [INFO] Learned: USD_CAD WIN | WR: 87.8% | RL: 74
2026-05-06 04:15:06,894 [INFO] setting up API-client for environment practice
2026-05-06 04:15:06,896 [INFO] performing request https://api-fxpractice.oanda.com/v3/instruments/EUR_USD/candles
2026-05-06 04:15:08,178 [INFO] ForexFactory: 115 events loaded
2026-05-06 04:15:09,307 [INFO] News: 20 articles fetched
2026-05-06 04:15:11,907 [INFO] Correlations: ['DXY', 'GOLD', 'OIL', 'SP500', 'VIX'] loaded
2026-05-06 04:15:11,910 [INFO] EUR_USD: 58.5% below 65.0% threshold. Skip.
2026-05-06 04:15:13,911 [INFO] setting up API-client for environment practice
2026-05-06 04:15:13,911 [INFO] performing request https://api-fxpractice.oanda.com/v3/instruments/GBP_USD/candles
2026-05-06 04:15:14,726 [INFO] GBP_USD: 48.6% below 65.0% threshold. Skip.
2026-05-06 04:15:16,727 [INFO] setting up API-client for environment practice
2026-05-06 04:15:16,727 [INFO] performing request https://api-fxpractice.oanda.com/v3/instruments/USD_JPY/candles
2026-05-06 04:15:20,291 [INFO] SIGNAL: USD_JPY BUY 92.1% | News: NEUTRAL | COT: NEUTRAL | Regime: RANGING
2026-05-06 04:15:22,294 [INFO] setting up API-client for environment practice
2026-05-06 04:15:22,295 [INFO] performing request https://api-fxpractice.oanda.com/v3/instruments/AUD_USD/candles
2026-05-06 04:15:24,005 [INFO] SIGNAL: AUD_USD BUY 104.7% | News: NEUTRAL | COT: NEUTRAL | Regime: RANGING
2026-05-06 04:15:26,008 [INFO] setting up API-client for environment practice
2026-05-06 04:15:26,009 [INFO] performing request https://api-fxpractice.oanda.com/v3/instruments/USD_CAD/candles
2026-05-06 04:15:27,826 [INFO] SIGNAL: USD_CAD BUY 87.0% | News: NEUTRAL | COT: NEUTRAL | Regime: RANGING
2026-05-06 04:15:29,829 [INFO] Cycle #21 done. Trades in memory: 74 | WR: 87.8% | RL episodes: 74
2026-05-06 04:16:21,913 [INFO] Learned: USD_JPY LOSS | WR: 86.7% | RL: 75
2026-05-06 04:16:24,062 [INFO] Learned: AUD_USD WIN | WR: 86.8% | RL: 76
2026-05-06 04:16:27,858 [INFO] Learned: USD_CAD WIN | WR: 87.0% | RL: 77
2026-05-06 04:30:29,831 [INFO] setting up API-client for environment practice
2026-05-06 04:30:29,833 [INFO] performing request https://api-fxpractice.oanda.com/v3/instruments/EUR_USD/candles
2026-05-06 04:30:30,820 [INFO] EUR_USD: 57.4% below 65.0% threshold. Skip.
2026-05-06 04:30:32,822 [INFO] setting up API-client for environment practice
2026-05-06 04:30:32,823 [INFO] performing request https://api-fxpractice.oanda.com/v3/instruments/GBP_USD/candles
2026-05-06 04:30:33,852 [INFO] GBP_USD: 54.2% below 65.0% threshold. Skip.
2026-05-06 04:30:35,854 [INFO] setting up API-client for environment practice
2026-05-06 04:30:35,855 [INFO] performing request https://api-fxpractice.oanda.com/v3/instruments/USD_JPY/candles
2026-05-06 04:30:37,683 [INFO] SIGNAL: USD_JPY BUY 115.0% | News: NEUTRAL | COT: NEUTRAL | Regime: RANGING
2026-05-06 04:30:39,686 [INFO] setting up API-client for environment practice
2026-05-06 04:30:39,686 [INFO] performing request https://api-fxpractice.oanda.com/v3/instruments/AUD_USD/candles
2026-05-06 04:30:41,464 [INFO] SIGNAL: AUD_USD BUY 77.4% | News: NEUTRAL | COT: NEUTRAL | Regime: RANGING
2026-05-06 04:30:43,467 [INFO] setting up API-client for environment practice
2026-05-06 04:30:43,468 [INFO] performing request https://api-fxpractice.oanda.com/v3/instruments/USD_CAD/candles
2026-05-06 04:30:45,453 [INFO] SIGNAL: USD_CAD SELL 85.0% | News: NEUTRAL | COT: NEUTRAL | Regime: RANGING
2026-05-06 04:30:47,456 [INFO] Cycle #22 done. Trades in memory: 77 | WR: 87.0% | RL episodes: 77
2026-05-06 04:31:37,737 [INFO] Learned: USD_JPY WIN | WR: 87.2% | RL: 78
2026-05-06 04:31:41,491 [INFO] Learned: AUD_USD WIN | WR: 87.3% | RL: 79
2026-05-06 04:31:45,494 [INFO] Learned: USD_CAD WIN | WR: 87.5% | RL: 80
2026-05-06 04:45:47,457 [INFO] setting up API-client for environment practice
2026-05-06 04:45:47,458 [INFO] performing request https://api-fxpractice.oanda.com/v3/instruments/EUR_USD/candles
2026-05-06 04:45:49,269 [INFO] News: 17 articles fetched
2026-05-06 04:45:50,390 [INFO] Correlations: ['DXY', 'GOLD', 'OIL', 'SP500', 'VIX'] loaded
2026-05-06 04:45:53,178 [INFO] SIGNAL: EUR_USD BUY 92.0% | News: NEUTRAL | COT: NEUTRAL | Regime: RANGING
2026-05-06 04:45:55,181 [INFO] setting up API-client for environment practice
2026-05-06 04:45:55,182 [INFO] performing request https://api-fxpractice.oanda.com/v3/instruments/GBP_USD/candles
2026-05-06 04:45:57,016 [INFO] SIGNAL: GBP_USD BUY 115.0% | News: NEUTRAL | COT: NEUTRAL | Regime: RANGING
2026-05-06 04:45:59,019 [INFO] setting up API-client for environment practice
2026-05-06 04:45:59,019 [INFO] performing request https://api-fxpractice.oanda.com/v3/instruments/USD_JPY/candles
2026-05-06 04:46:00,274 [INFO] USD_JPY: 63.1% below 65.0% threshold. Skip.
2026-05-06 04:46:02,276 [INFO] setting up API-client for environment practice
2026-05-06 04:46:02,277 [INFO] performing request https://api-fxpractice.oanda.com/v3/instruments/AUD_USD/candles
2026-05-06 04:46:04,185 [INFO] SIGNAL: AUD_USD BUY 78.3% | News: NEUTRAL | COT: NEUTRAL | Regime: RANGING
2026-05-06 04:46:06,187 [INFO] setting up API-client for environment practice
2026-05-06 04:46:06,188 [INFO] performing request https://api-fxpractice.oanda.com/v3/instruments/USD_CAD/candles
2026-05-06 04:46:08,231 [INFO] SIGNAL: USD_CAD SELL 77.2% | News: NEUTRAL | COT: NEUTRAL | Regime: RANGING
2026-05-06 04:46:10,234 [INFO] Cycle #23 done. Trades in memory: 80 | WR: 87.5% | RL episodes: 80
2026-05-06 04:46:53,232 [INFO] Learned: EUR_USD WIN | WR: 87.7% | RL: 81
2026-05-06 04:46:57,036 [INFO] Learned: GBP_USD WIN | WR: 87.8% | RL: 82
2026-05-06 04:47:04,245 [INFO] Learned: AUD_USD LOSS | WR: 86.7% | RL: 83
2026-05-06 04:47:08,254 [INFO] Learned: USD_CAD LOSS | WR: 85.7% | RL: 84
2026-05-06 05:01:10,234 [INFO] setting up API-client for environment practice
2026-05-06 05:01:10,234 [INFO] performing request https://api-fxpractice.oanda.com/v3/instruments/EUR_USD/candles
2026-05-06 05:01:11,903 [INFO] SIGNAL: EUR_USD BUY 90.1% | News: NEUTRAL | COT: NEUTRAL | Regime: RANGING
2026-05-06 05:01:13,904 [INFO] setting up API-client for environment practice
2026-05-06 05:01:13,906 [INFO] performing request https://api-fxpractice.oanda.com/v3/instruments/GBP_USD/candles
2026-05-06 05:01:17,274 [INFO] SIGNAL: GBP_USD BUY 93.7% | News: NEUTRAL | COT: NEUTRAL | Regime: RANGING
2026-05-06 05:01:19,277 [INFO] setting up API-client for environment practice
2026-05-06 05:01:19,278 [INFO] performing request https://api-fxpractice.oanda.com/v3/instruments/USD_JPY/candles
2026-05-06 05:01:21,229 [INFO] SIGNAL: USD_JPY BUY 91.3% | News: NEUTRAL | COT: NEUTRAL | Regime: RANGING
2026-05-06 05:01:23,231 [INFO] setting up API-client for environment practice
2026-05-06 05:01:23,327 [INFO] performing request https://api-fxpractice.oanda.com/v3/instruments/AUD_USD/candles
2026-05-06 05:01:25,202 [INFO] SIGNAL: AUD_USD BUY 105.1% | News: NEUTRAL | COT: NEUTRAL | Regime: RANGING
2026-05-06 05:01:27,204 [INFO] setting up API-client for environment practice
2026-05-06 05:01:27,206 [INFO] performing request https://api-fxpractice.oanda.com/v3/instruments/USD_CAD/candles
2026-05-06 05:01:29,155 [INFO] SIGNAL: USD_CAD SELL 76.1% | News: NEUTRAL | COT: NEUTRAL | Regime: RANGING
2026-05-06 05:01:31,158 [INFO] Cycle #24 done. Trades in memory: 84 | WR: 85.7% | RL episodes: 84
2026-05-06 05:02:11,961 [INFO] Learned: EUR_USD WIN | WR: 85.9% | RL: 85
2026-05-06 05:02:17,435 [INFO] Learned: GBP_USD WIN | WR: 86.0% | RL: 86
2026-05-06 05:02:21,283 [INFO] Learned: USD_JPY WIN | WR: 86.2% | RL: 87
2026-05-06 05:02:25,256 [INFO] Learned: AUD_USD WIN | WR: 86.4% | RL: 88
2026-05-06 05:02:29,306 [INFO] Learned: USD_CAD LOSS | WR: 85.4% | RL: 89
2026-05-06 05:16:31,159 [INFO] setting up API-client for environment practice
2026-05-06 05:16:31,161 [INFO] performing request https://api-fxpractice.oanda.com/v3/instruments/EUR_USD/candles
2026-05-06 05:16:32,609 [INFO] ForexFactory: 115 events loaded
2026-05-06 05:16:33,589 [INFO] News: 17 articles fetched
2026-05-06 05:16:34,568 [INFO] Correlations: ['DXY', 'GOLD', 'OIL', 'SP500', 'VIX'] loaded
2026-05-06 05:16:37,250 [INFO] SIGNAL: EUR_USD BUY 91.1% | News: NEUTRAL | COT: NEUTRAL | Regime: RANGING
2026-05-06 05:16:39,255 [INFO] setting up API-client for environment practice
2026-05-06 05:16:39,255 [INFO] performing request https://api-fxpractice.oanda.com/v3/instruments/GBP_USD/candles
2026-05-06 05:16:41,002 [INFO] SIGNAL: GBP_USD BUY 69.3% | News: NEUTRAL | COT: NEUTRAL | Regime: RANGING
2026-05-06 05:16:43,005 [INFO] setting up API-client for environment practice
2026-05-06 05:16:43,005 [INFO] performing request https://api-fxpractice.oanda.com/v3/instruments/USD_JPY/candles
2026-05-06 05:16:44,854 [INFO] SIGNAL: USD_JPY BUY 115.0% | News: NEUTRAL | COT: NEUTRAL | Regime: RANGING
2026-05-06 05:16:46,856 [INFO] setting up API-client for environment practice
2026-05-06 05:16:46,858 [INFO] performing request https://api-fxpractice.oanda.com/v3/instruments/AUD_USD/candles
2026-05-06 05:16:48,469 [INFO] SIGNAL: AUD_USD BUY 105.6% | News: NEUTRAL | COT: NEUTRAL | Regime: RANGING
2026-05-06 05:16:50,470 [INFO] setting up API-client for environment practice
2026-05-06 05:16:50,471 [INFO] performing request https://api-fxpractice.oanda.com/v3/instruments/USD_CAD/candles
2026-05-06 05:16:52,203 [INFO] SIGNAL: USD_CAD SELL 76.7% | News: NEUTRAL | COT: NEUTRAL | Regime: RANGING
2026-05-06 05:16:54,206 [INFO] Cycle #25 done. Trades in memory: 89 | WR: 85.4% | RL episodes: 89
2026-05-06 05:17:37,314 [INFO] Learned: EUR_USD WIN | WR: 85.6% | RL: 90
2026-05-06 05:17:41,067 [INFO] Learned: GBP_USD WIN | WR: 85.7% | RL: 91
2026-05-06 05:17:44,886 [INFO] Learned: USD_JPY WIN | WR: 85.9% | RL: 92
2026-05-06 05:17:48,517 [INFO] Learned: AUD_USD WIN | WR: 86.0% | RL: 93
2026-05-06 05:17:52,369 [INFO] Learned: USD_CAD LOSS | WR: 85.1% | RL: 94
2026-05-06 05:31:54,207 [INFO] setting up API-client for environment practice
2026-05-06 05:31:54,209 [INFO] performing request https://api-fxpractice.oanda.com/v3/instruments/EUR_USD/candles
2026-05-06 05:31:56,678 [INFO] SIGNAL: EUR_USD BUY 104.7% | News: NEUTRAL | COT: NEUTRAL | Regime: RANGING
2026-05-06 05:31:58,681 [INFO] setting up API-client for environment practice
2026-05-06 05:31:58,682 [INFO] performing request https://api-fxpractice.oanda.com/v3/instruments/GBP_USD/candles
2026-05-06 05:32:00,730 [INFO] SIGNAL: GBP_USD BUY 74.8% | News: NEUTRAL | COT: NEUTRAL | Regime: RANGING
2026-05-06 05:32:02,732 [INFO] setting up API-client for environment practice
2026-05-06 05:32:02,733 [INFO] performing request https://api-fxpractice.oanda.com/v3/instruments/USD_JPY/candles
2026-05-06 05:32:04,439 [INFO] SIGNAL: USD_JPY BUY 115.0% | News: NEUTRAL | COT: NEUTRAL | Regime: RANGING
2026-05-06 05:32:06,442 [INFO] setting up API-client for environment practice
2026-05-06 05:32:06,443 [INFO] performing request https://api-fxpractice.oanda.com/v3/instruments/AUD_USD/candles
2026-05-06 05:32:08,635 [INFO] SIGNAL: AUD_USD BUY 81.9% | News: NEUTRAL | COT: NEUTRAL | Regime: TRENDING
2026-05-06 05:32:10,639 [INFO] setting up API-client for environment practice
2026-05-06 05:32:10,640 [INFO] performing request https://api-fxpractice.oanda.com/v3/instruments/USD_CAD/candles
2026-05-06 05:32:12,515 [INFO] SIGNAL: USD_CAD SELL 90.0% | News: NEUTRAL | COT: NEUTRAL | Regime: RANGING
2026-05-06 05:32:14,518 [INFO] Cycle #26 done. Trades in memory: 94 | WR: 85.1% | RL episodes: 94
2026-05-06 05:32:56,737 [INFO] Learned: EUR_USD WIN | WR: 85.3% | RL: 95
2026-05-06 05:33:00,786 [INFO] Learned: GBP_USD WIN | WR: 85.4% | RL: 96
2026-05-06 05:33:04,504 [INFO] Learned: USD_JPY WIN | WR: 85.6% | RL: 97
2026-05-06 05:33:08,808 [INFO] Learned: AUD_USD LOSS | WR: 84.7% | RL: 98
2026-05-06 05:33:12,559 [INFO] Learned: USD_CAD WIN | WR: 84.8% | RL: 99
2026-05-06 07:19:28,926 [INFO] setting up API-client for environment practice
2026-05-06 07:19:28,942 [INFO] performing request https://api-fxpractice.oanda.com/v3/instruments/EUR_USD/candles
2026-05-06 07:19:31,705 [INFO] ForexFactory: 115 events loaded
2026-05-06 07:19:34,448 [INFO] News: 19 articles fetched
2026-05-06 07:19:36,104 [INFO] Correlations: ['DXY', 'GOLD', 'OIL', 'SP500', 'VIX'] loaded
2026-05-06 07:19:36,137 [INFO] EUR_USD: 59.9% below 65.0% threshold. Skip.
2026-05-06 07:19:38,141 [INFO] setting up API-client for environment practice
2026-05-06 07:19:38,142 [INFO] performing request https://api-fxpractice.oanda.com/v3/instruments/GBP_USD/candles
2026-05-06 07:19:43,838 [INFO] SIGNAL: GBP_USD BUY 68.5% | News: BEARISH | COT: NEUTRAL | Regime: RANGING
2026-05-06 07:19:45,847 [INFO] setting up API-client for environment practice
2026-05-06 07:19:45,847 [INFO] performing request https://api-fxpractice.oanda.com/v3/instruments/USD_JPY/candles
2026-05-06 07:19:48,266 [INFO] SIGNAL: USD_JPY BUY 65.5% | News: BULLISH | COT: NEUTRAL | Regime: RANGING
2026-05-06 07:19:50,274 [INFO] setting up API-client for environment practice
2026-05-06 07:19:51,932 [INFO] performing request https://api-fxpractice.oanda.com/v3/instruments/AUD_USD/candles
2026-05-06 07:19:54,538 [INFO] SIGNAL: AUD_USD BUY 75.3% | News: BEARISH | COT: NEUTRAL | Regime: TRENDING
2026-05-06 07:19:56,543 [INFO] setting up API-client for environment practice
2026-05-06 07:19:56,543 [INFO] performing request https://api-fxpractice.oanda.com/v3/instruments/USD_CAD/candles
2026-05-06 07:20:00,652 [INFO] SIGNAL: USD_CAD SELL 78.4% | News: BULLISH | COT: NEUTRAL | Regime: RANGING
2026-05-06 07:20:02,654 [INFO] Cycle #27 done. Trades in memory: 99 | WR: 84.8% | RL episodes: 99
2026-05-06 07:20:43,904 [INFO] Learned: GBP_USD LOSS | WR: 84.0% | RL: 100
2026-05-06 07:20:48,331 [INFO] Learned: USD_JPY WIN | WR: 84.2% | RL: 101
2026-05-06 07:20:55,780 [INFO] Learned: AUD_USD WIN | WR: 84.3% | RL: 102
2026-05-06 07:21:00,719 [INFO] Learned: USD_CAD LOSS | WR: 83.5% | RL: 103
2026-05-06 07:35:02,655 [INFO] setting up API-client for environment practice
2026-05-06 07:35:02,657 [INFO] performing request https://api-fxpractice.oanda.com/v3/instruments/EUR_USD/candles
2026-05-06 07:35:06,322 [INFO] SIGNAL: EUR_USD BUY 69.8% | News: BEARISH | COT: NEUTRAL | Regime: RANGING
2026-05-06 07:35:08,330 [INFO] setting up API-client for environment practice
2026-05-06 07:35:08,331 [INFO] performing request https://api-fxpractice.oanda.com/v3/instruments/GBP_USD/candles
2026-05-06 07:35:11,321 [INFO] SIGNAL: GBP_USD BUY 90.0% | News: BEARISH | COT: NEUTRAL | Regime: RANGING
2026-05-06 07:35:13,328 [INFO] setting up API-client for environment practice
2026-05-06 07:35:13,328 [INFO] performing request https://api-fxpractice.oanda.com/v3/instruments/USD_JPY/candles
2026-05-06 07:35:15,844 [INFO] SIGNAL: USD_JPY BUY 65.6% | News: BULLISH | COT: NEUTRAL | Regime: RANGING
2026-05-06 07:35:17,853 [INFO] setting up API-client for environment practice
2026-05-06 07:35:17,853 [INFO] performing request https://api-fxpractice.oanda.com/v3/instruments/AUD_USD/candles
2026-05-06 07:35:20,444 [INFO] SIGNAL: AUD_USD BUY 107.0% | News: BEARISH | COT: NEUTRAL | Regime: TRENDING
2026-05-06 07:35:22,452 [INFO] setting up API-client for environment practice
2026-05-06 07:35:22,452 [INFO] performing request https://api-fxpractice.oanda.com/v3/instruments/USD_CAD/candles
2026-05-06 07:35:24,959 [INFO] SIGNAL: USD_CAD SELL 90.0% | News: BULLISH | COT: NEUTRAL | Regime: RANGING
2026-05-06 07:35:26,968 [INFO] Cycle #28 done. Trades in memory: 103 | WR: 83.5% | RL episodes: 103
2026-05-06 07:36:06,387 [INFO] Learned: EUR_USD WIN | WR: 83.7% | RL: 104
2026-05-06 07:36:11,400 [INFO] Learned: GBP_USD WIN | WR: 83.8% | RL: 105
2026-05-06 07:36:17,325 [INFO] Learned: USD_JPY LOSS | WR: 83.0% | RL: 106
2026-05-06 07:36:20,525 [INFO] Learned: AUD_USD WIN | WR: 83.2% | RL: 107
2026-05-06 07:36:25,022 [INFO] Learned: USD_CAD WIN | WR: 83.3% | RL: 108
2026-05-06 07:50:26,969 [INFO] setting up API-client for environment practice
2026-05-06 07:50:26,969 [INFO] performing request https://api-fxpractice.oanda.com/v3/instruments/EUR_USD/candles
2026-05-06 07:50:29,180 [INFO] News: 20 articles fetched
2026-05-06 07:50:30,035 [INFO] Correlations: ['DXY', 'GOLD', 'OIL', 'SP500', 'VIX'] loaded
2026-05-06 07:50:33,529 [INFO] SIGNAL: EUR_USD BUY 82.3% | News: NEUTRAL | COT: NEUTRAL | Regime: RANGING
2026-05-06 07:50:35,541 [INFO] setting up API-client for environment practice
2026-05-06 07:50:35,542 [INFO] performing request https://api-fxpractice.oanda.com/v3/instruments/GBP_USD/candles
2026-05-06 07:50:37,004 [INFO] SIGNAL: GBP_USD BUY 85.0% | News: NEUTRAL | COT: NEUTRAL | Regime: RANGING
2026-05-06 07:50:39,012 [INFO] setting up API-client for environment practice
2026-05-06 07:50:39,012 [INFO] performing request https://api-fxpractice.oanda.com/v3/instruments/USD_JPY/candles
2026-05-06 07:50:40,450 [INFO] SIGNAL: USD_JPY BUY 66.7% | News: NEUTRAL | COT: NEUTRAL | Regime: RANGING
2026-05-06 07:50:42,454 [INFO] setting up API-client for environment practice
2026-05-06 07:50:42,454 [INFO] performing request https://api-fxpractice.oanda.com/v3/instruments/AUD_USD/candles
2026-05-06 07:50:43,942 [INFO] SIGNAL: AUD_USD BUY 70.5% | News: NEUTRAL | COT: NEUTRAL | Regime: TRENDING
2026-05-06 07:50:45,945 [INFO] setting up API-client for environment practice
2026-05-06 07:50:45,945 [INFO] performing request https://api-fxpractice.oanda.com/v3/instruments/USD_CAD/candles
2026-05-06 07:50:47,425 [INFO] SIGNAL: USD_CAD SELL 90.0% | News: NEUTRAL | COT: NEUTRAL | Regime: RANGING
2026-05-06 07:50:49,429 [INFO] Cycle #29 done. Trades in memory: 108 | WR: 83.3% | RL episodes: 108
2026-05-06 07:51:33,683 [INFO] Learned: EUR_USD WIN | WR: 83.5% | RL: 109
2026-05-06 07:51:37,023 [INFO] Learned: GBP_USD WIN | WR: 83.6% | RL: 110
2026-05-06 07:51:40,469 [INFO] Learned: USD_JPY WIN | WR: 83.8% | RL: 111
2026-05-06 07:51:43,955 [INFO] Learned: AUD_USD WIN | WR: 83.9% | RL: 112
2026-05-06 07:51:47,468 [INFO] Learned: USD_CAD WIN | WR: 84.1% | RL: 113
2026-05-06 07:55:53,591 [INFO] 127.0.0.1 - - [06/May/2026 07:55:53] "GET / HTTP/1.1" 200 -
2026-05-06 07:55:59,151 [INFO] 127.0.0.1 - - [06/May/2026 07:55:59] "[33mGET /favicon.ico HTTP/1.1[0m" 404 -
2026-05-06 07:56:24,956 [INFO] 127.0.0.1 - - [06/May/2026 07:56:24] "GET / HTTP/1.1" 200 -
2026-05-06 07:56:55,070 [INFO] 127.0.0.1 - - [06/May/2026 07:56:55] "GET / HTTP/1.1" 200 -
2026-05-06 07:57:25,514 [INFO] 127.0.0.1 - - [06/May/2026 07:57:25] "GET / HTTP/1.1" 200 -
2026-05-06 07:57:55,569 [INFO] 127.0.0.1 - - [06/May/2026 07:57:55] "GET / HTTP/1.1" 200 -
2026-05-06 07:58:26,182 [INFO] 127.0.0.1 - - [06/May/2026 07:58:26] "GET / HTTP/1.1" 200 -
2026-05-06 07:58:56,586 [INFO] 127.0.0.1 - - [06/May/2026 07:58:56] "GET / HTTP/1.1" 200 -
2026-05-06 07:59:26,637 [INFO] 127.0.0.1 - - [06/May/2026 07:59:26] "GET / HTTP/1.1" 200 -
2026-05-06 07:59:57,009 [INFO] 127.0.0.1 - - [06/May/2026 07:59:57] "GET / HTTP/1.1" 200 -
2026-05-06 08:00:27,373 [INFO] 127.0.0.1 - - [06/May/2026 08:00:27] "GET / HTTP/1.1" 200 -
2026-05-06 08:00:57,431 [INFO] 127.0.0.1 - - [06/May/2026 08:00:57] "GET / HTTP/1.1" 200 -
2026-05-06 08:01:27,866 [INFO] 127.0.0.1 - - [06/May/2026 08:01:27] "GET / HTTP/1.1" 200 -
2026-05-06 08:01:57,935 [INFO] 127.0.0.1 - - [06/May/2026 08:01:57] "GET / HTTP/1.1" 200 -
2026-05-06 08:02:28,287 [INFO] 127.0.0.1 - - [06/May/2026 08:02:28] "GET / HTTP/1.1" 200 -
2026-05-06 08:02:58,354 [INFO] 127.0.0.1 - - [06/May/2026 08:02:58] "GET / HTTP/1.1" 200 -
2026-05-06 08:03:28,761 [INFO] 127.0.0.1 - - [06/May/2026 08:03:28] "GET / HTTP/1.1" 200 -
2026-05-06 08:03:58,811 [INFO] 127.0.0.1 - - [06/May/2026 08:03:58] "GET / HTTP/1.1" 200 -
2026-05-06 08:04:29,167 [INFO] 127.0.0.1 - - [06/May/2026 08:04:29] "GET / HTTP/1.1" 200 -
2026-05-06 08:04:59,234 [INFO] 127.0.0.1 - - [06/May/2026 08:04:59] "GET / HTTP/1.1" 200 -
2026-05-06 08:05:29,603 [INFO] 127.0.0.1 - - [06/May/2026 08:05:29] "GET / HTTP/1.1" 200 -
2026-05-06 08:05:49,433 [INFO] setting up API-client for environment practice
2026-05-06 08:05:49,439 [INFO] performing request https://api-fxpractice.oanda.com/v3/instruments/EUR_USD/candles
2026-05-06 08:05:52,843 [INFO] SIGNAL: EUR_USD BUY 105.2% | News: NEUTRAL | COT: NEUTRAL | Regime: RANGING
2026-05-06 08:05:54,846 [INFO] setting up API-client for environment practice
2026-05-06 08:05:54,846 [INFO] performing request https://api-fxpractice.oanda.com/v3/instruments/GBP_USD/candles
2026-05-06 08:05:56,807 [INFO] SIGNAL: GBP_USD BUY 115.0% | News: NEUTRAL | COT: NEUTRAL | Regime: RANGING
2026-05-06 08:05:58,812 [INFO] setting up API-client for environment practice
2026-05-06 08:05:58,812 [INFO] performing request https://api-fxpractice.oanda.com/v3/instruments/USD_JPY/candles
2026-05-06 08:05:59,656 [INFO] 127.0.0.1 - - [06/May/2026 08:05:59] "GET / HTTP/1.1" 200 -
2026-05-06 08:06:00,248 [INFO] SIGNAL: USD_JPY BUY 77.0% | News: NEUTRAL | COT: NEUTRAL | Regime: RANGING
2026-05-06 08:06:02,250 [INFO] setting up API-client for environment practice
2026-05-06 08:06:02,250 [INFO] performing request https://api-fxpractice.oanda.com/v3/instruments/AUD_USD/candles
2026-05-06 08:06:03,678 [INFO] SIGNAL: AUD_USD BUY 96.0% | News: NEUTRAL | COT: NEUTRAL | Regime: TRENDING
2026-05-06 08:06:05,682 [INFO] setting up API-client for environment practice
2026-05-06 08:06:05,767 [INFO] performing request https://api-fxpractice.oanda.com/v3/instruments/USD_CAD/candles
2026-05-06 08:06:07,417 [INFO] SIGNAL: USD_CAD SELL 115.0% | News: NEUTRAL | COT: NEUTRAL | Regime: RANGING
2026-05-06 08:06:09,422 [INFO] Cycle #30 done. Trades in memory: 113 | WR: 84.1% | RL episodes: 113
2026-05-06 08:06:30,008 [INFO] 127.0.0.1 - - [06/May/2026 08:06:30] "GET / HTTP/1.1" 200 -
2026-05-06 08:06:52,975 [INFO] Learned: EUR_USD WIN | WR: 84.2% | RL: 114
2026-05-06 08:06:56,845 [INFO] Learned: GBP_USD WIN | WR: 84.3% | RL: 115
2026-05-06 08:07:00,083 [INFO] 127.0.0.1 - - [06/May/2026 08:07:00] "GET / HTTP/1.1" 200 -
2026-05-06 08:07:00,291 [INFO] Learned: USD_JPY LOSS | WR: 83.6% | RL: 116
2026-05-06 08:07:03,711 [INFO] Learned: AUD_USD WIN | WR: 83.8% | RL: 117
2026-05-06 08:07:07,426 [INFO] Learned: USD_CAD WIN | WR: 83.9% | RL: 118
2026-05-06 08:07:30,546 [INFO] 127.0.0.1 - - [06/May/2026 08:07:30] "GET / HTTP/1.1" 200 -
2026-05-06 08:08:00,609 [INFO] 127.0.0.1 - - [06/May/2026 08:08:00] "GET / HTTP/1.1" 200 -
2026-05-06 08:08:30,957 [INFO] 127.0.0.1 - - [06/May/2026 08:08:30] "GET / HTTP/1.1" 200 -
2026-05-06 08:09:01,014 [INFO] 127.0.0.1 - - [06/May/2026 08:09:01] "GET / HTTP/1.1" 200 -
2026-05-06 08:09:31,365 [INFO] 127.0.0.1 - - [06/May/2026 08:09:31] "GET / HTTP/1.1" 200 -
2026-05-06 08:10:01,413 [INFO] 127.0.0.1 - - [06/May/2026 08:10:01] "GET / HTTP/1.1" 200 -
2026-05-06 08:10:31,774 [INFO] 127.0.0.1 - - [06/May/2026 08:10:31] "GET / HTTP/1.1" 200 -
2026-05-06 08:11:01,831 [INFO] 127.0.0.1 - - [06/May/2026 08:11:01] "GET / HTTP/1.1" 200 -
2026-05-06 08:11:32,172 [INFO] 127.0.0.1 - - [06/May/2026 08:11:32] "GET / HTTP/1.1" 200 -
2026-05-06 08:12:02,235 [INFO] 127.0.0.1 - - [06/May/2026 08:12:02] "GET / HTTP/1.1" 200 -
2026-05-06 08:12:32,585 [INFO] 127.0.0.1 - - [06/May/2026 08:12:32] "GET / HTTP/1.1" 200 -
2026-05-06 08:13:02,639 [INFO] 127.0.0.1 - - [06/May/2026 08:13:02] "GET / HTTP/1.1" 200 -
2026-05-06 08:13:32,981 [INFO] 127.0.0.1 - - [06/May/2026 08:13:32] "GET / HTTP/1.1" 200 -
2026-05-06 08:14:03,014 [INFO] 127.0.0.1 - - [06/May/2026 08:14:03] "GET / HTTP/1.1" 200 -
2026-05-06 08:14:33,374 [INFO] 127.0.0.1 - - [06/May/2026 08:14:33] "GET / HTTP/1.1" 200 -
2026-05-06 08:15:03,730 [INFO] 127.0.0.1 - - [06/May/2026 08:15:03] "GET / HTTP/1.1" 200 -
2026-05-06 08:15:34,091 [INFO] 127.0.0.1 - - [06/May/2026 08:15:34] "GET / HTTP/1.1" 200 -
2026-05-06 08:16:04,460 [INFO] 127.0.0.1 - - [06/May/2026 08:16:04] "GET / HTTP/1.1" 200 -
2026-05-06 08:16:34,504 [INFO] 127.0.0.1 - - [06/May/2026 08:16:34] "GET / HTTP/1.1" 200 -
2026-05-06 08:17:04,853 [INFO] 127.0.0.1 - - [06/May/2026 08:17:04] "GET / HTTP/1.1" 200 -
2026-05-06 08:17:34,890 [INFO] 127.0.0.1 - - [06/May/2026 08:17:34] "GET / HTTP/1.1" 200 -
2026-05-06 08:18:05,233 [INFO] 127.0.0.1 - - [06/May/2026 08:18:05] "GET / HTTP/1.1" 200 -
2026-05-06 08:18:35,288 [INFO] 127.0.0.1 - - [06/May/2026 08:18:35] "GET / HTTP/1.1" 200 -
2026-05-06 08:19:05,624 [INFO] 127.0.0.1 - - [06/May/2026 08:19:05] "GET / HTTP/1.1" 200 -
2026-05-06 08:19:35,691 [INFO] 127.0.0.1 - - [06/May/2026 08:19:35] "GET / HTTP/1.1" 200 -
2026-05-06 08:20:06,024 [INFO] 127.0.0.1 - - [06/May/2026 08:20:06] "GET / HTTP/1.1" 200 -
2026-05-06 08:20:36,115 [INFO] 127.0.0.1 - - [06/May/2026 08:20:36] "GET / HTTP/1.1" 200 -
2026-05-06 08:21:06,456 [INFO] 127.0.0.1 - - [06/May/2026 08:21:06] "GET / HTTP/1.1" 200 -
2026-05-06 08:21:09,423 [INFO] setting up API-client for environment practice
2026-05-06 08:21:09,423 [INFO] performing request https://api-fxpractice.oanda.com/v3/instruments/EUR_USD/candles
2026-05-06 08:21:11,763 [INFO] ForexFactory: 115 events loaded
2026-05-06 08:21:12,745 [INFO] News: 20 articles fetched
2026-05-06 08:21:12,791 [ERROR] Pair EUR_USD error: can only concatenate str (not "NoneType") to str
2026-05-06 08:21:12,791 [INFO] setting up API-client for environment practice
2026-05-06 08:21:12,792 [INFO] performing request https://api-fxpractice.oanda.com/v3/instruments/GBP_USD/candles
2026-05-06 08:21:14,068 [ERROR] Pair GBP_USD error: can only concatenate str (not "NoneType") to str
2026-05-06 08:21:14,076 [INFO] setting up API-client for environment practice
2026-05-06 08:21:14,076 [INFO] performing request https://api-fxpractice.oanda.com/v3/instruments/USD_JPY/candles
2026-05-06 08:21:14,825 [ERROR] Pair USD_JPY error: can only concatenate str (not "NoneType") to str
2026-05-06 08:21:14,825 [INFO] setting up API-client for environment practice
2026-05-06 08:21:14,825 [INFO] performing request https://api-fxpractice.oanda.com/v3/instruments/AUD_USD/candles
2026-05-06 08:21:15,458 [ERROR] Pair AUD_USD error: can only concatenate str (not "NoneType") to str
2026-05-06 08:21:15,458 [INFO] setting up API-client for environment practice
2026-05-06 08:21:15,458 [INFO] performing request https://api-fxpractice.oanda.com/v3/instruments/USD_CAD/candles
2026-05-06 08:21:16,178 [ERROR] Pair USD_CAD error: can only concatenate str (not "NoneType") to str
2026-05-06 08:21:16,178 [INFO] Cycle #31 done. Trades in memory: 118 | WR: 83.9% | RL episodes: 118
2026-05-06 08:21:36,508 [INFO] 127.0.0.1 - - [06/May/2026 08:21:36] "GET / HTTP/1.1" 200 -
2026-05-06 08:22:06,967 [INFO] 127.0.0.1 - - [06/May/2026 08:22:06] "GET / HTTP/1.1" 200 -
2026-05-06 08:22:37,091 [INFO] 127.0.0.1 - - [06/May/2026 08:22:37] "GET / HTTP/1.1" 200 -
2026-05-06 08:23:07,556 [INFO] 127.0.0.1 - - [06/May/2026 08:23:07] "GET / HTTP/1.1" 200 -
2026-05-06 08:23:37,613 [INFO] 127.0.0.1 - - [06/May/2026 08:23:37] "GET / HTTP/1.1" 200 -
2026-05-06 08:24:08,094 [INFO] 127.0.0.1 - - [06/May/2026 08:24:08] "GET / HTTP/1.1" 200 -
2026-05-06 08:24:38,271 [INFO] 127.0.0.1 - - [06/May/2026 08:24:38] "GET / HTTP/1.1" 200 -
2026-05-06 08:25:08,614 [INFO] 127.0.0.1 - - [06/May/2026 08:25:08] "GET / HTTP/1.1" 200 -
2026-05-06 08:25:38,764 [INFO] 127.0.0.1 - - [06/May/2026 08:25:38] "GET / HTTP/1.1" 200 -
2026-05-06 08:26:09,153 [INFO] 127.0.0.1 - - [06/May/2026 08:26:09] "GET / HTTP/1.1" 200 -
2026-05-06 08:26:39,187 [INFO] 127.0.0.1 - - [06/May/2026 08:26:39] "GET / HTTP/1.1" 200 -
2026-05-06 08:27:09,528 [INFO] 127.0.0.1 - - [06/May/2026 08:27:09] "GET / HTTP/1.1" 200 -
2026-05-06 08:27:39,576 [INFO] 127.0.0.1 - - [06/May/2026 08:27:39] "GET / HTTP/1.1" 200 -
2026-05-06 08:28:09,916 [INFO] 127.0.0.1 - - [06/May/2026 08:28:09] "GET / HTTP/1.1" 200 -
2026-05-06 08:28:39,986 [INFO] 127.0.0.1 - - [06/May/2026 08:28:39] "GET / HTTP/1.1" 200 -
2026-05-06 08:29:10,318 [INFO] 127.0.0.1 - - [06/May/2026 08:29:10] "GET / HTTP/1.1" 200 -
2026-05-06 08:29:40,390 [INFO] 127.0.0.1 - - [06/May/2026 08:29:40] "GET / HTTP/1.1" 200 -
2026-05-06 08:30:10,741 [INFO] 127.0.0.1 - - [06/May/2026 08:30:10] "GET / HTTP/1.1" 200 -
2026-05-06 08:30:40,893 [INFO] 127.0.0.1 - - [06/May/2026 08:30:40] "GET / HTTP/1.1" 200 -
2026-05-06 08:31:11,285 [INFO] 127.0.0.1 - - [06/May/2026 08:31:11] "GET / HTTP/1.1" 200 -
2026-05-06 08:31:41,383 [INFO] 127.0.0.1 - - [06/May/2026 08:31:41] "GET / HTTP/1.1" 200 -
2026-05-06 08:32:11,765 [INFO] 127.0.0.1 - - [06/May/2026 08:32:11] "GET / HTTP/1.1" 200 -
2026-05-06 08:32:41,821 [INFO] 127.0.0.1 - - [06/May/2026 08:32:41] "GET / HTTP/1.1" 200 -
2026-05-06 08:33:12,149 [INFO] 127.0.0.1 - - [06/May/2026 08:33:12] "GET / HTTP/1.1" 200 -
2026-05-06 08:33:42,197 [INFO] 127.0.0.1 - - [06/May/2026 08:33:42] "GET / HTTP/1.1" 200 -
2026-05-06 08:34:12,653 [INFO] 127.0.0.1 - - [06/May/2026 08:34:12] "GET / HTTP/1.1" 200 -
2026-05-06 08:34:42,723 [INFO] 127.0.0.1 - - [06/May/2026 08:34:42] "GET / HTTP/1.1" 200 -
2026-05-06 08:35:13,172 [INFO] 127.0.0.1 - - [06/May/2026 08:35:13] "GET / HTTP/1.1" 200 -
2026-05-06 08:35:43,230 [INFO] 127.0.0.1 - - [06/May/2026 08:35:43] "GET / HTTP/1.1" 200 -
2026-05-06 08:36:13,601 [INFO] 127.0.0.1 - - [06/May/2026 08:36:13] "GET / HTTP/1.1" 200 -
2026-05-06 08:36:16,185 [INFO] setting up API-client for environment practice
2026-05-06 08:36:16,284 [INFO] performing request https://api-fxpractice.oanda.com/v3/instruments/EUR_USD/candles
2026-05-06 08:36:17,036 [ERROR] Pair EUR_USD error: can only concatenate str (not "NoneType") to str
2026-05-06 08:36:17,036 [INFO] setting up API-client for environment practice
2026-05-06 08:36:17,054 [INFO] performing request https://api-fxpractice.oanda.com/v3/instruments/GBP_USD/candles
2026-05-06 08:36:17,799 [ERROR] Pair GBP_USD error: can only concatenate str (not "NoneType") to str
2026-05-06 08:36:17,799 [INFO] setting up API-client for environment practice
2026-05-06 08:36:17,799 [INFO] performing request https://api-fxpractice.oanda.com/v3/instruments/USD_JPY/candles
2026-05-06 08:36:18,462 [ERROR] Pair USD_JPY error: can only concatenate str (not "NoneType") to str
2026-05-06 08:36:18,463 [INFO] setting up API-client for environment practice
2026-05-06 08:36:18,463 [INFO] performing request https://api-fxpractice.oanda.com/v3/instruments/AUD_USD/candles
2026-05-06 08:36:19,193 [ERROR] Pair AUD_USD error: can only concatenate str (not "NoneType") to str
2026-05-06 08:36:19,193 [INFO] setting up API-client for environment practice
2026-05-06 08:36:19,193 [INFO] performing request https://api-fxpractice.oanda.com/v3/instruments/USD_CAD/candles
2026-05-06 08:36:19,802 [ERROR] Pair USD_CAD error: can only concatenate str (not "NoneType") to str
2026-05-06 08:36:19,802 [INFO] Cycle #32 done. Trades in memory: 118 | WR: 83.9% | RL episodes: 118
2026-05-06 08:36:43,772 [INFO] 127.0.0.1 - - [06/May/2026 08:36:43] "GET / HTTP/1.1" 200 -
2026-05-06 08:37:14,121 [INFO] 127.0.0.1 - - [06/May/2026 08:37:14] "GET / HTTP/1.1" 200 -
2026-05-06 08:37:44,176 [INFO] 127.0.0.1 - - [06/May/2026 08:37:44] "GET / HTTP/1.1" 200 -
2026-05-06 08:38:14,527 [INFO] 127.0.0.1 - - [06/May/2026 08:38:14] "GET / HTTP/1.1" 200 -
2026-05-06 08:38:44,581 [INFO] 127.0.0.1 - - [06/May/2026 08:38:44] "GET / HTTP/1.1" 200 -
2026-05-06 08:39:15,032 [INFO] 127.0.0.1 - - [06/May/2026 08:39:15] "GET / HTTP/1.1" 200 -
2026-05-06 08:39:45,414 [INFO] 127.0.0.1 - - [06/May/2026 08:39:45] "GET / HTTP/1.1" 200 -
2026-05-06 08:40:15,779 [INFO] 127.0.0.1 - - [06/May/2026 08:40:15] "GET / HTTP/1.1" 200 -
2026-05-06 08:40:45,833 [INFO] 127.0.0.1 - - [06/May/2026 08:40:45] "GET / HTTP/1.1" 200 -
2026-05-06 08:41:16,184 [INFO] 127.0.0.1 - - [06/May/2026 08:41:16] "GET / HTTP/1.1" 200 -
2026-05-06 08:41:46,416 [INFO] 127.0.0.1 - - [06/May/2026 08:41:46] "GET / HTTP/1.1" 200 -
2026-05-06 08:42:16,748 [INFO] 127.0.0.1 - - [06/May/2026 08:42:16] "GET / HTTP/1.1" 200 -
2026-05-06 08:42:46,807 [INFO] 127.0.0.1 - - [06/May/2026 08:42:46] "GET / HTTP/1.1" 200 -
2026-05-06 08:43:17,278 [INFO] 127.0.0.1 - - [06/May/2026 08:43:17] "GET / HTTP/1.1" 200 -
2026-05-06 08:43:47,331 [INFO] 127.0.0.1 - - [06/May/2026 08:43:47] "GET / HTTP/1.1" 200 -
2026-05-06 08:44:17,677 [INFO] 127.0.0.1 - - [06/May/2026 08:44:17] "GET / HTTP/1.1" 200 -
2026-05-06 08:44:47,734 [INFO] 127.0.0.1 - - [06/May/2026 08:44:47] "GET / HTTP/1.1" 200 -
2026-05-06 08:45:18,092 [INFO] 127.0.0.1 - - [06/May/2026 08:45:18] "GET / HTTP/1.1" 200 -
2026-05-06 08:45:48,448 [INFO] 127.0.0.1 - - [06/May/2026 08:45:48] "GET / HTTP/1.1" 200 -
2026-05-06 08:46:18,814 [INFO] 127.0.0.1 - - [06/May/2026 08:46:18] "GET / HTTP/1.1" 200 -
2026-05-06 08:46:48,858 [INFO] 127.0.0.1 - - [06/May/2026 08:46:48] "GET / HTTP/1.1" 200 -
2026-05-06 08:47:19,215 [INFO] 127.0.0.1 - - [06/May/2026 08:47:19] "GET / HTTP/1.1" 200 -
2026-05-06 08:47:49,260 [INFO] 127.0.0.1 - - [06/May/2026 08:47:49] "GET / HTTP/1.1" 200 -
2026-05-06 08:48:19,612 [INFO] 127.0.0.1 - - [06/May/2026 08:48:19] "GET / HTTP/1.1" 200 -
2026-05-06 08:48:49,655 [INFO] 127.0.0.1 - - [06/May/2026 08:48:49] "GET / HTTP/1.1" 200 -
2026-05-06 08:49:19,991 [INFO] 127.0.0.1 - - [06/May/2026 08:49:19] "GET / HTTP/1.1" 200 -
2026-05-06 08:49:50,044 [INFO] 127.0.0.1 - - [06/May/2026 08:49:50] "GET / HTTP/1.1" 200 -
2026-05-06 08:50:20,504 [INFO] 127.0.0.1 - - [06/May/2026 08:50:20] "GET / HTTP/1.1" 200 -
2026-05-06 08:50:50,594 [INFO] 127.0.0.1 - - [06/May/2026 08:50:50] "GET / HTTP/1.1" 200 -
2026-05-06 08:51:19,812 [INFO] setting up API-client for environment practice
2026-05-06 08:51:19,814 [INFO] performing request https://api-fxpractice.oanda.com/v3/instruments/EUR_USD/candles
2026-05-06 08:51:20,979 [INFO] 127.0.0.1 - - [06/May/2026 08:51:20] "GET / HTTP/1.1" 200 -
2026-05-06 08:51:21,111 [INFO] News: 20 articles fetched
2026-05-06 08:51:23,884 [INFO] Correlations: ['DXY', 'GOLD', 'OIL', 'SP500', 'VIX'] loaded
2026-05-06 08:51:26,064 [INFO] SIGNAL: EUR_USD BUY 115.0% | News: NEUTRAL | COT: NEUTRAL | Regime: RANGING
2026-05-06 08:51:28,070 [INFO] setting up API-client for environment practice
2026-05-06 08:51:28,070 [INFO] performing request https://api-fxpractice.oanda.com/v3/instruments/GBP_USD/candles
2026-05-06 08:51:29,753 [INFO] SIGNAL: GBP_USD BUY 115.0% | News: NEUTRAL | COT: NEUTRAL | Regime: RANGING
2026-05-06 08:51:31,757 [INFO] setting up API-client for environment practice
2026-05-06 08:51:31,757 [INFO] performing request https://api-fxpractice.oanda.com/v3/instruments/USD_JPY/candles
2026-05-06 08:51:33,258 [INFO] SIGNAL: USD_JPY BUY 71.9% | News: NEUTRAL | COT: NEUTRAL | Regime: RANGING
2026-05-06 08:51:35,268 [INFO] setting up API-client for environment practice
2026-05-06 08:51:35,268 [INFO] performing request https://api-fxpractice.oanda.com/v3/instruments/AUD_USD/candles
2026-05-06 08:51:36,724 [INFO] SIGNAL: AUD_USD BUY 97.3% | News: NEUTRAL | COT: NEUTRAL | Regime: TRENDING
2026-05-06 08:51:38,726 [INFO] setting up API-client for environment practice
2026-05-06 08:51:38,726 [INFO] performing request https://api-fxpractice.oanda.com/v3/instruments/USD_CAD/candles
2026-05-06 08:51:40,140 [INFO] SIGNAL: USD_CAD SELL 115.0% | News: NEUTRAL | COT: NEUTRAL | Regime: RANGING
2026-05-06 08:51:42,143 [INFO] Cycle #33 done. Trades in memory: 118 | WR: 83.9% | RL episodes: 118
2026-05-06 08:51:51,029 [INFO] 127.0.0.1 - - [06/May/2026 08:51:51] "GET / HTTP/1.1" 200 -
2026-05-06 08:52:21,381 [INFO] 127.0.0.1 - - [06/May/2026 08:52:21] "GET / HTTP/1.1" 200 -
2026-05-06 08:52:26,204 [INFO] Learned: EUR_USD WIN | WR: 84.0% | RL: 119
2026-05-06 08:52:29,786 [INFO] Learned: GBP_USD WIN | WR: 84.2% | RL: 120
2026-05-06 08:52:33,308 [INFO] Learned: USD_JPY WIN | WR: 84.3% | RL: 121
2026-05-06 08:52:36,751 [INFO] Learned: AUD_USD WIN | WR: 84.4% | RL: 122
2026-05-06 08:52:40,179 [INFO] Learned: USD_CAD WIN | WR: 84.6% | RL: 123
2026-05-06 08:52:51,614 [INFO] 127.0.0.1 - - [06/May/2026 08:52:51] "GET / HTTP/1.1" 200 -
2026-05-06 08:53:21,998 [INFO] 127.0.0.1 - - [06/May/2026 08:53:21] "GET / HTTP/1.1" 200 -
2026-05-06 08:53:52,059 [INFO] 127.0.0.1 - - [06/May/2026 08:53:52] "GET / HTTP/1.1" 200 -
2026-05-06 08:54:22,404 [INFO] 127.0.0.1 - - [06/May/2026 08:54:22] "GET / HTTP/1.1" 200 -
2026-05-06 08:54:52,459 [INFO] 127.0.0.1 - - [06/May/2026 08:54:52] "GET / HTTP/1.1" 200 -
2026-05-06 08:55:22,854 [INFO] 127.0.0.1 - - [06/May/2026 08:55:22] "GET / HTTP/1.1" 200 -
2026-05-06 08:55:53,206 [INFO] 127.0.0.1 - - [06/May/2026 08:55:53] "GET / HTTP/1.1" 200 -
2026-05-06 08:56:23,540 [INFO] 127.0.0.1 - - [06/May/2026 08:56:23] "GET / HTTP/1.1" 200 -
2026-05-06 08:56:53,599 [INFO] 127.0.0.1 - - [06/May/2026 08:56:53] "GET / HTTP/1.1" 200 -
2026-05-06 08:57:23,953 [INFO] 127.0.0.1 - - [06/May/2026 08:57:23] "GET / HTTP/1.1" 200 -
2026-05-06 08:57:54,007 [INFO] 127.0.0.1 - - [06/May/2026 08:57:54] "GET / HTTP/1.1" 200 -
2026-05-06 08:58:24,448 [INFO] 127.0.0.1 - - [06/May/2026 08:58:24] "GET / HTTP/1.1" 200 -
2026-05-06 08:58:54,507 [INFO] 127.0.0.1 - - [06/May/2026 08:58:54] "GET / HTTP/1.1" 200 -
2026-05-06 08:59:24,862 [INFO] 127.0.0.1 - - [06/May/2026 08:59:24] "GET / HTTP/1.1" 200 -
2026-05-06 08:59:55,016 [INFO] 127.0.0.1 - - [06/May/2026 08:59:55] "GET / HTTP/1.1" 200 -
2026-05-06 09:00:25,489 [INFO] 127.0.0.1 - - [06/May/2026 09:00:25] "GET / HTTP/1.1" 200 -
2026-05-06 09:00:55,644 [INFO] 127.0.0.1 - - [06/May/2026 09:00:55] "GET / HTTP/1.1" 200 -
2026-05-06 09:01:26,028 [INFO] 127.0.0.1 - - [06/May/2026 09:01:26] "GET / HTTP/1.1" 200 -
2026-05-06 09:01:56,068 [INFO] 127.0.0.1 - - [06/May/2026 09:01:56] "GET / HTTP/1.1" 200 -
2026-05-06 09:02:26,420 [INFO] 127.0.0.1 - - [06/May/2026 09:02:26] "GET / HTTP/1.1" 200 -
2026-05-06 09:02:56,461 [INFO] 127.0.0.1 - - [06/May/2026 09:02:56] "GET / HTTP/1.1" 200 -
2026-05-06 09:03:26,824 [INFO] 127.0.0.1 - - [06/May/2026 09:03:26] "GET / HTTP/1.1" 200 -
2026-05-06 09:03:56,857 [INFO] 127.0.0.1 - - [06/May/2026 09:03:56] "GET / HTTP/1.1" 200 -
2026-05-06 09:04:27,225 [INFO] 127.0.0.1 - - [06/May/2026 09:04:27] "GET / HTTP/1.1" 200 -
2026-05-06 09:04:57,286 [INFO] 127.0.0.1 - - [06/May/2026 09:04:57] "GET / HTTP/1.1" 200 -
2026-05-06 09:05:27,640 [INFO] 127.0.0.1 - - [06/May/2026 09:05:27] "GET / HTTP/1.1" 200 -
2026-05-06 09:05:57,705 [INFO] 127.0.0.1 - - [06/May/2026 09:05:57] "GET / HTTP/1.1" 200 -
2026-05-06 09:06:28,048 [INFO] 127.0.0.1 - - [06/May/2026 09:06:28] "GET / HTTP/1.1" 200 -
2026-05-06 09:06:42,144 [INFO] setting up API-client for environment practice
2026-05-06 09:06:42,144 [INFO] performing request https://api-fxpractice.oanda.com/v3/instruments/EUR_USD/candles
2026-05-06 09:06:44,986 [INFO] SIGNAL: EUR_USD BUY 115.0% | News: NEUTRAL | COT: NEUTRAL | Regime: RANGING
2026-05-06 09:06:46,990 [INFO] setting up API-client for environment practice
2026-05-06 09:06:46,990 [INFO] performing request https://api-fxpractice.oanda.com/v3/instruments/GBP_USD/candles
2026-05-06 09:06:48,414 [INFO] SIGNAL: GBP_USD BUY 115.0% | News: NEUTRAL | COT: NEUTRAL | Regime: RANGING
2026-05-06 09:06:50,428 [INFO] setting up API-client for environment practice
2026-05-06 09:06:50,428 [INFO] performing request https://api-fxpractice.oanda.com/v3/instruments/USD_JPY/candles
2026-05-06 09:06:51,882 [INFO] SIGNAL: USD_JPY BUY 73.3% | News: NEUTRAL | COT: NEUTRAL | Regime: RANGING
2026-05-06 09:06:53,886 [INFO] setting up API-client for environment practice
2026-05-06 09:06:53,886 [INFO] performing request https://api-fxpractice.oanda.com/v3/instruments/AUD_USD/candles
2026-05-06 09:06:55,329 [INFO] SIGNAL: AUD_USD BUY 72.6% | News: NEUTRAL | COT: NEUTRAL | Regime: TRENDING
2026-05-06 09:06:57,337 [INFO] setting up API-client for environment practice
2026-05-06 09:06:57,337 [INFO] performing request https://api-fxpractice.oanda.com/v3/instruments/USD_CAD/candles
2026-05-06 09:06:58,100 [INFO] 127.0.0.1 - - [06/May/2026 09:06:58] "GET / HTTP/1.1" 200 -
2026-05-06 09:06:58,782 [INFO] SIGNAL: USD_CAD SELL 85.0% | News: NEUTRAL | COT: NEUTRAL | Regime: RANGING
2026-05-06 09:07:00,786 [INFO] Cycle #34 done. Trades in memory: 123 | WR: 84.6% | RL episodes: 123
2026-05-06 09:07:28,759 [INFO] 127.0.0.1 - - [06/May/2026 09:07:28] "GET / HTTP/1.1" 200 -
2026-05-06 09:07:45,130 [INFO] Learned: EUR_USD WIN | WR: 84.7% | RL: 124
2026-05-06 09:07:48,574 [INFO] Learned: GBP_USD WIN | WR: 84.8% | RL: 125
2026-05-06 09:07:51,919 [INFO] Learned: USD_JPY WIN | WR: 84.9% | RL: 126
2026-05-06 09:07:55,380 [INFO] Learned: AUD_USD LOSS | WR: 84.3% | RL: 127
2026-05-06 09:07:58,889 [INFO] 127.0.0.1 - - [06/May/2026 09:07:58] "GET / HTTP/1.1" 200 -
2026-05-06 09:07:58,930 [INFO] Learned: USD_CAD WIN | WR: 84.4% | RL: 128
2026-05-06 09:08:29,246 [INFO] 127.0.0.1 - - [06/May/2026 09:08:29] "GET / HTTP/1.1" 200 -
2026-05-06 09:08:59,287 [INFO] 127.0.0.1 - - [06/May/2026 09:08:59] "GET / HTTP/1.1" 200 -
2026-05-06 09:09:29,863 [INFO] 127.0.0.1 - - [06/May/2026 09:09:29] "GET / HTTP/1.1" 200 -
2026-05-06 09:09:59,913 [INFO] 127.0.0.1 - - [06/May/2026 09:09:59] "GET / HTTP/1.1" 200 -
2026-05-06 09:10:30,259 [INFO] 127.0.0.1 - - [06/May/2026 09:10:30] "GET / HTTP/1.1" 200 -
2026-05-06 09:11:00,314 [INFO] 127.0.0.1 - - [06/May/2026 09:11:00] "GET / HTTP/1.1" 200 -
2026-05-06 09:11:30,662 [INFO] 127.0.0.1 - - [06/May/2026 09:11:30] "GET / HTTP/1.1" 200 -
2026-05-06 09:12:00,702 [INFO] 127.0.0.1 - - [06/May/2026 09:12:00] "GET / HTTP/1.1" 200 -
2026-05-06 09:12:31,073 [INFO] 127.0.0.1 - - [06/May/2026 09:12:31] "GET / HTTP/1.1" 200 -
2026-05-06 09:13:01,131 [INFO] 127.0.0.1 - - [06/May/2026 09:13:01] "GET / HTTP/1.1" 200 -
2026-05-06 09:13:31,481 [INFO] 127.0.0.1 - - [06/May/2026 09:13:31] "GET / HTTP/1.1" 200 -
2026-05-06 09:14:01,531 [INFO] 127.0.0.1 - - [06/May/2026 09:14:01] "GET / HTTP/1.1" 200 -
2026-05-06 09:14:31,864 [INFO] 127.0.0.1 - - [06/May/2026 09:14:31] "GET / HTTP/1.1" 200 -
2026-05-06 09:15:01,902 [INFO] 127.0.0.1 - - [06/May/2026 09:15:01] "GET / HTTP/1.1" 200 -
2026-05-06 09:15:32,244 [INFO] 127.0.0.1 - - [06/May/2026 09:15:32] "GET / HTTP/1.1" 200 -
2026-05-06 09:16:02,296 [INFO] 127.0.0.1 - - [06/May/2026 09:16:02] "GET / HTTP/1.1" 200 -
2026-05-06 09:16:32,631 [INFO] 127.0.0.1 - - [06/May/2026 09:16:32] "GET / HTTP/1.1" 200 -
2026-05-06 09:17:02,683 [INFO] 127.0.0.1 - - [06/May/2026 09:17:02] "GET / HTTP/1.1" 200 -
2026-05-06 09:17:33,054 [INFO] 127.0.0.1 - - [06/May/2026 09:17:33] "GET / HTTP/1.1" 200 -
2026-05-06 09:18:03,109 [INFO] 127.0.0.1 - - [06/May/2026 09:18:03] "GET / HTTP/1.1" 200 -
2026-05-06 09:18:33,446 [INFO] 127.0.0.1 - - [06/May/2026 09:18:33] "GET / HTTP/1.1" 200 -
2026-05-06 09:19:03,475 [INFO] 127.0.0.1 - - [06/May/2026 09:19:03] "GET / HTTP/1.1" 200 -
2026-05-06 09:19:33,913 [INFO] 127.0.0.1 - - [06/May/2026 09:19:33] "GET / HTTP/1.1" 200 -
2026-05-06 09:20:03,972 [INFO] 127.0.0.1 - - [06/May/2026 09:20:03] "GET / HTTP/1.1" 200 -
2026-05-06 09:20:34,333 [INFO] 127.0.0.1 - - [06/May/2026 09:20:34] "GET / HTTP/1.1" 200 -
2026-05-06 09:21:04,706 [INFO] 127.0.0.1 - - [06/May/2026 09:21:04] "GET / HTTP/1.1" 200 -
2026-05-06 09:21:34,770 [INFO] 127.0.0.1 - - [06/May/2026 09:21:34] "GET / HTTP/1.1" 200 -
2026-05-06 09:22:00,787 [INFO] setting up API-client for environment practice
2026-05-06 09:22:00,789 [INFO] performing request https://api-fxpractice.oanda.com/v3/instruments/EUR_USD/candles
2026-05-06 09:22:02,468 [INFO] ForexFactory: 115 events loaded
2026-05-06 09:22:03,218 [INFO] News: 20 articles fetched
2026-05-06 09:22:04,050 [INFO] Correlations: ['DXY', 'GOLD', 'OIL', 'SP500', 'VIX'] loaded
2026-05-06 09:22:05,114 [INFO] 127.0.0.1 - - [06/May/2026 09:22:05] "GET / HTTP/1.1" 200 -
2026-05-06 09:22:06,587 [INFO] SIGNAL: EUR_USD BUY 115.0% | News: NEUTRAL | COT: NEUTRAL | Regime: RANGING
2026-05-06 09:22:08,588 [INFO] setting up API-client for environment practice
2026-05-06 09:22:08,590 [INFO] performing request https://api-fxpractice.oanda.com/v3/instruments/GBP_USD/candles
2026-05-06 09:22:10,062 [INFO] SIGNAL: GBP_USD BUY 115.0% | News: NEUTRAL | COT: NEUTRAL | Regime: RANGING
2026-05-06 09:22:12,064 [INFO] setting up API-client for environment practice
2026-05-06 09:22:12,064 [INFO] performing request https://api-fxpractice.oanda.com/v3/instruments/USD_JPY/candles
2026-05-06 09:22:13,632 [INFO] SIGNAL: USD_JPY BUY 93.6% | News: NEUTRAL | COT: NEUTRAL | Regime: RANGING
2026-05-06 09:22:15,635 [INFO] setting up API-client for environment practice
2026-05-06 09:22:15,636 [INFO] performing request https://api-fxpractice.oanda.com/v3/instruments/AUD_USD/candles
2026-05-06 09:22:17,081 [INFO] SIGNAL: AUD_USD BUY 94.7% | News: NEUTRAL | COT: NEUTRAL | Regime: TRENDING
2026-05-06 09:22:19,084 [INFO] setting up API-client for environment practice
2026-05-06 09:22:19,085 [INFO] performing request https://api-fxpractice.oanda.com/v3/instruments/USD_CAD/candles
2026-05-06 09:22:20,497 [INFO] SIGNAL: USD_CAD SELL 115.0% | News: NEUTRAL | COT: NEUTRAL | Regime: RANGING
2026-05-06 09:22:22,501 [INFO] Cycle #35 done. Trades in memory: 128 | WR: 84.4% | RL episodes: 128
2026-05-06 09:22:35,203 [INFO] 127.0.0.1 - - [06/May/2026 09:22:35] "GET / HTTP/1.1" 200 -
2026-05-06 09:23:05,579 [INFO] 127.0.0.1 - - [06/May/2026 09:23:05] "GET / HTTP/1.1" 200 -
2026-05-06 09:23:06,628 [INFO] Learned: EUR_USD WIN | WR: 84.5% | RL: 129
2026-05-06 09:23:10,099 [INFO] Learned: GBP_USD WIN | WR: 84.6% | RL: 130
2026-05-06 09:23:13,670 [INFO] Learned: USD_JPY WIN | WR: 84.7% | RL: 131
2026-05-06 09:23:17,119 [INFO] Learned: AUD_USD WIN | WR: 84.8% | RL: 132
2026-05-06 09:23:20,547 [INFO] Learned: USD_CAD WIN | WR: 85.0% | RL: 133
2026-05-06 09:23:35,640 [INFO] 127.0.0.1 - - [06/May/2026 09:23:35] "GET / HTTP/1.1" 200 -
2026-05-06 09:24:05,999 [INFO] 127.0.0.1 - - [06/May/2026 09:24:05] "GET / HTTP/1.1" 200 -
2026-05-06 09:24:36,054 [INFO] 127.0.0.1 - - [06/May/2026 09:24:36] "GET / HTTP/1.1" 200 -
2026-05-06 09:25:06,396 [INFO] 127.0.0.1 - - [06/May/2026 09:25:06] "GET / HTTP/1.1" 200 -
2026-05-06 09:25:36,434 [INFO] 127.0.0.1 - - [06/May/2026 09:25:36] "GET / HTTP/1.1" 200 -
2026-05-06 09:26:06,781 [INFO] 127.0.0.1 - - [06/May/2026 09:26:06] "GET / HTTP/1.1" 200 -
2026-05-06 09:26:37,170 [INFO] 127.0.0.1 - - [06/May/2026 09:26:37] "GET / HTTP/1.1" 200 -
2026-05-06 09:27:07,517 [INFO] 127.0.0.1 - - [06/May/2026 09:27:07] "GET / HTTP/1.1" 200 -
2026-05-06 09:27:37,554 [INFO] 127.0.0.1 - - [06/May/2026 09:27:37] "GET / HTTP/1.1" 200 -
2026-05-06 09:28:07,922 [INFO] 127.0.0.1 - - [06/May/2026 09:28:07] "GET / HTTP/1.1" 200 -
2026-05-06 09:28:37,974 [INFO] 127.0.0.1 - - [06/May/2026 09:28:37] "GET / HTTP/1.1" 200 -
2026-05-06 09:29:08,338 [INFO] 127.0.0.1 - - [06/May/2026 09:29:08] "GET / HTTP/1.1" 200 -
2026-05-06 09:29:38,403 [INFO] 127.0.0.1 - - [06/May/2026 09:29:38] "GET / HTTP/1.1" 200 -
2026-05-06 09:30:08,757 [INFO] 127.0.0.1 - - [06/May/2026 09:30:08] "GET / HTTP/1.1" 200 -
2026-05-06 09:30:38,796 [INFO] 127.0.0.1 - - [06/May/2026 09:30:38] "GET / HTTP/1.1" 200 -
2026-05-06 09:31:09,151 [INFO] 127.0.0.1 - - [06/May/2026 09:31:09] "GET / HTTP/1.1" 200 -
2026-05-06 09:31:39,192 [INFO] 127.0.0.1 - - [06/May/2026 09:31:39] "GET / HTTP/1.1" 200 -
2026-05-06 09:32:09,639 [INFO] 127.0.0.1 - - [06/May/2026 09:32:09] "GET / HTTP/1.1" 200 -
2026-05-06 09:32:39,987 [INFO] 127.0.0.1 - - [06/May/2026 09:32:39] "GET / HTTP/1.1" 200 -
2026-05-06 09:33:10,346 [INFO] 127.0.0.1 - - [06/May/2026 09:33:10] "GET / HTTP/1.1" 200 -
2026-05-06 09:33:40,387 [INFO] 127.0.0.1 - - [06/May/2026 09:33:40] "GET / HTTP/1.1" 200 -
2026-05-06 09:34:10,731 [INFO] 127.0.0.1 - - [06/May/2026 09:34:10] "GET / HTTP/1.1" 200 -
2026-05-06 09:34:40,766 [INFO] 127.0.0.1 - - [06/May/2026 09:34:40] "GET / HTTP/1.1" 200 -
2026-05-06 09:35:11,215 [INFO] 127.0.0.1 - - [06/May/2026 09:35:11] "GET / HTTP/1.1" 200 -
2026-05-06 09:35:41,261 [INFO] 127.0.0.1 - - [06/May/2026 09:35:41] "GET / HTTP/1.1" 200 -
2026-05-06 09:36:11,615 [INFO] 127.0.0.1 - - [06/May/2026 09:36:11] "GET / HTTP/1.1" 200 -
2026-05-06 09:36:41,789 [INFO] 127.0.0.1 - - [06/May/2026 09:36:41] "GET / HTTP/1.1" 200 -
2026-05-06 09:37:12,242 [INFO] 127.0.0.1 - - [06/May/2026 09:37:12] "GET / HTTP/1.1" 200 -
2026-05-06 09:37:22,502 [INFO] setting up API-client for environment practice
2026-05-06 09:37:22,504 [INFO] performing request https://api-fxpractice.oanda.com/v3/instruments/EUR_USD/candles
2026-05-06 09:37:24,092 [INFO] SIGNAL: EUR_USD BUY 115.0% | News: NEUTRAL | COT: NEUTRAL | Regime: RANGING
2026-05-06 09:37:26,095 [INFO] setting up API-client for environment practice
2026-05-06 09:37:26,096 [INFO] performing request https://api-fxpractice.oanda.com/v3/instruments/GBP_USD/candles
2026-05-06 09:37:28,191 [INFO] SIGNAL: GBP_USD BUY 115.0% | News: NEUTRAL | COT: NEUTRAL | Regime: RANGING
2026-05-06 09:37:30,194 [INFO] setting up API-client for environment practice
2026-05-06 09:37:30,195 [INFO] performing request https://api-fxpractice.oanda.com/v3/instruments/USD_JPY/candles
2026-05-06 09:37:31,654 [INFO] SIGNAL: USD_JPY BUY 94.1% | News: NEUTRAL | COT: NEUTRAL | Regime: RANGING
2026-05-06 09:37:33,657 [INFO] setting up API-client for environment practice
2026-05-06 09:37:33,658 [INFO] performing request https://api-fxpractice.oanda.com/v3/instruments/AUD_USD/candles
2026-05-06 09:37:35,111 [INFO] SIGNAL: AUD_USD BUY 108.3% | News: NEUTRAL | COT: NEUTRAL | Regime: TRENDING
2026-05-06 09:37:37,113 [INFO] setting up API-client for environment practice
2026-05-06 09:37:37,115 [INFO] performing request https://api-fxpractice.oanda.com/v3/instruments/USD_CAD/candles
2026-05-06 09:37:38,584 [INFO] SIGNAL: USD_CAD SELL 115.0% | News: NEUTRAL | COT: NEUTRAL | Regime: RANGING
2026-05-06 09:37:40,585 [INFO] Cycle #36 done. Trades in memory: 133 | WR: 85.0% | RL episodes: 133
2026-05-06 09:37:42,500 [INFO] 127.0.0.1 - - [06/May/2026 09:37:42] "GET / HTTP/1.1" 200 -
2026-05-06 09:38:12,866 [INFO] 127.0.0.1 - - [06/May/2026 09:38:12] "GET / HTTP/1.1" 200 -
2026-05-06 09:38:24,131 [INFO] Learned: EUR_USD WIN | WR: 85.1% | RL: 134
2026-05-06 09:38:28,225 [INFO] Learned: GBP_USD WIN | WR: 85.2% | RL: 135
2026-05-06 09:38:31,706 [INFO] Learned: USD_JPY WIN | WR: 85.3% | RL: 136
2026-05-06 09:38:35,173 [INFO] Learned: AUD_USD WIN | WR: 85.4% | RL: 137
2026-05-06 09:38:38,624 [INFO] Learned: USD_CAD WIN | WR: 85.5% | RL: 138
2026-05-06 09:38:43,044 [INFO] 127.0.0.1 - - [06/May/2026 09:38:43] "GET / HTTP/1.1" 200 -
2026-05-06 09:39:13,392 [INFO] 127.0.0.1 - - [06/May/2026 09:39:13] "GET / HTTP/1.1" 200 -
2026-05-06 09:39:45,056 [INFO] 127.0.0.1 - - [06/May/2026 09:39:45] "GET / HTTP/1.1" 200 -
2026-05-06 09:40:15,400 [INFO] 127.0.0.1 - - [06/May/2026 09:40:15] "GET / HTTP/1.1" 200 -
2026-05-06 09:40:45,457 [INFO] 127.0.0.1 - - [06/May/2026 09:40:45] "GET / HTTP/1.1" 200 -
2026-05-06 09:41:15,807 [INFO] 127.0.0.1 - - [06/May/2026 09:41:15] "GET / HTTP/1.1" 200 -
2026-05-06 09:41:45,835 [INFO] 127.0.0.1 - - [06/May/2026 09:41:45] "GET / HTTP/1.1" 200 -
2026-05-06 09:42:16,189 [INFO] 127.0.0.1 - - [06/May/2026 09:42:16] "GET / HTTP/1.1" 200 -
2026-05-06 09:42:46,229 [INFO] 127.0.0.1 - - [06/May/2026 09:42:46] "GET / HTTP/1.1" 200 -
2026-05-06 09:43:16,579 [INFO] 127.0.0.1 - - [06/May/2026 09:43:16] "GET / HTTP/1.1" 200 -
2026-05-06 09:43:46,626 [INFO] 127.0.0.1 - - [06/May/2026 09:43:46] "GET / HTTP/1.1" 200 -
2026-05-06 09:44:16,991 [INFO] 127.0.0.1 - - [06/May/2026 09:44:16] "GET / HTTP/1.1" 200 -
2026-05-06 09:44:47,044 [INFO] 127.0.0.1 - - [06/May/2026 09:44:47] "GET / HTTP/1.1" 200 -
2026-05-06 09:45:17,484 [INFO] 127.0.0.1 - - [06/May/2026 09:45:17] "GET / HTTP/1.1" 200 -
2026-05-06 09:45:47,527 [INFO] 127.0.0.1 - - [06/May/2026 09:45:47] "GET / HTTP/1.1" 200 -
2026-05-06 09:46:17,987 [INFO] 127.0.0.1 - - [06/May/2026 09:46:17] "GET / HTTP/1.1" 200 -
2026-05-06 09:46:48,024 [INFO] 127.0.0.1 - - [06/May/2026 09:46:48] "GET / HTTP/1.1" 200 -
2026-05-06 09:47:18,361 [INFO] 127.0.0.1 - - [06/May/2026 09:47:18] "GET / HTTP/1.1" 200 -
2026-05-06 09:47:48,401 [INFO] 127.0.0.1 - - [06/May/2026 09:47:48] "GET / HTTP/1.1" 200 -
2026-05-06 09:48:18,738 [INFO] 127.0.0.1 - - [06/May/2026 09:48:18] "GET / HTTP/1.1" 200 -
2026-05-06 09:48:48,760 [INFO] 127.0.0.1 - - [06/May/2026 09:48:48] "GET / HTTP/1.1" 200 -
2026-05-06 09:49:19,093 [INFO] 127.0.0.1 - - [06/May/2026 09:49:19] "GET / HTTP/1.1" 200 -
2026-05-06 09:49:49,126 [INFO] 127.0.0.1 - - [06/May/2026 09:49:49] "GET / HTTP/1.1" 200 -
2026-05-06 09:50:19,468 [INFO] 127.0.0.1 - - [06/May/2026 09:50:19] "GET / HTTP/1.1" 200 -
2026-05-06 09:50:49,504 [INFO] 127.0.0.1 - - [06/May/2026 09:50:49] "GET / HTTP/1.1" 200 -
2026-05-06 09:51:19,842 [INFO] 127.0.0.1 - - [06/May/2026 09:51:19] "GET / HTTP/1.1" 200 -
2026-05-06 09:51:49,868 [INFO] 127.0.0.1 - - [06/May/2026 09:51:49] "GET / HTTP/1.1" 200 -
2026-05-06 09:52:20,213 [INFO] 127.0.0.1 - - [06/May/2026 09:52:20] "GET / HTTP/1.1" 200 -
2026-05-06 09:52:40,587 [INFO] setting up API-client for environment practice
2026-05-06 09:52:40,587 [INFO] performing request https://api-fxpractice.oanda.com/v3/instruments/EUR_USD/candles
2026-05-06 09:52:42,009 [INFO] News: 18 articles fetched
2026-05-06 09:52:42,800 [INFO] Correlations: ['DXY', 'GOLD', 'OIL', 'SP500', 'VIX'] loaded
2026-05-06 09:52:45,469 [INFO] SIGNAL: EUR_USD BUY 115.0% | News: NEUTRAL | COT: NEUTRAL | Regime: RANGING
2026-05-06 09:52:47,470 [INFO] setting up API-client for environment practice
2026-05-06 09:52:47,470 [INFO] performing request https://api-fxpractice.oanda.com/v3/instruments/GBP_USD/candles
2026-05-06 09:52:49,113 [INFO] SIGNAL: GBP_USD BUY 115.0% | News: NEUTRAL | COT: NEUTRAL | Regime: RANGING
2026-05-06 09:52:50,336 [INFO] 127.0.0.1 - - [06/May/2026 09:52:50] "GET / HTTP/1.1" 200 -
2026-05-06 09:52:51,115 [INFO] setting up API-client for environment practice
2026-05-06 09:52:51,115 [INFO] performing request https://api-fxpractice.oanda.com/v3/instruments/USD_JPY/candles
2026-05-06 09:52:52,627 [INFO] SIGNAL: USD_JPY BUY 93.3% | News: NEUTRAL | COT: NEUTRAL | Regime: RANGING
2026-05-06 09:52:54,629 [INFO] setting up API-client for environment practice
2026-05-06 09:52:54,629 [INFO] performing request https://api-fxpractice.oanda.com/v3/instruments/AUD_USD/candles
2026-05-06 09:52:56,696 [INFO] SIGNAL: AUD_USD BUY 108.3% | News: NEUTRAL | COT: NEUTRAL | Regime: TRENDING
2026-05-06 09:52:58,697 [INFO] setting up API-client for environment practice
2026-05-06 09:52:58,697 [INFO] performing request https://api-fxpractice.oanda.com/v3/instruments/USD_CAD/candles
2026-05-06 09:53:00,105 [INFO] SIGNAL: USD_CAD SELL 115.0% | News: NEUTRAL | COT: NEUTRAL | Regime: RANGING
2026-05-06 09:53:02,106 [INFO] Cycle #37 done. Trades in memory: 138 | WR: 85.5% | RL episodes: 138
2026-05-06 09:53:20,675 [INFO] 127.0.0.1 - - [06/May/2026 09:53:20] "GET / HTTP/1.1" 200 -
2026-05-06 09:53:45,502 [INFO] Learned: EUR_USD WIN | WR: 85.6% | RL: 139
2026-05-06 09:53:49,256 [INFO] Learned: GBP_USD WIN | WR: 85.7% | RL: 140
2026-05-06 09:53:50,739 [INFO] 127.0.0.1 - - [06/May/2026 09:53:50] "GET / HTTP/1.1" 200 -
2026-05-06 09:53:52,679 [INFO] Learned: USD_JPY WIN | WR: 85.8% | RL: 141
2026-05-06 09:53:56,744 [INFO] Learned: AUD_USD WIN | WR: 85.9% | RL: 142
2026-05-06 09:54:00,163 [INFO] Learned: USD_CAD WIN | WR: 86.0% | RL: 143
2026-05-06 09:54:21,109 [INFO] 127.0.0.1 - - [06/May/2026 09:54:21] "GET / HTTP/1.1" 200 -
2026-05-06 09:54:51,161 [INFO] 127.0.0.1 - - [06/May/2026 09:54:51] "GET / HTTP/1.1" 200 -
2026-05-06 09:55:21,632 [INFO] 127.0.0.1 - - [06/May/2026 09:55:21] "GET / HTTP/1.1" 200 -
2026-05-06 09:55:51,696 [INFO] 127.0.0.1 - - [06/May/2026 09:55:51] "GET / HTTP/1.1" 200 -
2026-05-06 09:56:22,048 [INFO] 127.0.0.1 - - [06/May/2026 09:56:22] "GET / HTTP/1.1" 200 -
2026-05-06 09:56:52,084 [INFO] 127.0.0.1 - - [06/May/2026 09:56:52] "GET / HTTP/1.1" 200 -
2026-05-06 09:57:22,437 [INFO] 127.0.0.1 - - [06/May/2026 09:57:22] "GET / HTTP/1.1" 200 -
2026-05-06 09:57:52,496 [INFO] 127.0.0.1 - - [06/May/2026 09:57:52] "GET / HTTP/1.1" 200 -
2026-05-06 09:58:22,898 [INFO] 127.0.0.1 - - [06/May/2026 09:58:22] "GET / HTTP/1.1" 200 -
2026-05-06 09:58:53,079 [INFO] 127.0.0.1 - - [06/May/2026 09:58:53] "GET / HTTP/1.1" 200 -
2026-05-06 09:59:23,432 [INFO] 127.0.0.1 - - [06/May/2026 09:59:23] "GET / HTTP/1.1" 200 -
2026-05-06 09:59:53,476 [INFO] 127.0.0.1 - - [06/May/2026 09:59:53] "GET / HTTP/1.1" 200 -
2026-05-06 10:00:23,823 [INFO] 127.0.0.1 - - [06/May/2026 10:00:23] "GET / HTTP/1.1" 200 -
2026-05-06 10:00:53,868 [INFO] 127.0.0.1 - - [06/May/2026 10:00:53] "GET / HTTP/1.1" 200 -
2026-05-06 10:01:24,221 [INFO] 127.0.0.1 - - [06/May/2026 10:01:24] "GET / HTTP/1.1" 200 -
2026-05-06 10:01:54,263 [INFO] 127.0.0.1 - - [06/May/2026 10:01:54] "GET / HTTP/1.1" 200 -
2026-05-06 10:02:24,613 [INFO] 127.0.0.1 - - [06/May/2026 10:02:24] "GET / HTTP/1.1" 200 -
2026-05-06 10:02:54,666 [INFO] 127.0.0.1 - - [06/May/2026 10:02:54] "GET / HTTP/1.1" 200 -
2026-05-06 10:03:25,009 [INFO] 127.0.0.1 - - [06/May/2026 10:03:25] "GET / HTTP/1.1" 200 -
2026-05-06 10:03:55,060 [INFO] 127.0.0.1 - - [06/May/2026 10:03:55] "GET / HTTP/1.1" 200 -
2026-05-06 10:04:25,412 [INFO] 127.0.0.1 - - [06/May/2026 10:04:25] "GET / HTTP/1.1" 200 -
2026-05-06 10:04:55,475 [INFO] 127.0.0.1 - - [06/May/2026 10:04:55] "GET / HTTP/1.1" 200 -
2026-05-06 10:05:25,835 [INFO] 127.0.0.1 - - [06/May/2026 10:05:25] "GET / HTTP/1.1" 200 -
2026-05-06 10:05:55,885 [INFO] 127.0.0.1 - - [06/May/2026 10:05:55] "GET / HTTP/1.1" 200 -
2026-05-06 10:06:26,241 [INFO] 127.0.0.1 - - [06/May/2026 10:06:26] "GET / HTTP/1.1" 200 -
2026-05-06 10:06:56,277 [INFO] 127.0.0.1 - - [06/May/2026 10:06:56] "GET / HTTP/1.1" 200 -
2026-05-06 10:07:26,628 [INFO] 127.0.0.1 - - [06/May/2026 10:07:26] "GET / HTTP/1.1" 200 -
2026-05-06 10:07:56,684 [INFO] 127.0.0.1 - - [06/May/2026 10:07:56] "GET / HTTP/1.1" 200 -
2026-05-06 10:08:02,106 [INFO] setting up API-client for environment practice
2026-05-06 10:08:02,107 [INFO] performing request https://api-fxpractice.oanda.com/v3/instruments/EUR_USD/candles
2026-05-06 10:08:04,029 [INFO] SIGNAL: EUR_USD BUY 98.4% | News: NEUTRAL | COT: NEUTRAL | Regime: RANGING
2026-05-06 10:08:06,031 [INFO] setting up API-client for environment practice
2026-05-06 10:08:06,032 [INFO] performing request https://api-fxpractice.oanda.com/v3/instruments/GBP_USD/candles
2026-05-06 10:08:08,050 [INFO] SIGNAL: GBP_USD BUY 76.5% | News: NEUTRAL | COT: NEUTRAL | Regime: RANGING
2026-05-06 10:08:10,052 [INFO] setting up API-client for environment practice
2026-05-06 10:08:10,053 [INFO] performing request https://api-fxpractice.oanda.com/v3/instruments/USD_JPY/candles
2026-05-06 10:08:10,750 [INFO] USD_JPY: 50.2% below 65.0% threshold. Skip.
2026-05-06 10:08:12,752 [INFO] setting up API-client for environment practice
2026-05-06 10:08:12,753 [INFO] performing request https://api-fxpractice.oanda.com/v3/instruments/AUD_USD/candles
2026-05-06 10:08:14,334 [INFO] SIGNAL: AUD_USD BUY 98.4% | News: NEUTRAL | COT: NEUTRAL | Regime: TRENDING
2026-05-06 10:08:16,337 [INFO] setting up API-client for environment practice
2026-05-06 10:08:16,338 [INFO] performing request https://api-fxpractice.oanda.com/v3/instruments/USD_CAD/candles
2026-05-06 10:08:17,863 [INFO] SIGNAL: USD_CAD SELL 104.8% | News: NEUTRAL | COT: NEUTRAL | Regime: RANGING
2026-05-06 10:08:19,865 [INFO] Cycle #38 done. Trades in memory: 143 | WR: 86.0% | RL episodes: 143
2026-05-06 10:08:27,027 [INFO] 127.0.0.1 - - [06/May/2026 10:08:27] "GET / HTTP/1.1" 200 -
2026-05-06 10:08:57,091 [INFO] 127.0.0.1 - - [06/May/2026 10:08:57] "GET / HTTP/1.1" 200 -
2026-05-06 10:09:04,085 [INFO] Learned: EUR_USD WIN | WR: 86.1% | RL: 144
2026-05-06 10:09:08,088 [INFO] Learned: GBP_USD WIN | WR: 86.2% | RL: 145
2026-05-06 10:09:14,535 [INFO] Learned: AUD_USD WIN | WR: 86.3% | RL: 146
2026-05-06 10:09:17,912 [INFO] Learned: USD_CAD WIN | WR: 86.4% | RL: 147
2026-05-06 10:09:27,441 [INFO] 127.0.0.1 - - [06/May/2026 10:09:27] "GET / HTTP/1.1" 200 -
2026-05-06 10:09:57,503 [INFO] 127.0.0.1 - - [06/May/2026 10:09:57] "GET / HTTP/1.1" 200 -
2026-05-06 10:10:27,863 [INFO] 127.0.0.1 - - [06/May/2026 10:10:27] "GET / HTTP/1.1" 200 -
2026-05-06 10:10:57,929 [INFO] 127.0.0.1 - - [06/May/2026 10:10:57] "GET / HTTP/1.1" 200 -
2026-05-06 10:11:28,283 [INFO] 127.0.0.1 - - [06/May/2026 10:11:28] "GET / HTTP/1.1" 200 -
2026-05-06 10:11:58,354 [INFO] 127.0.0.1 - - [06/May/2026 10:11:58] "GET / HTTP/1.1" 200 -
2026-05-06 10:12:28,761 [INFO] 127.0.0.1 - - [06/May/2026 10:12:28] "GET / HTTP/1.1" 200 -
2026-05-06 10:12:58,828 [INFO] 127.0.0.1 - - [06/May/2026 10:12:58] "GET / HTTP/1.1" 200 -
2026-05-06 10:13:29,178 [INFO] 127.0.0.1 - - [06/May/2026 10:13:29] "GET / HTTP/1.1" 200 -
2026-05-06 10:13:59,221 [INFO] 127.0.0.1 - - [06/May/2026 10:13:59] "GET / HTTP/1.1" 200 -
2026-05-06 10:14:29,574 [INFO] 127.0.0.1 - - [06/May/2026 10:14:29] "GET / HTTP/1.1" 200 -
2026-05-06 10:14:59,637 [INFO] 127.0.0.1 - - [06/May/2026 10:14:59] "GET / HTTP/1.1" 200 -
2026-05-06 10:15:30,126 [INFO] 127.0.0.1 - - [06/May/2026 10:15:30] "GET / HTTP/1.1" 200 -
2026-05-06 10:16:00,178 [INFO] 127.0.0.1 - - [06/May/2026 10:16:00] "GET / HTTP/1.1" 200 -
2026-05-06 10:16:30,524 [INFO] 127.0.0.1 - - [06/May/2026 10:16:30] "GET / HTTP/1.1" 200 -
2026-05-06 10:17:00,872 [INFO] 127.0.0.1 - - [06/May/2026 10:17:00] "GET / HTTP/1.1" 200 -
2026-05-06 10:17:31,244 [INFO] 127.0.0.1 - - [06/May/2026 10:17:31] "GET / HTTP/1.1" 200 -
2026-05-06 10:18:01,284 [INFO] 127.0.0.1 - - [06/May/2026 10:18:01] "GET / HTTP/1.1" 200 -
2026-05-06 10:18:31,777 [INFO] 127.0.0.1 - - [06/May/2026 10:18:31] "GET / HTTP/1.1" 200 -
2026-05-06 10:19:01,842 [INFO] 127.0.0.1 - - [06/May/2026 10:19:01] "GET / HTTP/1.1" 200 -
2026-05-06 10:19:32,181 [INFO] 127.0.0.1 - - [06/May/2026 10:19:32] "GET / HTTP/1.1" 200 -
2026-05-06 10:20:02,226 [INFO] 127.0.0.1 - - [06/May/2026 10:20:02] "GET / HTTP/1.1" 200 -
2026-05-06 10:20:32,588 [INFO] 127.0.0.1 - - [06/May/2026 10:20:32] "GET / HTTP/1.1" 200 -
2026-05-06 10:21:02,632 [INFO] 127.0.0.1 - - [06/May/2026 10:21:02] "GET / HTTP/1.1" 200 -
2026-05-06 10:21:32,993 [INFO] 127.0.0.1 - - [06/May/2026 10:21:32] "GET / HTTP/1.1" 200 -
2026-05-06 10:22:03,048 [INFO] 127.0.0.1 - - [06/May/2026 10:22:03] "GET / HTTP/1.1" 200 -
2026-05-06 10:22:33,414 [INFO] 127.0.0.1 - - [06/May/2026 10:22:33] "GET / HTTP/1.1" 200 -
2026-05-06 10:23:03,470 [INFO] 127.0.0.1 - - [06/May/2026 10:23:03] "GET / HTTP/1.1" 200 -
2026-05-06 10:23:19,866 [INFO] setting up API-client for environment practice
2026-05-06 10:23:19,866 [INFO] performing request https://api-fxpractice.oanda.com/v3/instruments/EUR_USD/candles
2026-05-06 10:23:20,888 [INFO] ForexFactory: 115 events loaded
2026-05-06 10:23:21,574 [INFO] News: 19 articles fetched
2026-05-06 10:23:22,700 [INFO] Correlations: ['DXY', 'GOLD', 'OIL', 'SP500', 'VIX'] loaded
2026-05-06 10:23:24,921 [INFO] SIGNAL: EUR_USD BUY 98.6% | News: NEUTRAL | COT: NEUTRAL | Regime: RANGING
2026-05-06 10:23:26,923 [INFO] setting up API-client for environment practice
2026-05-06 10:23:26,924 [INFO] performing request https://api-fxpractice.oanda.com/v3/instruments/GBP_USD/candles
2026-05-06 10:23:28,437 [INFO] SIGNAL: GBP_USD BUY 103.6% | News: NEUTRAL | COT: NEUTRAL | Regime: RANGING
2026-05-06 10:23:30,440 [INFO] setting up API-client for environment practice
2026-05-06 10:23:30,441 [INFO] performing request https://api-fxpractice.oanda.com/v3/instruments/USD_JPY/candles
2026-05-06 10:23:31,704 [INFO] USD_JPY: 51.0% below 60.0% threshold. Skip.
2026-05-06 10:23:33,705 [INFO] setting up API-client for environment practice
2026-05-06 10:23:33,706 [INFO] performing request https://api-fxpractice.oanda.com/v3/instruments/AUD_USD/candles
2026-05-06 10:23:33,828 [INFO] 127.0.0.1 - - [06/May/2026 10:23:33] "GET / HTTP/1.1" 200 -
2026-05-06 10:23:35,363 [INFO] SIGNAL: AUD_USD BUY 98.6% | News: NEUTRAL | COT: NEUTRAL | Regime: TRENDING
2026-05-06 10:23:37,366 [INFO] setting up API-client for environment practice
2026-05-06 10:23:37,367 [INFO] performing request https://api-fxpractice.oanda.com/v3/instruments/USD_CAD/candles
2026-05-06 10:23:39,299 [INFO] SIGNAL: USD_CAD SELL 100.4% | News: NEUTRAL | COT: NEUTRAL | Regime: RANGING
2026-05-06 10:23:41,302 [INFO] Cycle #39 done. Trades in memory: 147 | WR: 86.4% | RL episodes: 147
2026-05-06 10:24:03,866 [INFO] 127.0.0.1 - - [06/May/2026 10:24:03] "GET / HTTP/1.1" 200 -
2026-05-06 10:24:24,974 [INFO] Learned: EUR_USD WIN | WR: 86.5% | RL: 148
2026-05-06 10:24:28,492 [INFO] Learned: GBP_USD WIN | WR: 86.6% | RL: 149
2026-05-06 10:24:34,223 [INFO] 127.0.0.1 - - [06/May/2026 10:24:34] "GET / HTTP/1.1" 200 -
2026-05-06 10:24:35,422 [INFO] Learned: AUD_USD WIN | WR: 86.7% | RL: 150
2026-05-06 10:24:39,356 [INFO] Learned: USD_CAD WIN | WR: 86.8% | RL: 151
2026-05-06 10:25:04,268 [INFO] 127.0.0.1 - - [06/May/2026 10:25:04] "GET / HTTP/1.1" 200 -
2026-05-06 10:25:34,612 [INFO] 127.0.0.1 - - [06/May/2026 10:25:34] "GET / HTTP/1.1" 200 -
2026-05-06 10:26:04,647 [INFO] 127.0.0.1 - - [06/May/2026 10:26:04] "GET / HTTP/1.1" 200 -
2026-05-06 10:26:34,989 [INFO] 127.0.0.1 - - [06/May/2026 10:26:34] "GET / HTTP/1.1" 200 -
2026-05-06 10:27:05,029 [INFO] 127.0.0.1 - - [06/May/2026 10:27:05] "GET / HTTP/1.1" 200 -
2026-05-06 10:27:35,385 [INFO] 127.0.0.1 - - [06/May/2026 10:27:35] "GET / HTTP/1.1" 200 -
2026-05-06 10:28:05,426 [INFO] 127.0.0.1 - - [06/May/2026 10:28:05] "GET / HTTP/1.1" 200 -
2026-05-06 10:28:35,771 [INFO] 127.0.0.1 - - [06/May/2026 10:28:35] "GET / HTTP/1.1" 200 -
2026-05-06 10:29:05,836 [INFO] 127.0.0.1 - - [06/May/2026 10:29:05] "GET / HTTP/1.1" 200 -
2026-05-06 10:29:36,188 [INFO] 127.0.0.1 - - [06/May/2026 10:29:36] "GET / HTTP/1.1" 200 -
2026-05-06 10:30:07,912 [INFO] 127.0.0.1 - - [06/May/2026 10:30:07] "GET / HTTP/1.1" 200 -
2026-05-06 10:30:38,258 [INFO] 127.0.0.1 - - [06/May/2026 10:30:38] "GET / HTTP/1.1" 200 -
2026-05-06 10:31:08,314 [INFO] 127.0.0.1 - - [06/May/2026 10:31:08] "GET / HTTP/1.1" 200 -
2026-05-06 10:31:38,660 [INFO] 127.0.0.1 - - [06/May/2026 10:31:38] "GET / HTTP/1.1" 200 -
2026-05-06 10:32:08,720 [INFO] 127.0.0.1 - - [06/May/2026 10:32:08] "GET / HTTP/1.1" 200 -
2026-05-06 10:32:39,124 [INFO] 127.0.0.1 - - [06/May/2026 10:32:39] "GET / HTTP/1.1" 200 -
2026-05-06 10:33:09,169 [INFO] 127.0.0.1 - - [06/May/2026 10:33:09] "GET / HTTP/1.1" 200 -
2026-05-06 10:33:39,511 [INFO] 127.0.0.1 - - [06/May/2026 10:33:39] "GET / HTTP/1.1" 200 -
2026-05-06 10:34:09,547 [INFO] 127.0.0.1 - - [06/May/2026 10:34:09] "GET / HTTP/1.1" 200 -
2026-05-06 10:34:39,903 [INFO] 127.0.0.1 - - [06/May/2026 10:34:39] "GET / HTTP/1.1" 200 -
2026-05-06 10:35:09,943 [INFO] 127.0.0.1 - - [06/May/2026 10:35:09] "GET / HTTP/1.1" 200 -
2026-05-06 10:35:40,298 [INFO] 127.0.0.1 - - [06/May/2026 10:35:40] "GET / HTTP/1.1" 200 -
2026-05-06 10:36:10,341 [INFO] 127.0.0.1 - - [06/May/2026 10:36:10] "GET / HTTP/1.1" 200 -
2026-05-06 10:36:40,702 [INFO] 127.0.0.1 - - [06/May/2026 10:36:40] "GET / HTTP/1.1" 200 -
2026-05-06 10:37:10,755 [INFO] 127.0.0.1 - - [06/May/2026 10:37:10] "GET / HTTP/1.1" 200 -
2026-05-06 10:37:41,121 [INFO] 127.0.0.1 - - [06/May/2026 10:37:41] "GET / HTTP/1.1" 200 -
2026-05-06 10:38:11,172 [INFO] 127.0.0.1 - - [06/May/2026 10:38:11] "GET / HTTP/1.1" 200 -
2026-05-06 10:38:41,303 [INFO] setting up API-client for environment practice
2026-05-06 10:38:41,304 [INFO] performing request https://api-fxpractice.oanda.com/v3/instruments/EUR_USD/candles
2026-05-06 10:38:41,516 [INFO] 127.0.0.1 - - [06/May/2026 10:38:41] "GET / HTTP/1.1" 200 -
2026-05-06 10:38:43,006 [INFO] SIGNAL: EUR_USD BUY 97.4% | News: NEUTRAL | COT: NEUTRAL | Regime: RANGING
2026-05-06 10:38:45,009 [INFO] setting up API-client for environment practice
2026-05-06 10:38:45,158 [INFO] performing request https://api-fxpractice.oanda.com/v3/instruments/GBP_USD/candles
2026-05-06 10:38:46,600 [INFO] SIGNAL: GBP_USD BUY 104.4% | News: NEUTRAL | COT: NEUTRAL | Regime: RANGING
2026-05-06 10:38:48,603 [INFO] setting up API-client for environment practice
2026-05-06 10:38:48,604 [INFO] performing request https://api-fxpractice.oanda.com/v3/instruments/USD_JPY/candles
2026-05-06 10:38:50,223 [INFO] SIGNAL: USD_JPY SELL 76.6% | News: NEUTRAL | COT: NEUTRAL | Regime: RANGING
2026-05-06 10:38:52,225 [INFO] setting up API-client for environment practice
2026-05-06 10:38:52,226 [INFO] performing request https://api-fxpractice.oanda.com/v3/instruments/AUD_USD/candles
2026-05-06 10:38:53,651 [INFO] SIGNAL: AUD_USD BUY 80.1% | News: NEUTRAL | COT: NEUTRAL | Regime: TRENDING
2026-05-06 10:38:55,652 [INFO] setting up API-client for environment practice
2026-05-06 10:38:55,653 [INFO] performing request https://api-fxpractice.oanda.com/v3/instruments/USD_CAD/candles
2026-05-06 10:38:57,160 [INFO] SIGNAL: USD_CAD SELL 104.4% | News: NEUTRAL | COT: NEUTRAL | Regime: RANGING
2026-05-06 10:38:59,163 [INFO] Cycle #40 done. Trades in memory: 151 | WR: 86.8% | RL episodes: 151
2026-05-06 10:39:11,878 [INFO] 127.0.0.1 - - [06/May/2026 10:39:11] "GET / HTTP/1.1" 200 -
2026-05-06 10:39:42,255 [INFO] 127.0.0.1 - - [06/May/2026 10:39:42] "GET / HTTP/1.1" 200 -
2026-05-06 10:39:43,063 [INFO] Learned: EUR_USD WIN | WR: 86.8% | RL: 152
2026-05-06 10:39:46,655 [INFO] Learned: GBP_USD WIN | WR: 86.9% | RL: 153
2026-05-06 10:39:50,261 [INFO] Learned: USD_JPY LOSS | WR: 86.4% | RL: 154
2026-05-06 10:39:53,709 [INFO] Learned: AUD_USD WIN | WR: 86.5% | RL: 155
2026-05-06 10:39:57,210 [INFO] Learned: USD_CAD WIN | WR: 86.5% | RL: 156
2026-05-06 10:40:12,407 [INFO] 127.0.0.1 - - [06/May/2026 10:40:12] "GET / HTTP/1.1" 200 -
2026-05-06 10:40:42,770 [INFO] 127.0.0.1 - - [06/May/2026 10:40:42] "GET / HTTP/1.1" 200 -
2026-05-06 10:41:12,815 [INFO] 127.0.0.1 - - [06/May/2026 10:41:12] "GET / HTTP/1.1" 200 -
2026-05-06 10:41:43,166 [INFO] 127.0.0.1 - - [06/May/2026 10:41:43] "GET / HTTP/1.1" 200 -
2026-05-06 10:42:13,534 [INFO] 127.0.0.1 - - [06/May/2026 10:42:13] "GET / HTTP/1.1" 200 -
2026-05-06 10:42:44,235 [INFO] 127.0.0.1 - - [06/May/2026 10:42:44] "GET / HTTP/1.1" 200 -
2026-05-06 10:43:14,287 [INFO] 127.0.0.1 - - [06/May/2026 10:43:14] "GET / HTTP/1.1" 200 -
2026-05-06 10:43:44,633 [INFO] 127.0.0.1 - - [06/May/2026 10:43:44] "GET / HTTP/1.1" 200 -
2026-05-06 10:44:14,688 [INFO] 127.0.0.1 - - [06/May/2026 10:44:14] "GET / HTTP/1.1" 200 -
2026-05-06 10:44:45,025 [INFO] 127.0.0.1 - - [06/May/2026 10:44:45] "GET / HTTP/1.1" 200 -
2026-05-06 10:45:15,067 [INFO] 127.0.0.1 - - [06/May/2026 10:45:15] "GET / HTTP/1.1" 200 -
2026-05-06 10:45:45,411 [INFO] 127.0.0.1 - - [06/May/2026 10:45:45] "GET / HTTP/1.1" 200 -
2026-05-06 10:46:15,464 [INFO] 127.0.0.1 - - [06/May/2026 10:46:15] "GET / HTTP/1.1" 200 -
2026-05-06 10:46:45,808 [INFO] 127.0.0.1 - - [06/May/2026 10:46:45] "GET / HTTP/1.1" 200 -
2026-05-06 10:47:15,840 [INFO] 127.0.0.1 - - [06/May/2026 10:47:15] "GET / HTTP/1.1" 200 -
2026-05-06 10:47:46,277 [INFO] 127.0.0.1 - - [06/May/2026 10:47:46] "GET / HTTP/1.1" 200 -
2026-05-06 10:48:16,306 [INFO] 127.0.0.1 - - [06/May/2026 10:48:16] "GET / HTTP/1.1" 200 -
2026-05-06 10:48:46,658 [INFO] 127.0.0.1 - - [06/May/2026 10:48:46] "GET / HTTP/1.1" 200 -
2026-05-06 10:49:16,691 [INFO] 127.0.0.1 - - [06/May/2026 10:49:16] "GET / HTTP/1.1" 200 -
2026-05-06 10:49:47,045 [INFO] 127.0.0.1 - - [06/May/2026 10:49:47] "GET / HTTP/1.1" 200 -
2026-05-06 10:50:17,086 [INFO] 127.0.0.1 - - [06/May/2026 10:50:17] "GET / HTTP/1.1" 200 -
2026-05-06 10:50:47,443 [INFO] 127.0.0.1 - - [06/May/2026 10:50:47] "GET / HTTP/1.1" 200 -
2026-05-06 10:51:17,498 [INFO] 127.0.0.1 - - [06/May/2026 10:51:17] "GET / HTTP/1.1" 200 -
2026-05-06 10:51:47,859 [INFO] 127.0.0.1 - - [06/May/2026 10:51:47] "GET / HTTP/1.1" 200 -
2026-05-06 10:52:18,049 [INFO] 127.0.0.1 - - [06/May/2026 10:52:18] "GET / HTTP/1.1" 200 -
2026-05-06 10:52:48,509 [INFO] 127.0.0.1 - - [06/May/2026 10:52:48] "GET / HTTP/1.1" 200 -
2026-05-06 10:53:18,569 [INFO] 127.0.0.1 - - [06/May/2026 10:53:18] "GET / HTTP/1.1" 200 -
2026-05-06 10:53:48,928 [INFO] 127.0.0.1 - - [06/May/2026 10:53:48] "GET / HTTP/1.1" 200 -
2026-05-06 10:53:59,164 [INFO] setting up API-client for environment practice
2026-05-06 10:53:59,165 [INFO] performing request https://api-fxpractice.oanda.com/v3/instruments/EUR_USD/candles
2026-05-06 10:54:00,674 [INFO] News: 20 articles fetched
2026-05-06 10:54:01,550 [INFO] Correlations: ['DXY', 'GOLD', 'OIL', 'SP500', 'VIX'] loaded
2026-05-06 10:54:04,187 [INFO] SIGNAL: EUR_USD BUY 85.0% | News: NEUTRAL | COT: NEUTRAL | Regime: RANGING
2026-05-06 10:54:06,190 [INFO] setting up API-client for environment practice
2026-05-06 10:54:06,191 [INFO] performing request https://api-fxpractice.oanda.com/v3/instruments/GBP_USD/candles
2026-05-06 10:54:07,928 [INFO] SIGNAL: GBP_USD BUY 115.0% | News: NEUTRAL | COT: NEUTRAL | Regime: RANGING
2026-05-06 10:54:09,931 [INFO] setting up API-client for environment practice
2026-05-06 10:54:09,932 [INFO] performing request https://api-fxpractice.oanda.com/v3/instruments/USD_JPY/candles
2026-05-06 10:54:11,494 [INFO] SIGNAL: USD_JPY SELL 70.9% | News: NEUTRAL | COT: NEUTRAL | Regime: RANGING
2026-05-06 10:54:13,496 [INFO] setting up API-client for environment practice
2026-05-06 10:54:13,497 [INFO] performing request https://api-fxpractice.oanda.com/v3/instruments/AUD_USD/candles
2026-05-06 10:54:15,113 [INFO] SIGNAL: AUD_USD BUY 108.3% | News: NEUTRAL | COT: NEUTRAL | Regime: TRENDING
2026-05-06 10:54:17,115 [INFO] setting up API-client for environment practice
2026-05-06 10:54:17,115 [INFO] performing request https://api-fxpractice.oanda.com/v3/instruments/USD_CAD/candles
2026-05-06 10:54:18,500 [INFO] SIGNAL: USD_CAD SELL 115.0% | News: NEUTRAL | COT: NEUTRAL | Regime: RANGING
2026-05-06 10:54:19,117 [INFO] 127.0.0.1 - - [06/May/2026 10:54:19] "GET / HTTP/1.1" 200 -
2026-05-06 10:54:20,503 [INFO] Cycle #41 done. Trades in memory: 156 | WR: 86.5% | RL episodes: 156
2026-05-06 10:54:49,464 [INFO] 127.0.0.1 - - [06/May/2026 10:54:49] "GET / HTTP/1.1" 200 -
2026-05-06 10:55:04,248 [INFO] Learned: EUR_USD WIN | WR: 86.6% | RL: 157
2026-05-06 10:55:07,975 [INFO] Learned: GBP_USD WIN | WR: 86.7% | RL: 158
2026-05-06 10:55:11,557 [INFO] Learned: USD_JPY WIN | WR: 86.8% | RL: 159
2026-05-06 10:55:15,174 [INFO] Learned: AUD_USD WIN | WR: 86.9% | RL: 160
2026-05-06 10:55:18,540 [INFO] Learned: USD_CAD WIN | WR: 87.0% | RL: 161
2026-05-06 10:55:21,333 [INFO] 127.0.0.1 - - [06/May/2026 10:55:21] "GET / HTTP/1.1" 200 -
2026-05-06 10:55:51,945 [INFO] 127.0.0.1 - - [06/May/2026 10:55:51] "GET / HTTP/1.1" 200 -
2026-05-06 10:56:21,989 [INFO] 127.0.0.1 - - [06/May/2026 10:56:21] "GET / HTTP/1.1" 200 -
2026-05-06 10:56:52,389 [INFO] 127.0.0.1 - - [06/May/2026 10:56:52] "GET / HTTP/1.1" 200 -
2026-05-06 10:57:22,443 [INFO] 127.0.0.1 - - [06/May/2026 10:57:22] "GET / HTTP/1.1" 200 -
2026-05-06 10:57:54,417 [INFO] 127.0.0.1 - - [06/May/2026 10:57:54] "GET / HTTP/1.1" 200 -
2026-05-06 10:58:24,465 [INFO] 127.0.0.1 - - [06/May/2026 10:58:24] "GET / HTTP/1.1" 200 -
2026-05-06 10:58:54,830 [INFO] 127.0.0.1 - - [06/May/2026 10:58:54] "GET / HTTP/1.1" 200 -
2026-05-06 10:59:24,880 [INFO] 127.0.0.1 - - [06/May/2026 10:59:24] "GET / HTTP/1.1" 200 -
2026-05-06 10:59:55,225 [INFO] 127.0.0.1 - - [06/May/2026 10:59:55] "GET / HTTP/1.1" 200 -
2026-05-06 11:00:25,284 [INFO] 127.0.0.1 - - [06/May/2026 11:00:25] "GET / HTTP/1.1" 200 -
2026-05-06 11:00:55,642 [INFO] 127.0.0.1 - - [06/May/2026 11:00:55] "GET / HTTP/1.1" 200 -
2026-05-06 11:01:25,701 [INFO] 127.0.0.1 - - [06/May/2026 11:01:25] "GET / HTTP/1.1" 200 -
2026-05-06 11:01:56,071 [INFO] 127.0.0.1 - - [06/May/2026 11:01:56] "GET / HTTP/1.1" 200 -
2026-05-06 11:02:26,105 [INFO] 127.0.0.1 - - [06/May/2026 11:02:26] "GET / HTTP/1.1" 200 -
2026-05-06 11:02:56,454 [INFO] 127.0.0.1 - - [06/May/2026 11:02:56] "GET / HTTP/1.1" 200 -
2026-05-06 11:03:26,501 [INFO] 127.0.0.1 - - [06/May/2026 11:03:26] "GET / HTTP/1.1" 200 -
2026-05-06 11:03:56,854 [INFO] 127.0.0.1 - - [06/May/2026 11:03:56] "GET / HTTP/1.1" 200 -
2026-05-06 11:04:26,909 [INFO] 127.0.0.1 - - [06/May/2026 11:04:26] "GET / HTTP/1.1" 200 -
2026-05-06 11:04:57,253 [INFO] 127.0.0.1 - - [06/May/2026 11:04:57] "GET / HTTP/1.1" 200 -
2026-05-06 11:05:27,606 [INFO] 127.0.0.1 - - [06/May/2026 11:05:27] "GET / HTTP/1.1" 200 -
2026-05-06 11:05:57,963 [INFO] 127.0.0.1 - - [06/May/2026 11:05:57] "GET / HTTP/1.1" 200 -
2026-05-06 11:06:28,015 [INFO] 127.0.0.1 - - [06/May/2026 11:06:28] "GET / HTTP/1.1" 200 -
2026-05-06 11:06:58,358 [INFO] 127.0.0.1 - - [06/May/2026 11:06:58] "GET / HTTP/1.1" 200 -
2026-05-06 11:07:28,413 [INFO] 127.0.0.1 - - [06/May/2026 11:07:28] "GET / HTTP/1.1" 200 -
2026-05-06 11:07:58,781 [INFO] 127.0.0.1 - - [06/May/2026 11:07:58] "GET / HTTP/1.1" 200 -
2026-05-06 11:08:28,838 [INFO] 127.0.0.1 - - [06/May/2026 11:08:28] "GET / HTTP/1.1" 200 -
2026-05-06 11:08:59,181 [INFO] 127.0.0.1 - - [06/May/2026 11:08:59] "GET / HTTP/1.1" 200 -
2026-05-06 11:09:20,505 [INFO] setting up API-client for environment practice
2026-05-06 11:09:20,507 [INFO] performing request https://api-fxpractice.oanda.com/v3/instruments/EUR_USD/candles
2026-05-06 11:09:25,131 [INFO] SIGNAL: EUR_USD BUY 115.0% | News: NEUTRAL | COT: NEUTRAL | Regime: RANGING
2026-05-06 11:09:27,133 [INFO] setting up API-client for environment practice
2026-05-06 11:09:27,134 [INFO] performing request https://api-fxpractice.oanda.com/v3/instruments/GBP_USD/candles
2026-05-06 11:09:28,640 [INFO] SIGNAL: GBP_USD BUY 115.0% | News: NEUTRAL | COT: NEUTRAL | Regime: RANGING
2026-05-06 11:09:29,237 [INFO] 127.0.0.1 - - [06/May/2026 11:09:29] "GET / HTTP/1.1" 200 -
2026-05-06 11:09:30,642 [INFO] setting up API-client for environment practice
2026-05-06 11:09:30,643 [INFO] performing request https://api-fxpractice.oanda.com/v3/instruments/USD_JPY/candles
2026-05-06 11:09:32,135 [INFO] SIGNAL: USD_JPY SELL 75.4% | News: NEUTRAL | COT: NEUTRAL | Regime: RANGING
2026-05-06 11:09:34,139 [INFO] setting up API-client for environment practice
2026-05-06 11:09:34,248 [INFO] performing request https://api-fxpractice.oanda.com/v3/instruments/AUD_USD/candles
2026-05-06 11:09:35,854 [INFO] SIGNAL: AUD_USD BUY 108.3% | News: NEUTRAL | COT: NEUTRAL | Regime: TRENDING
2026-05-06 11:09:37,855 [INFO] setting up API-client for environment practice
2026-05-06 11:09:37,856 [INFO] performing request https://api-fxpractice.oanda.com/v3/instruments/USD_CAD/candles
2026-05-06 11:09:39,318 [INFO] SIGNAL: USD_CAD SELL 115.0% | News: NEUTRAL | COT: NEUTRAL | Regime: RANGING
2026-05-06 11:09:41,320 [INFO] Cycle #42 done. Trades in memory: 161 | WR: 87.0% | RL episodes: 161
2026-05-06 11:09:59,588 [INFO] 127.0.0.1 - - [06/May/2026 11:09:59] "GET / HTTP/1.1" 200 -
2026-05-06 11:10:25,181 [INFO] Learned: EUR_USD WIN | WR: 87.0% | RL: 162
2026-05-06 11:10:28,684 [INFO] Learned: GBP_USD WIN | WR: 87.1% | RL: 163
2026-05-06 11:10:29,648 [INFO] 127.0.0.1 - - [06/May/2026 11:10:29] "GET / HTTP/1.1" 200 -
2026-05-06 11:10:32,186 [INFO] Learned: USD_JPY WIN | WR: 87.2% | RL: 164
2026-05-06 11:10:35,901 [INFO] Learned: AUD_USD WIN | WR: 87.3% | RL: 165
2026-05-06 11:10:39,493 [INFO] Learned: USD_CAD WIN | WR: 87.3% | RL: 166
2026-05-06 11:11:00,014 [INFO] 127.0.0.1 - - [06/May/2026 11:11:00] "GET / HTTP/1.1" 200 -
2026-05-06 11:11:30,051 [INFO] 127.0.0.1 - - [06/May/2026 11:11:30] "GET / HTTP/1.1" 200 -
2026-05-06 11:12:00,387 [INFO] 127.0.0.1 - - [06/May/2026 11:12:00] "GET / HTTP/1.1" 200 -
2026-05-06 11:12:30,456 [INFO] 127.0.0.1 - - [06/May/2026 11:12:30] "GET / HTTP/1.1" 200 -
2026-05-06 11:13:00,811 [INFO] 127.0.0.1 - - [06/May/2026 11:13:00] "GET / HTTP/1.1" 200 -
2026-05-06 11:13:30,870 [INFO] 127.0.0.1 - - [06/May/2026 11:13:30] "GET / HTTP/1.1" 200 -
2026-05-06 11:14:01,226 [INFO] 127.0.0.1 - - [06/May/2026 11:14:01] "GET / HTTP/1.1" 200 -
2026-05-06 11:14:31,271 [INFO] 127.0.0.1 - - [06/May/2026 11:14:31] "GET / HTTP/1.1" 200 -
2026-05-06 11:15:01,634 [INFO] 127.0.0.1 - - [06/May/2026 11:15:01] "GET / HTTP/1.1" 200 -
2026-05-06 11:15:31,675 [INFO] 127.0.0.1 - - [06/May/2026 11:15:31] "GET / HTTP/1.1" 200 -
2026-05-06 11:16:02,026 [INFO] 127.0.0.1 - - [06/May/2026 11:16:02] "GET / HTTP/1.1" 200 -
2026-05-06 11:16:32,064 [INFO] 127.0.0.1 - - [06/May/2026 11:16:32] "GET / HTTP/1.1" 200 -
2026-05-06 11:17:02,416 [INFO] 127.0.0.1 - - [06/May/2026 11:17:02] "GET / HTTP/1.1" 200 -
2026-05-06 11:17:32,454 [INFO] 127.0.0.1 - - [06/May/2026 11:17:32] "GET / HTTP/1.1" 200 -
2026-05-06 11:18:02,824 [INFO] 127.0.0.1 - - [06/May/2026 11:18:02] "GET / HTTP/1.1" 200 -
2026-05-06 11:18:32,887 [INFO] 127.0.0.1 - - [06/May/2026 11:18:32] "GET / HTTP/1.1" 200 -
2026-05-06 11:19:03,259 [INFO] 127.0.0.1 - - [06/May/2026 11:19:03] "GET / HTTP/1.1" 200 -
2026-05-06 11:19:33,311 [INFO] 127.0.0.1 - - [06/May/2026 11:19:33] "GET / HTTP/1.1" 200 -
2026-05-06 11:20:03,679 [INFO] 127.0.0.1 - - [06/May/2026 11:20:03] "GET / HTTP/1.1" 200 -
2026-05-06 11:20:33,729 [INFO] 127.0.0.1 - - [06/May/2026 11:20:33] "GET / HTTP/1.1" 200 -
2026-05-06 14:05:19,759 [INFO] setting up API-client for environment practice
2026-05-06 14:05:19,761 [INFO] performing request https://api-fxpractice.oanda.com/v3/instruments/EUR_USD/candles
2026-05-06 14:05:20,220 [ERROR] request https://api-fxpractice.oanda.com/v3/instruments/EUR_USD/candles failed [HTTPSConnectionPool(host='api-fxpractice.oanda.com', port=443): Max retries exceeded with url: /v3/instruments/EUR_USD/candles?count=100&granularity=H1 (Caused by NameResolutionError("HTTPSConnection(host='api-fxpractice.oanda.com', port=443): Failed to resolve 'api-fxpractice.oanda.com' ([Errno 11001] getaddrinfo failed)"))]
2026-05-06 14:05:20,303 [ERROR] OANDA bars EUR_USD: HTTPSConnectionPool(host='api-fxpractice.oanda.com', port=443): Max retries exceeded with url: /v3/instruments/EUR_USD/candles?count=100&granularity=H1 (Caused by NameResolutionError("HTTPSConnection(host='api-fxpractice.oanda.com', port=443): Failed to resolve 'api-fxpractice.oanda.com' ([Errno 11001] getaddrinfo failed)"))
2026-05-06 14:05:20,424 [WARNING] ForexFactory fetch error: HTTPSConnectionPool(host='nfs.faireconomy.media', port=443): Max retries exceeded with url: /ff_calendar_thisweek.json (Caused by NameResolutionError("HTTPSConnection(host='nfs.faireconomy.media', port=443): Failed to resolve 'nfs.faireconomy.media' ([Errno 11001] getaddrinfo failed)"))
2026-05-06 14:05:20,444 [WARNING] FRED events error: HTTPSConnectionPool(host='api.stlouisfed.org', port=443): Max retries exceeded with url: /fred/series/observations?series_id=UNRATE&api_key=0d5051e1563e45866badf276454ce1ec&sort_order=desc&limit=2&file_type=json (Caused by NameResolutionError("HTTPSConnection(host='api.stlouisfed.org', port=443): Failed to resolve 'api.stlouisfed.org' ([Errno 11001] getaddrinfo failed)"))
2026-05-06 14:05:20,448 [WARNING] NewsAPI error: HTTPSConnectionPool(host='newsapi.org', port=443): Max retries exceeded with url: /v2/everything?q=forex+OR+currency+OR+federal+reserve+OR+ECB+OR+interest+rate&language=en&sortBy=publishedAt&pageSize=20&apiKey=00ce3b995b134bf98265358f98b9d41e (Caused by NameResolutionError("HTTPSConnection(host='newsapi.org', port=443): Failed to resolve 'newsapi.org' ([Errno 11001] getaddrinfo failed)"))
2026-05-06 14:05:20,537 [WARNING] Alpha Vantage news error: HTTPSConnectionPool(host='www.alphavantage.co', port=443): Max retries exceeded with url: /query?function=NEWS_SENTIMENT&topics=forex%2Ceconomy_macro&apikey=T7TQAX2SMD7RTNXN&limit=20 (Caused by NameResolutionError("HTTPSConnection(host='www.alphavantage.co', port=443): Failed to resolve 'www.alphavantage.co' ([Errno 11001] getaddrinfo failed)"))
2026-05-06 14:05:21,049 [ERROR] $DX-Y.NYB: possibly delisted; no price data found  (period=5d)
2026-05-06 14:05:21,100 [ERROR] $GC=F: possibly delisted; no price data found  (period=5d)
2026-05-06 14:05:21,108 [ERROR] $CL=F: possibly delisted; no price data found  (period=5d)
2026-05-06 14:05:21,124 [ERROR] $^GSPC: possibly delisted; no price data found  (period=5d)
2026-05-06 14:05:23,707 [INFO] Correlations: ['VIX'] loaded
2026-05-06 14:05:28,882 [INFO] SIGNAL: EUR_USD SELL 68.7% | News: NEUTRAL | COT: NEUTRAL | Regime: RANGING
2026-05-06 14:05:30,887 [INFO] setting up API-client for environment practice
2026-05-06 14:05:30,887 [INFO] performing request https://api-fxpractice.oanda.com/v3/instruments/GBP_USD/candles
2026-05-06 14:05:34,392 [INFO] SIGNAL: GBP_USD BUY 102.1% | News: NEUTRAL | COT: NEUTRAL | Regime: RANGING
2026-05-06 14:05:36,405 [INFO] setting up API-client for environment practice
2026-05-06 14:05:36,405 [INFO] performing request https://api-fxpractice.oanda.com/v3/instruments/USD_JPY/candles
2026-05-06 14:05:37,477 [INFO] USD_JPY: 60.5% below 65.0% threshold. Skip.
2026-05-06 14:05:39,478 [INFO] setting up API-client for environment practice
2026-05-06 14:05:39,478 [INFO] performing request https://api-fxpractice.oanda.com/v3/instruments/AUD_USD/candles
2026-05-06 14:05:42,456 [INFO] SIGNAL: AUD_USD BUY 86.0% | News: NEUTRAL | COT: NEUTRAL | Regime: RANGING
2026-05-06 14:05:44,461 [INFO] setting up API-client for environment practice
2026-05-06 14:05:44,462 [INFO] performing request https://api-fxpractice.oanda.com/v3/instruments/USD_CAD/candles
2026-05-06 14:05:46,854 [INFO] SIGNAL: USD_CAD SELL 109.9% | News: NEUTRAL | COT: NEUTRAL | Regime: RANGING
2026-05-06 14:05:48,860 [INFO] Cycle #43 done. Trades in memory: 166 | WR: 87.3% | RL episodes: 166
2026-05-06 14:06:28,986 [INFO] Learned: EUR_USD WIN | WR: 87.4% | RL: 167
2026-05-06 14:06:34,489 [INFO] Learned: GBP_USD WIN | WR: 87.5% | RL: 168
2026-05-06 14:06:42,523 [INFO] Learned: AUD_USD LOSS | WR: 87.0% | RL: 169
2026-05-06 14:06:46,945 [INFO] Learned: USD_CAD WIN | WR: 87.1% | RL: 170
2026-05-06 14:20:49,695 [INFO] setting up API-client for environment practice
2026-05-06 14:20:50,098 [INFO] performing request https://api-fxpractice.oanda.com/v3/instruments/EUR_USD/candles
2026-05-06 14:20:54,187 [INFO] SIGNAL: EUR_USD BUY 102.4% | News: NEUTRAL | COT: NEUTRAL | Regime: RANGING
2026-05-06 14:20:56,203 [INFO] setting up API-client for environment practice
2026-05-06 14:20:56,203 [INFO] performing request https://api-fxpractice.oanda.com/v3/instruments/GBP_USD/candles
2026-05-06 14:20:59,594 [INFO] SIGNAL: GBP_USD BUY 102.4% | News: NEUTRAL | COT: NEUTRAL | Regime: RANGING
2026-05-06 14:21:01,602 [INFO] setting up API-client for environment practice
2026-05-06 14:21:01,602 [INFO] performing request https://api-fxpractice.oanda.com/v3/instruments/USD_JPY/candles
2026-05-06 14:21:04,804 [INFO] SIGNAL: USD_JPY SELL 75.3% | News: NEUTRAL | COT: NEUTRAL | Regime: RANGING
2026-05-06 14:21:06,812 [INFO] setting up API-client for environment practice
2026-05-06 14:21:06,812 [INFO] performing request https://api-fxpractice.oanda.com/v3/instruments/AUD_USD/candles
2026-05-06 14:21:09,364 [INFO] SIGNAL: AUD_USD BUY 110.4% | News: NEUTRAL | COT: NEUTRAL | Regime: TRENDING
2026-05-06 14:21:11,372 [INFO] setting up API-client for environment practice
2026-05-06 14:21:11,396 [INFO] performing request https://api-fxpractice.oanda.com/v3/instruments/USD_CAD/candles
2026-05-06 14:21:14,097 [INFO] SIGNAL: USD_CAD SELL 99.6% | News: NEUTRAL | COT: NEUTRAL | Regime: RANGING
2026-05-06 14:21:16,109 [INFO] Cycle #44 done. Trades in memory: 170 | WR: 87.1% | RL episodes: 170
2026-05-06 14:21:54,350 [INFO] Learned: EUR_USD WIN | WR: 87.1% | RL: 171
2026-05-06 14:21:59,729 [INFO] Learned: GBP_USD WIN | WR: 87.2% | RL: 172
2026-05-06 14:22:04,880 [INFO] Learned: USD_JPY WIN | WR: 87.3% | RL: 173
2026-05-06 14:22:09,464 [INFO] Learned: AUD_USD WIN | WR: 87.4% | RL: 174
2026-05-06 14:22:14,178 [INFO] Learned: USD_CAD WIN | WR: 87.4% | RL: 175
2026-05-06 14:36:17,201 [INFO] setting up API-client for environment practice
2026-05-06 14:36:17,787 [INFO] performing request https://api-fxpractice.oanda.com/v3/instruments/EUR_USD/candles
2026-05-06 14:36:19,003 [ERROR] request https://api-fxpractice.oanda.com/v3/instruments/EUR_USD/candles failed [HTTPSConnectionPool(host='api-fxpractice.oanda.com', port=443): Max retries exceeded with url: /v3/instruments/EUR_USD/candles?count=100&granularity=H1 (Caused by NameResolutionError("HTTPSConnection(host='api-fxpractice.oanda.com', port=443): Failed to resolve 'api-fxpractice.oanda.com' ([Errno 11001] getaddrinfo failed)"))]
2026-05-06 14:36:19,019 [ERROR] OANDA bars EUR_USD: HTTPSConnectionPool(host='api-fxpractice.oanda.com', port=443): Max retries exceeded with url: /v3/instruments/EUR_USD/candles?count=100&granularity=H1 (Caused by NameResolutionError("HTTPSConnection(host='api-fxpractice.oanda.com', port=443): Failed to resolve 'api-fxpractice.oanda.com' ([Errno 11001] getaddrinfo failed)"))
2026-05-06 14:36:19,412 [WARNING] NewsAPI error: HTTPSConnectionPool(host='newsapi.org', port=443): Max retries exceeded with url: /v2/everything?q=forex+OR+currency+OR+federal+reserve+OR+ECB+OR+interest+rate&language=en&sortBy=publishedAt&pageSize=20&apiKey=00ce3b995b134bf98265358f98b9d41e (Caused by NameResolutionError("HTTPSConnection(host='newsapi.org', port=443): Failed to resolve 'newsapi.org' ([Errno 11001] getaddrinfo failed)"))
2026-05-06 14:36:19,467 [WARNING] Alpha Vantage news error: HTTPSConnectionPool(host='www.alphavantage.co', port=443): Max retries exceeded with url: /query?function=NEWS_SENTIMENT&topics=forex%2Ceconomy_macro&apikey=T7TQAX2SMD7RTNXN&limit=20 (Caused by NameResolutionError("HTTPSConnection(host='www.alphavantage.co', port=443): Failed to resolve 'www.alphavantage.co' ([Errno 11001] getaddrinfo failed)"))
2026-05-06 14:36:22,495 [ERROR] $DX-Y.NYB: possibly delisted; no price data found  (period=5d)
2026-05-06 14:36:22,630 [ERROR] $GC=F: possibly delisted; no price data found  (period=5d)
2026-05-06 14:36:22,743 [ERROR] $CL=F: possibly delisted; no price data found  (period=5d)
2026-05-06 14:36:22,797 [ERROR] $^GSPC: possibly delisted; no price data found  (period=5d)
2026-05-06 14:36:22,817 [ERROR] $^VIX: possibly delisted; no price data found  (period=5d)
2026-05-06 14:36:22,833 [INFO] Correlations: [] loaded
2026-05-06 14:36:22,880 [INFO] SIGNAL: EUR_USD SELL 79.7% | News: NEUTRAL | COT: NEUTRAL | Regime: RANGING
2026-05-06 14:36:24,893 [INFO] setting up API-client for environment practice
2026-05-06 14:36:24,893 [INFO] performing request https://api-fxpractice.oanda.com/v3/instruments/GBP_USD/candles
2026-05-06 14:36:24,901 [ERROR] request https://api-fxpractice.oanda.com/v3/instruments/GBP_USD/candles failed [HTTPSConnectionPool(host='api-fxpractice.oanda.com', port=443): Max retries exceeded with url: /v3/instruments/GBP_USD/candles?count=100&granularity=H1 (Caused by NameResolutionError("HTTPSConnection(host='api-fxpractice.oanda.com', port=443): Failed to resolve 'api-fxpractice.oanda.com' ([Errno 11001] getaddrinfo failed)"))]
2026-05-06 14:36:24,901 [ERROR] OANDA bars GBP_USD: HTTPSConnectionPool(host='api-fxpractice.oanda.com', port=443): Max retries exceeded with url: /v3/instruments/GBP_USD/candles?count=100&granularity=H1 (Caused by NameResolutionError("HTTPSConnection(host='api-fxpractice.oanda.com', port=443): Failed to resolve 'api-fxpractice.oanda.com' ([Errno 11001] getaddrinfo failed)"))
2026-05-06 14:36:24,931 [INFO] GBP_USD: 54.0% below 65.0% threshold. Skip.
2026-05-06 14:36:26,995 [INFO] setting up API-client for environment practice
2026-05-06 14:36:26,995 [INFO] performing request https://api-fxpractice.oanda.com/v3/instruments/USD_JPY/candles
2026-05-06 14:36:27,022 [ERROR] request https://api-fxpractice.oanda.com/v3/instruments/USD_JPY/candles failed [HTTPSConnectionPool(host='api-fxpractice.oanda.com', port=443): Max retries exceeded with url: /v3/instruments/USD_JPY/candles?count=100&granularity=H1 (Caused by NameResolutionError("HTTPSConnection(host='api-fxpractice.oanda.com', port=443): Failed to resolve 'api-fxpractice.oanda.com' ([Errno 11001] getaddrinfo failed)"))]
2026-05-06 14:36:27,022 [ERROR] OANDA bars USD_JPY: HTTPSConnectionPool(host='api-fxpractice.oanda.com', port=443): Max retries exceeded with url: /v3/instruments/USD_JPY/candles?count=100&granularity=H1 (Caused by NameResolutionError("HTTPSConnection(host='api-fxpractice.oanda.com', port=443): Failed to resolve 'api-fxpractice.oanda.com' ([Errno 11001] getaddrinfo failed)"))
2026-05-06 14:36:27,050 [INFO] SIGNAL: USD_JPY SELL 105.2% | News: NEUTRAL | COT: NEUTRAL | Regime: RANGING
2026-05-06 14:36:29,053 [INFO] setting up API-client for environment practice
2026-05-06 14:36:29,053 [INFO] performing request https://api-fxpractice.oanda.com/v3/instruments/AUD_USD/candles
2026-05-06 14:36:29,084 [ERROR] request https://api-fxpractice.oanda.com/v3/instruments/AUD_USD/candles failed [HTTPSConnectionPool(host='api-fxpractice.oanda.com', port=443): Max retries exceeded with url: /v3/instruments/AUD_USD/candles?count=100&granularity=H1 (Caused by NameResolutionError("HTTPSConnection(host='api-fxpractice.oanda.com', port=443): Failed to resolve 'api-fxpractice.oanda.com' ([Errno 11001] getaddrinfo failed)"))]
2026-05-06 14:36:29,089 [ERROR] OANDA bars AUD_USD: HTTPSConnectionPool(host='api-fxpractice.oanda.com', port=443): Max retries exceeded with url: /v3/instruments/AUD_USD/candles?count=100&granularity=H1 (Caused by NameResolutionError("HTTPSConnection(host='api-fxpractice.oanda.com', port=443): Failed to resolve 'api-fxpractice.oanda.com' ([Errno 11001] getaddrinfo failed)"))
2026-05-06 14:36:29,118 [INFO] SIGNAL: AUD_USD SELL 102.9% | News: NEUTRAL | COT: NEUTRAL | Regime: RANGING
2026-05-06 14:36:31,127 [INFO] setting up API-client for environment practice
2026-05-06 14:36:31,127 [INFO] performing request https://api-fxpractice.oanda.com/v3/instruments/USD_CAD/candles
2026-05-06 14:36:31,150 [ERROR] request https://api-fxpractice.oanda.com/v3/instruments/USD_CAD/candles failed [HTTPSConnectionPool(host='api-fxpractice.oanda.com', port=443): Max retries exceeded with url: /v3/instruments/USD_CAD/candles?count=100&granularity=H1 (Caused by NameResolutionError("HTTPSConnection(host='api-fxpractice.oanda.com', port=443): Failed to resolve 'api-fxpractice.oanda.com' ([Errno 11001] getaddrinfo failed)"))]
2026-05-06 14:36:31,152 [ERROR] OANDA bars USD_CAD: HTTPSConnectionPool(host='api-fxpractice.oanda.com', port=443): Max retries exceeded with url: /v3/instruments/USD_CAD/candles?count=100&granularity=H1 (Caused by NameResolutionError("HTTPSConnection(host='api-fxpractice.oanda.com', port=443): Failed to resolve 'api-fxpractice.oanda.com' ([Errno 11001] getaddrinfo failed)"))
2026-05-06 14:36:31,154 [INFO] SIGNAL: USD_CAD SELL 97.1% | News: NEUTRAL | COT: NEUTRAL | Regime: RANGING
2026-05-06 14:36:33,160 [INFO] Cycle #45 done. Trades in memory: 175 | WR: 87.4% | RL episodes: 175
2026-05-06 14:37:26,144 [INFO] Learned: EUR_USD WIN | WR: 87.5% | RL: 176
2026-05-06 14:37:27,177 [INFO] Learned: USD_JPY WIN | WR: 87.6% | RL: 177
2026-05-06 14:37:29,237 [INFO] Learned: AUD_USD WIN | WR: 87.6% | RL: 178
2026-05-06 14:37:31,305 [INFO] Learned: USD_CAD WIN | WR: 87.7% | RL: 179
2026-05-06 14:51:34,346 [INFO] setting up API-client for environment practice
2026-05-06 14:51:35,168 [INFO] performing request https://api-fxpractice.oanda.com/v3/instruments/EUR_USD/candles
2026-05-06 14:51:41,154 [INFO] SIGNAL: EUR_USD BUY 75.9% | News: NEUTRAL | COT: NEUTRAL | Regime: RANGING
2026-05-06 14:51:43,212 [INFO] setting up API-client for environment practice
2026-05-06 14:51:43,212 [INFO] performing request https://api-fxpractice.oanda.com/v3/instruments/GBP_USD/candles
2026-05-06 14:51:46,386 [INFO] SIGNAL: GBP_USD BUY 66.0% | News: NEUTRAL | COT: NEUTRAL | Regime: RANGING
2026-05-06 14:51:48,393 [INFO] setting up API-client for environment practice
2026-05-06 14:51:48,393 [INFO] performing request https://api-fxpractice.oanda.com/v3/instruments/USD_JPY/candles
2026-05-06 14:51:49,863 [INFO] USD_JPY: 73.6% below 75.0% threshold. Skip.
2026-05-06 14:51:51,865 [INFO] setting up API-client for environment practice
2026-05-06 14:51:51,865 [INFO] performing request https://api-fxpractice.oanda.com/v3/instruments/AUD_USD/candles
2026-05-06 14:51:55,434 [INFO] SIGNAL: AUD_USD BUY 75.2% | News: NEUTRAL | COT: NEUTRAL | Regime: RANGING
2026-05-06 14:51:57,442 [INFO] setting up API-client for environment practice
2026-05-06 14:51:57,443 [INFO] performing request https://api-fxpractice.oanda.com/v3/instruments/USD_CAD/candles
2026-05-06 14:51:59,001 [INFO] USD_CAD: 61.1% below 65.0% threshold. Skip.
2026-05-06 14:52:01,005 [INFO] Cycle #46 done. Trades in memory: 179 | WR: 87.7% | RL episodes: 179
2026-05-06 14:52:42,323 [INFO] Learned: EUR_USD LOSS | WR: 87.2% | RL: 180
2026-05-06 14:52:46,578 [INFO] Learned: GBP_USD WIN | WR: 87.3% | RL: 181
2026-05-06 14:52:55,515 [INFO] Learned: AUD_USD WIN | WR: 87.4% | RL: 182
2026-05-06 15:07:05,018 [INFO] setting up API-client for environment practice
2026-05-06 15:07:08,807 [INFO] performing request https://api-fxpractice.oanda.com/v3/instruments/EUR_USD/candles
2026-05-06 15:07:21,993 [INFO] ForexFactory: 115 events loaded
2026-05-06 15:07:24,676 [INFO] News: 19 articles fetched
2026-05-06 15:08:12,385 [INFO] Correlations: ['DXY', 'GOLD', 'OIL', 'SP500', 'VIX'] loaded
2026-05-06 15:08:15,181 [INFO] SIGNAL: EUR_USD BUY 103.4% | News: NEUTRAL | COT: NEUTRAL | Regime: RANGING
2026-05-06 15:08:17,309 [INFO] setting up API-client for environment practice
2026-05-06 15:08:17,309 [INFO] performing request https://api-fxpractice.oanda.com/v3/instruments/GBP_USD/candles
2026-05-06 15:08:20,738 [INFO] SIGNAL: GBP_USD BUY 102.6% | News: NEUTRAL | COT: NEUTRAL | Regime: RANGING
2026-05-06 15:08:22,741 [INFO] setting up API-client for environment practice
2026-05-06 15:08:22,741 [INFO] performing request https://api-fxpractice.oanda.com/v3/instruments/USD_JPY/candles
2026-05-06 15:08:25,099 [INFO] USD_JPY: 74.1% below 75.0% threshold. Skip.
2026-05-06 15:08:27,104 [INFO] setting up API-client for environment practice
2026-05-06 15:08:27,104 [INFO] performing request https://api-fxpractice.oanda.com/v3/instruments/AUD_USD/candles
2026-05-06 15:08:30,675 [INFO] SIGNAL: AUD_USD BUY 75.7% | News: NEUTRAL | COT: NEUTRAL | Regime: RANGING
2026-05-06 15:08:32,677 [INFO] setting up API-client for environment practice
2026-05-06 15:08:32,677 [INFO] performing request https://api-fxpractice.oanda.com/v3/instruments/USD_CAD/candles
2026-05-06 15:08:34,114 [INFO] USD_CAD: 61.4% below 65.0% threshold. Skip.
2026-05-06 15:08:36,143 [INFO] Cycle #47 done. Trades in memory: 182 | WR: 87.4% | RL episodes: 182
2026-05-06 15:09:15,581 [INFO] Learned: EUR_USD WIN | WR: 87.4% | RL: 183
2026-05-06 15:09:20,848 [INFO] Learned: GBP_USD WIN | WR: 87.5% | RL: 184
2026-05-06 15:09:30,781 [INFO] Learned: AUD_USD WIN | WR: 87.6% | RL: 185
2026-05-06 15:23:36,453 [INFO] setting up API-client for environment practice
2026-05-06 15:23:37,056 [INFO] performing request https://api-fxpractice.oanda.com/v3/instruments/EUR_USD/candles
2026-05-06 15:23:42,225 [INFO] SIGNAL: EUR_USD BUY 103.6% | News: NEUTRAL | COT: NEUTRAL | Regime: RANGING
2026-05-06 15:23:44,295 [INFO] setting up API-client for environment practice
2026-05-06 15:23:44,295 [INFO] performing request https://api-fxpractice.oanda.com/v3/instruments/GBP_USD/candles
2026-05-06 15:23:47,023 [INFO] SIGNAL: GBP_USD BUY 102.7% | News: NEUTRAL | COT: NEUTRAL | Regime: RANGING
2026-05-06 15:23:49,034 [INFO] setting up API-client for environment practice
2026-05-06 15:23:49,035 [INFO] performing request https://api-fxpractice.oanda.com/v3/instruments/USD_JPY/candles
2026-05-06 15:23:52,680 [INFO] SIGNAL: USD_JPY SELL 86.1% | News: NEUTRAL | COT: NEUTRAL | Regime: VOLATILE
2026-05-06 15:23:54,683 [INFO] setting up API-client for environment practice
2026-05-06 15:23:54,683 [INFO] performing request https://api-fxpractice.oanda.com/v3/instruments/AUD_USD/candles
2026-05-06 15:23:57,980 [INFO] SIGNAL: AUD_USD BUY 95.5% | News: NEUTRAL | COT: NEUTRAL | Regime: RANGING
2026-05-06 15:23:59,983 [INFO] setting up API-client for environment practice
2026-05-06 15:23:59,983 [INFO] performing request https://api-fxpractice.oanda.com/v3/instruments/USD_CAD/candles
2026-05-06 15:24:01,771 [INFO] USD_CAD: 60.8% below 65.0% threshold. Skip.
2026-05-06 15:24:03,808 [INFO] Cycle #48 done. Trades in memory: 185 | WR: 87.6% | RL episodes: 185
2026-05-06 15:24:42,467 [INFO] Learned: EUR_USD WIN | WR: 87.6% | RL: 186
2026-05-06 15:24:47,124 [INFO] Learned: GBP_USD WIN | WR: 87.7% | RL: 187
2026-05-06 15:24:52,802 [INFO] Learned: USD_JPY WIN | WR: 87.8% | RL: 188
2026-05-06 15:24:58,100 [INFO] Learned: AUD_USD WIN | WR: 87.8% | RL: 189
2026-05-06 15:39:03,823 [INFO] setting up API-client for environment practice
2026-05-06 15:39:03,833 [INFO] performing request https://api-fxpractice.oanda.com/v3/instruments/EUR_USD/candles
2026-05-06 15:39:07,131 [INFO] News: 19 articles fetched
2026-05-06 15:39:21,716 [ERROR] $DX-Y.NYB: possibly delisted; no price data found  (period=5d)
2026-05-06 15:39:31,786 [ERROR] $GC=F: possibly delisted; no price data found  (period=5d)
2026-05-06 15:39:34,838 [INFO] Correlations: ['OIL', 'SP500', 'VIX'] loaded
2026-05-06 15:39:36,324 [INFO] SIGNAL: EUR_USD BUY 68.4% | News: NEUTRAL | COT: NEUTRAL | Regime: RANGING
2026-05-06 15:39:38,328 [INFO] setting up API-client for environment practice
2026-05-06 15:39:38,328 [INFO] performing request https://api-fxpractice.oanda.com/v3/instruments/GBP_USD/candles
2026-05-06 15:39:41,950 [INFO] SIGNAL: GBP_USD BUY 73.8% | News: NEUTRAL | COT: NEUTRAL | Regime: RANGING
2026-05-06 15:39:43,959 [INFO] setting up API-client for environment practice
2026-05-06 15:39:43,959 [INFO] performing request https://api-fxpractice.oanda.com/v3/instruments/USD_JPY/candles
2026-05-06 15:39:50,058 [INFO] SIGNAL: USD_JPY SELL 103.4% | News: NEUTRAL | COT: NEUTRAL | Regime: VOLATILE
2026-05-06 15:39:52,064 [INFO] setting up API-client for environment practice
2026-05-06 15:39:52,064 [INFO] performing request https://api-fxpractice.oanda.com/v3/instruments/AUD_USD/candles
2026-05-06 15:39:55,709 [INFO] SIGNAL: AUD_USD BUY 99.8% | News: NEUTRAL | COT: NEUTRAL | Regime: RANGING
2026-05-06 15:39:57,719 [INFO] setting up API-client for environment practice
2026-05-06 15:39:57,719 [INFO] performing request https://api-fxpractice.oanda.com/v3/instruments/USD_CAD/candles
2026-05-06 15:40:00,795 [INFO] SIGNAL: USD_CAD SELL 84.0% | News: NEUTRAL | COT: NEUTRAL | Regime: RANGING
2026-05-06 15:40:02,799 [INFO] Cycle #49 done. Trades in memory: 189 | WR: 87.8% | RL episodes: 189
2026-05-06 15:40:36,456 [INFO] Learned: EUR_USD WIN | WR: 87.9% | RL: 190
2026-05-06 15:40:42,052 [INFO] Learned: GBP_USD WIN | WR: 88.0% | RL: 191
2026-05-06 15:40:50,153 [INFO] Learned: USD_JPY WIN | WR: 88.0% | RL: 192
2026-05-06 15:40:55,822 [INFO] Learned: AUD_USD WIN | WR: 88.1% | RL: 193
2026-05-06 15:41:00,900 [INFO] Learned: USD_CAD WIN | WR: 88.1% | RL: 194
2026-05-06 16:05:16,234 [INFO] setting up API-client for environment practice
2026-05-06 16:05:27,520 [INFO] performing request https://api-fxpractice.oanda.com/v3/instruments/EUR_USD/candles
2026-05-06 16:06:55,274 [ERROR] request https://api-fxpractice.oanda.com/v3/instruments/EUR_USD/candles failed [HTTPSConnectionPool(host='api-fxpractice.oanda.com', port=443): Max retries exceeded with url: /v3/instruments/EUR_USD/candles?count=100&granularity=H1 (Caused by ConnectTimeoutError(<HTTPSConnection(host='api-fxpractice.oanda.com', port=443) at 0x1a3a12aaa90>, 'Connection to api-fxpractice.oanda.com timed out. (connect timeout=None)'))]
2026-05-06 16:06:58,077 [ERROR] OANDA bars EUR_USD: HTTPSConnectionPool(host='api-fxpractice.oanda.com', port=443): Max retries exceeded with url: /v3/instruments/EUR_USD/candles?count=100&granularity=H1 (Caused by ConnectTimeoutError(<HTTPSConnection(host='api-fxpractice.oanda.com', port=443) at 0x1a3a12aaa90>, 'Connection to api-fxpractice.oanda.com timed out. (connect timeout=None)'))
2026-05-06 16:09:23,986 [INFO] SIGNAL: EUR_USD SELL 82.6% | News: NEUTRAL | COT: NEUTRAL | Regime: RANGING
2026-05-06 16:09:30,226 [INFO] setting up API-client for environment practice
2026-05-06 16:09:30,372 [INFO] performing request https://api-fxpractice.oanda.com/v3/instruments/GBP_USD/candles
2026-05-06 16:09:44,471 [INFO] ForexFactory: 115 events loaded
2026-05-06 16:09:49,360 [INFO] News: 20 articles fetched
2026-05-06 16:11:00,023 [INFO] Learned: EUR_USD WIN | WR: 88.2% | RL: 195
2026-05-06 16:11:23,779 [INFO] Correlations: ['DXY', 'GOLD', 'OIL', 'SP500', 'VIX'] loaded
2026-05-06 16:11:25,959 [INFO] SIGNAL: GBP_USD BUY 99.4% | News: NEUTRAL | COT: NEUTRAL | Regime: RANGING
2026-05-06 16:11:27,962 [INFO] setting up API-client for environment practice
2026-05-06 16:11:27,962 [INFO] performing request https://api-fxpractice.oanda.com/v3/instruments/USD_JPY/candles
2026-05-06 16:11:32,339 [INFO] SIGNAL: USD_JPY SELL 111.5% | News: NEUTRAL | COT: NEUTRAL | Regime: VOLATILE
2026-05-06 16:11:34,347 [INFO] setting up API-client for environment practice
2026-05-06 16:11:34,347 [INFO] performing request https://api-fxpractice.oanda.com/v3/instruments/AUD_USD/candles
2026-05-06 16:11:38,382 [INFO] SIGNAL: AUD_USD BUY 110.3% | News: NEUTRAL | COT: NEUTRAL | Regime: RANGING
2026-05-06 16:11:40,391 [INFO] setting up API-client for environment practice
2026-05-06 16:11:40,391 [INFO] performing request https://api-fxpractice.oanda.com/v3/instruments/USD_CAD/candles
2026-05-06 16:11:42,167 [INFO] USD_CAD: 46.5% below 65.0% threshold. Skip.
2026-05-06 16:11:44,336 [INFO] Cycle #50 done. Trades in memory: 195 | WR: 88.2% | RL episodes: 195
2026-05-06 16:12:26,094 [INFO] Learned: GBP_USD WIN | WR: 88.3% | RL: 196
2026-05-06 16:12:32,669 [INFO] Learned: USD_JPY WIN | WR: 88.3% | RL: 197
2026-05-06 16:12:39,224 [INFO] Learned: AUD_USD WIN | WR: 88.4% | RL: 198
2026-05-06 16:26:45,288 [INFO] setting up API-client for environment practice
2026-05-06 16:26:46,023 [INFO] performing request https://api-fxpractice.oanda.com/v3/instruments/EUR_USD/candles
2026-05-06 16:26:55,101 [INFO] SIGNAL: EUR_USD BUY 80.9% | News: NEUTRAL | COT: NEUTRAL | Regime: TRENDING
2026-05-06 16:26:57,398 [INFO] setting up API-client for environment practice
2026-05-06 16:26:57,411 [INFO] performing request https://api-fxpractice.oanda.com/v3/instruments/GBP_USD/candles
2026-05-06 16:26:59,992 [INFO] SIGNAL: GBP_USD BUY 103.3% | News: NEUTRAL | COT: NEUTRAL | Regime: RANGING
2026-05-06 16:27:01,995 [INFO] setting up API-client for environment practice
2026-05-06 16:27:01,995 [INFO] performing request https://api-fxpractice.oanda.com/v3/instruments/USD_JPY/candles
2026-05-06 16:27:05,313 [INFO] SIGNAL: USD_JPY SELL 111.1% | News: NEUTRAL | COT: NEUTRAL | Regime: VOLATILE
2026-05-06 16:27:07,315 [INFO] setting up API-client for environment practice
2026-05-06 16:27:07,315 [INFO] performing request https://api-fxpractice.oanda.com/v3/instruments/AUD_USD/candles
2026-05-06 16:27:09,385 [INFO] SIGNAL: AUD_USD BUY 110.7% | News: NEUTRAL | COT: NEUTRAL | Regime: RANGING
2026-05-06 16:27:11,398 [INFO] setting up API-client for environment practice
2026-05-06 16:27:11,398 [INFO] performing request https://api-fxpractice.oanda.com/v3/instruments/USD_CAD/candles
2026-05-06 16:27:13,958 [INFO] SIGNAL: USD_CAD SELL 91.1% | News: NEUTRAL | COT: NEUTRAL | Regime: RANGING
2026-05-06 16:27:15,965 [INFO] Cycle #51 done. Trades in memory: 198 | WR: 88.4% | RL episodes: 198
2026-05-06 16:27:55,879 [INFO] Learned: EUR_USD WIN | WR: 88.4% | RL: 199
2026-05-06 16:28:00,120 [INFO] Learned: GBP_USD WIN | WR: 88.5% | RL: 200
2026-05-06 16:28:05,492 [INFO] Learned: USD_JPY WIN | WR: 88.6% | RL: 201
2026-05-06 16:28:09,446 [INFO] Learned: AUD_USD WIN | WR: 88.6% | RL: 202
2026-05-06 16:28:14,087 [INFO] Learned: USD_CAD WIN | WR: 88.7% | RL: 203
2026-05-06 16:42:15,920 [INFO] setting up API-client for environment practice
2026-05-06 16:42:15,922 [INFO] performing request https://api-fxpractice.oanda.com/v3/instruments/EUR_USD/candles
2026-05-06 16:42:18,407 [INFO] News: 18 articles fetched
2026-05-06 16:42:21,239 [INFO] Correlations: ['DXY', 'GOLD', 'OIL', 'SP500', 'VIX'] loaded
2026-05-06 16:42:22,355 [INFO] SIGNAL: EUR_USD BUY 109.8% | News: NEUTRAL | COT: NEUTRAL | Regime: TRENDING
2026-05-06 16:42:24,360 [INFO] setting up API-client for environment practice
2026-05-06 16:42:24,362 [INFO] performing request https://api-fxpractice.oanda.com/v3/instruments/GBP_USD/candles
2026-05-06 16:42:27,140 [INFO] SIGNAL: GBP_USD BUY 109.8% | News: NEUTRAL | COT: NEUTRAL | Regime: RANGING
2026-05-06 16:42:29,144 [INFO] setting up API-client for environment practice
2026-05-06 16:42:29,146 [INFO] performing request https://api-fxpractice.oanda.com/v3/instruments/USD_JPY/candles
2026-05-06 16:42:31,771 [INFO] SIGNAL: USD_JPY SELL 93.1% | News: NEUTRAL | COT: NEUTRAL | Regime: VOLATILE
2026-05-06 16:42:33,775 [INFO] setting up API-client for environment practice
2026-05-06 16:42:33,775 [INFO] performing request https://api-fxpractice.oanda.com/v3/instruments/AUD_USD/candles
2026-05-06 16:42:36,345 [INFO] SIGNAL: AUD_USD BUY 109.8% | News: NEUTRAL | COT: NEUTRAL | Regime: RANGING
2026-05-06 16:42:38,348 [INFO] setting up API-client for environment practice
2026-05-06 16:42:38,348 [INFO] performing request https://api-fxpractice.oanda.com/v3/instruments/USD_CAD/candles
2026-05-06 16:42:40,719 [INFO] SIGNAL: USD_CAD SELL 90.8% | News: NEUTRAL | COT: NEUTRAL | Regime: RANGING
2026-05-06 16:42:42,723 [INFO] Cycle #52 done. Trades in memory: 203 | WR: 88.7% | RL episodes: 203
2026-05-06 16:43:22,579 [INFO] Learned: EUR_USD WIN | WR: 88.7% | RL: 204
2026-05-06 16:43:27,237 [INFO] Learned: GBP_USD WIN | WR: 88.8% | RL: 205
2026-05-06 16:43:31,882 [INFO] Learned: USD_JPY WIN | WR: 88.8% | RL: 206
2026-05-06 16:43:36,582 [INFO] Learned: AUD_USD WIN | WR: 88.9% | RL: 207
2026-05-06 16:43:40,797 [INFO] Learned: USD_CAD WIN | WR: 88.9% | RL: 208
2026-05-06 21:41:31,123 [INFO] setting up API-client for environment practice
2026-05-06 21:41:31,330 [INFO] performing request https://api-fxpractice.oanda.com/v3/instruments/EUR_USD/candles
2026-05-06 21:41:36,429 [INFO] ForexFactory: 115 events loaded
2026-05-06 21:41:37,915 [INFO] News: 19 articles fetched
2026-05-06 21:41:37,935 [ERROR] Pair EUR_USD error: can only concatenate str (not "NoneType") to str
2026-05-06 21:41:37,935 [INFO] setting up API-client for environment practice
2026-05-06 21:41:37,937 [INFO] performing request https://api-fxpractice.oanda.com/v3/instruments/GBP_USD/candles
2026-05-06 21:41:39,137 [ERROR] Pair GBP_USD error: can only concatenate str (not "NoneType") to str
2026-05-06 21:41:39,137 [INFO] setting up API-client for environment practice
2026-05-06 21:41:39,137 [INFO] performing request https://api-fxpractice.oanda.com/v3/instruments/USD_JPY/candles
2026-05-06 21:41:40,935 [ERROR] Pair USD_JPY error: can only concatenate str (not "NoneType") to str
2026-05-06 21:41:40,935 [INFO] setting up API-client for environment practice
2026-05-06 21:41:40,943 [INFO] performing request https://api-fxpractice.oanda.com/v3/instruments/AUD_USD/candles
2026-05-06 21:41:42,196 [ERROR] Pair AUD_USD error: can only concatenate str (not "NoneType") to str
2026-05-06 21:41:42,196 [INFO] setting up API-client for environment practice
2026-05-06 21:41:42,196 [INFO] performing request https://api-fxpractice.oanda.com/v3/instruments/USD_CAD/candles
2026-05-06 21:41:44,372 [ERROR] Pair USD_CAD error: can only concatenate str (not "NoneType") to str
2026-05-06 21:41:44,380 [INFO] Cycle #53 done. Trades in memory: 208 | WR: 88.9% | RL episodes: 208
2026-05-06 21:56:44,382 [INFO] setting up API-client for environment practice
2026-05-06 21:56:44,382 [INFO] performing request https://api-fxpractice.oanda.com/v3/instruments/EUR_USD/candles
2026-05-06 21:56:45,766 [ERROR] Pair EUR_USD error: can only concatenate str (not "NoneType") to str
2026-05-06 21:56:45,766 [INFO] setting up API-client for environment practice
2026-05-06 21:56:45,766 [INFO] performing request https://api-fxpractice.oanda.com/v3/instruments/GBP_USD/candles
2026-05-06 21:56:47,985 [ERROR] Pair GBP_USD error: can only concatenate str (not "NoneType") to str
2026-05-06 21:56:47,985 [INFO] setting up API-client for environment practice
2026-05-06 21:56:47,994 [INFO] performing request https://api-fxpractice.oanda.com/v3/instruments/USD_JPY/candles
2026-05-06 21:56:49,903 [ERROR] Pair USD_JPY error: can only concatenate str (not "NoneType") to str
2026-05-06 21:56:49,903 [INFO] setting up API-client for environment practice
2026-05-06 21:56:49,903 [INFO] performing request https://api-fxpractice.oanda.com/v3/instruments/AUD_USD/candles
2026-05-06 21:56:51,140 [ERROR] Pair AUD_USD error: can only concatenate str (not "NoneType") to str
2026-05-06 21:56:51,140 [INFO] setting up API-client for environment practice
2026-05-06 21:56:51,140 [INFO] performing request https://api-fxpractice.oanda.com/v3/instruments/USD_CAD/candles
2026-05-06 21:56:52,484 [ERROR] Pair USD_CAD error: can only concatenate str (not "NoneType") to str
2026-05-06 21:56:52,484 [INFO] Cycle #54 done. Trades in memory: 208 | WR: 88.9% | RL episodes: 208
2026-05-06 22:11:52,493 [INFO] setting up API-client for environment practice
2026-05-06 22:11:52,496 [INFO] performing request https://api-fxpractice.oanda.com/v3/instruments/EUR_USD/candles
2026-05-06 22:11:58,468 [INFO] News: 20 articles fetched
2026-05-06 22:12:00,955 [INFO] Correlations: ['DXY', 'GOLD', 'OIL', 'SP500', 'VIX'] loaded
2026-05-06 22:12:04,325 [INFO] SIGNAL: EUR_USD BUY 69.0% | News: NEUTRAL | COT: NEUTRAL | Regime: RANGING
2026-05-06 22:12:07,394 [INFO] setting up API-client for environment practice
2026-05-06 22:12:07,396 [INFO] performing request https://api-fxpractice.oanda.com/v3/instruments/GBP_USD/candles
2026-05-06 22:12:09,172 [INFO] GBP_USD: 52.8% below 65.0% threshold. Skip.
2026-05-06 22:12:11,177 [INFO] setting up API-client for environment practice
2026-05-06 22:12:11,177 [INFO] performing request https://api-fxpractice.oanda.com/v3/instruments/USD_JPY/candles
2026-05-06 22:12:13,084 [INFO] USD_JPY: 50.0% below 75.0% threshold. Skip.
2026-05-06 22:12:15,090 [INFO] setting up API-client for environment practice
2026-05-06 22:12:15,091 [INFO] performing request https://api-fxpractice.oanda.com/v3/instruments/AUD_USD/candles
2026-05-06 22:12:18,059 [INFO] SIGNAL: AUD_USD SELL 67.7% | News: BEARISH | COT: NEUTRAL | Regime: RANGING
2026-05-06 22:12:20,064 [INFO] setting up API-client for environment practice
2026-05-06 22:12:20,064 [INFO] performing request https://api-fxpractice.oanda.com/v3/instruments/USD_CAD/candles
2026-05-06 22:12:23,362 [INFO] SIGNAL: USD_CAD BUY 66.4% | News: NEUTRAL | COT: NEUTRAL | Regime: RANGING
2026-05-06 22:12:25,364 [INFO] Cycle #55 done. Trades in memory: 208 | WR: 88.9% | RL episodes: 208
2026-05-06 22:13:07,246 [INFO] Learned: EUR_USD WIN | WR: 89.0% | RL: 209
2026-05-06 22:13:18,190 [INFO] Learned: AUD_USD WIN | WR: 89.0% | RL: 210
2026-05-06 22:13:23,482 [INFO] Learned: USD_CAD WIN | WR: 89.1% | RL: 211
2026-05-06 22:38:53,126 [INFO] setting up API-client for environment practice
2026-05-06 22:38:53,524 [INFO] performing request https://api-fxpractice.oanda.com/v3/instruments/EUR_USD/candles
2026-05-06 22:38:57,485 [INFO] SIGNAL: EUR_USD BUY 65.3% | News: NEUTRAL | COT: NEUTRAL | Regime: RANGING
2026-05-06 22:38:59,541 [INFO] setting up API-client for environment practice
2026-05-06 22:38:59,541 [INFO] performing request https://api-fxpractice.oanda.com/v3/instruments/GBP_USD/candles
2026-05-06 22:39:00,483 [INFO] GBP_USD: 48.9% below 65.0% threshold. Skip.
2026-05-06 22:39:02,498 [INFO] setting up API-client for environment practice
2026-05-06 22:39:02,498 [INFO] performing request https://api-fxpractice.oanda.com/v3/instruments/USD_JPY/candles
2026-05-06 22:39:03,840 [INFO] USD_JPY: 48.9% below 65.0% threshold. Skip.
2026-05-06 22:39:05,845 [INFO] setting up API-client for environment practice
2026-05-06 22:39:05,845 [INFO] performing request https://api-fxpractice.oanda.com/v3/instruments/AUD_USD/candles
2026-05-06 22:39:08,258 [INFO] SIGNAL: AUD_USD SELL 68.8% | News: BEARISH | COT: NEUTRAL | Regime: RANGING
2026-05-06 22:39:10,268 [INFO] setting up API-client for environment practice
2026-05-06 22:39:10,268 [INFO] performing request https://api-fxpractice.oanda.com/v3/instruments/USD_CAD/candles
2026-05-06 22:39:11,237 [INFO] USD_CAD: 64.6% below 65.0% threshold. Skip.
2026-05-06 22:39:13,237 [INFO] Cycle #56 done. Trades in memory: 211 | WR: 89.1% | RL episodes: 211
2026-05-06 22:39:58,059 [INFO] Learned: EUR_USD LOSS | WR: 88.7% | RL: 212
2026-05-06 22:40:08,386 [INFO] Learned: AUD_USD WIN | WR: 88.7% | RL: 213
2026-05-06 22:54:13,655 [INFO] setting up API-client for environment practice
2026-05-06 22:54:14,107 [INFO] performing request https://api-fxpractice.oanda.com/v3/instruments/EUR_USD/candles
2026-05-06 22:54:17,037 [INFO] ForexFactory: 115 events loaded
2026-05-06 22:54:18,571 [INFO] News: 20 articles fetched
2026-05-06 22:54:21,869 [INFO] Correlations: ['DXY', 'GOLD', 'OIL', 'SP500', 'VIX'] loaded
2026-05-06 22:54:21,905 [INFO] EUR_USD: 63.8% below 65.0% threshold. Skip.
2026-05-06 22:54:23,907 [INFO] setting up API-client for environment practice
2026-05-06 22:54:23,907 [INFO] performing request https://api-fxpractice.oanda.com/v3/instruments/GBP_USD/candles
2026-05-06 22:54:25,064 [INFO] GBP_USD: 46.7% below 65.0% threshold. Skip.
2026-05-06 22:54:27,069 [INFO] setting up API-client for environment practice
2026-05-06 22:54:27,069 [INFO] performing request https://api-fxpractice.oanda.com/v3/instruments/USD_JPY/candles
2026-05-06 22:54:27,904 [INFO] USD_JPY: 47.4% below 65.0% threshold. Skip.
2026-05-06 22:54:29,911 [INFO] setting up API-client for environment practice
2026-05-06 22:54:29,911 [INFO] performing request https://api-fxpractice.oanda.com/v3/instruments/AUD_USD/candles
2026-05-06 22:54:31,247 [INFO] AUD_USD: 64.0% below 65.0% threshold. Skip.
2026-05-06 22:54:33,251 [INFO] setting up API-client for environment practice
2026-05-06 22:54:33,251 [INFO] performing request https://api-fxpractice.oanda.com/v3/instruments/USD_CAD/candles
2026-05-06 22:54:36,568 [INFO] SIGNAL: USD_CAD BUY 75.6% | News: NEUTRAL | COT: NEUTRAL | Regime: RANGING
2026-05-06 22:54:38,649 [INFO] Cycle #57 done. Trades in memory: 213 | WR: 88.7% | RL episodes: 213
2026-05-06 22:55:37,310 [INFO] Learned: USD_CAD LOSS | WR: 88.3% | RL: 214
2026-05-06 23:09:39,566 [INFO] setting up API-client for environment practice
2026-05-06 23:09:40,472 [INFO] performing request https://api-fxpractice.oanda.com/v3/instruments/EUR_USD/candles
2026-05-06 23:09:49,696 [INFO] EUR_USD: 46.5% below 65.0% threshold. Skip.
2026-05-06 23:09:51,714 [INFO] setting up API-client for environment practice
2026-05-06 23:09:51,725 [INFO] performing request https://api-fxpractice.oanda.com/v3/instruments/GBP_USD/candles
2026-05-06 23:09:52,632 [INFO] GBP_USD: 54.0% below 65.0% threshold. Skip.
2026-05-06 23:09:54,640 [INFO] setting up API-client for environment practice
2026-05-06 23:09:54,640 [INFO] performing request https://api-fxpractice.oanda.com/v3/instruments/USD_JPY/candles
2026-05-06 23:09:55,334 [INFO] USD_JPY: 51.6% below 65.0% threshold. Skip.
2026-05-06 23:09:57,335 [INFO] setting up API-client for environment practice
2026-05-06 23:09:57,336 [INFO] performing request https://api-fxpractice.oanda.com/v3/instruments/AUD_USD/candles
2026-05-06 23:09:58,448 [INFO] AUD_USD: 63.0% below 65.0% threshold. Skip.
2026-05-06 23:10:00,449 [INFO] setting up API-client for environment practice
2026-05-06 23:10:00,449 [INFO] performing request https://api-fxpractice.oanda.com/v3/instruments/USD_CAD/candles
2026-05-06 23:10:03,759 [INFO] SIGNAL: USD_CAD BUY 82.5% | News: NEUTRAL | COT: NEUTRAL | Regime: RANGING
2026-05-06 23:10:06,350 [INFO] Cycle #58 done. Trades in memory: 214 | WR: 88.3% | RL episodes: 214
2026-05-06 23:11:04,934 [INFO] Learned: USD_CAD WIN | WR: 88.4% | RL: 215
2026-05-06 23:25:07,058 [INFO] setting up API-client for environment practice
2026-05-06 23:25:07,797 [INFO] performing request https://api-fxpractice.oanda.com/v3/instruments/EUR_USD/candles
2026-05-06 23:25:14,148 [INFO] News: 20 articles fetched
2026-05-06 23:25:30,516 [INFO] Correlations: ['DXY', 'GOLD', 'OIL', 'SP500', 'VIX'] loaded
2026-05-06 23:25:30,785 [INFO] EUR_USD: 47.6% below 65.0% threshold. Skip.
2026-05-06 23:25:32,788 [INFO] setting up API-client for environment practice
2026-05-06 23:25:32,788 [INFO] performing request https://api-fxpractice.oanda.com/v3/instruments/GBP_USD/candles
2026-05-06 23:25:34,471 [INFO] GBP_USD: 55.1% below 65.0% threshold. Skip.
2026-05-06 23:25:36,486 [INFO] setting up API-client for environment practice
2026-05-06 23:25:36,486 [INFO] performing request https://api-fxpractice.oanda.com/v3/instruments/USD_JPY/candles
2026-05-06 23:25:37,710 [INFO] USD_JPY: 52.7% below 65.0% threshold. Skip.
2026-05-06 23:25:39,712 [INFO] setting up API-client for environment practice
2026-05-06 23:25:39,712 [INFO] performing request https://api-fxpractice.oanda.com/v3/instruments/AUD_USD/candles
2026-05-06 23:25:40,583 [INFO] AUD_USD: 60.4% below 65.0% threshold. Skip.
2026-05-06 23:25:42,593 [INFO] setting up API-client for environment practice
2026-05-06 23:25:42,594 [INFO] performing request https://api-fxpractice.oanda.com/v3/instruments/USD_CAD/candles
2026-05-06 23:25:46,199 [INFO] SIGNAL: USD_CAD BUY 83.6% | News: NEUTRAL | COT: NEUTRAL | Regime: RANGING
2026-05-06 23:25:48,353 [INFO] Cycle #59 done. Trades in memory: 215 | WR: 88.4% | RL episodes: 215
2026-05-06 23:26:47,938 [INFO] Learned: USD_CAD WIN | WR: 88.4% | RL: 216
2026-05-06 23:40:49,250 [INFO] setting up API-client for environment practice
2026-05-06 23:40:50,110 [INFO] performing request https://api-fxpractice.oanda.com/v3/instruments/EUR_USD/candles
2026-05-06 23:40:54,303 [INFO] EUR_USD: 48.3% below 65.0% threshold. Skip.
2026-05-06 23:40:56,307 [INFO] setting up API-client for environment practice
2026-05-06 23:40:56,307 [INFO] performing request https://api-fxpractice.oanda.com/v3/instruments/GBP_USD/candles
2026-05-06 23:40:59,257 [INFO] GBP_USD: 52.6% below 65.0% threshold. Skip.
2026-05-06 23:41:01,265 [INFO] setting up API-client for environment practice
2026-05-06 23:41:01,265 [INFO] performing request https://api-fxpractice.oanda.com/v3/instruments/USD_JPY/candles
2026-05-06 23:41:02,121 [INFO] USD_JPY: 46.8% below 65.0% threshold. Skip.
2026-05-06 23:41:04,124 [INFO] setting up API-client for environment practice
2026-05-06 23:41:04,126 [INFO] performing request https://api-fxpractice.oanda.com/v3/instruments/AUD_USD/candles
2026-05-06 23:41:05,020 [INFO] AUD_USD: 64.5% below 65.0% threshold. Skip.
2026-05-06 23:41:07,022 [INFO] setting up API-client for environment practice
2026-05-06 23:41:07,023 [INFO] performing request https://api-fxpractice.oanda.com/v3/instruments/USD_CAD/candles
2026-05-06 23:41:09,067 [INFO] SIGNAL: USD_CAD BUY 110.2% | News: NEUTRAL | COT: NEUTRAL | Regime: RANGING
2026-05-06 23:41:11,109 [INFO] Cycle #60 done. Trades in memory: 216 | WR: 88.4% | RL episodes: 216
2026-05-06 23:42:09,497 [INFO] Learned: USD_CAD WIN | WR: 88.5% | RL: 217
2026-05-06 23:56:11,116 [INFO] setting up API-client for environment practice
2026-05-06 23:56:11,132 [INFO] performing request https://api-fxpractice.oanda.com/v3/instruments/EUR_USD/candles
2026-05-06 23:56:14,333 [INFO] ForexFactory: 115 events loaded
2026-05-06 23:56:15,714 [INFO] News: 20 articles fetched
2026-05-06 23:56:19,464 [INFO] Correlations: ['DXY', 'GOLD', 'OIL', 'SP500', 'VIX'] loaded
2026-05-06 23:56:19,489 [INFO] EUR_USD: 47.8% below 65.0% threshold. Skip.
2026-05-06 23:56:21,491 [INFO] setting up API-client for environment practice
2026-05-06 23:56:21,491 [INFO] performing request https://api-fxpractice.oanda.com/v3/instruments/GBP_USD/candles
2026-05-06 23:56:22,598 [INFO] GBP_USD: 55.1% below 65.0% threshold. Skip.
2026-05-06 23:56:24,598 [INFO] setting up API-client for environment practice
2026-05-06 23:56:24,598 [INFO] performing request https://api-fxpractice.oanda.com/v3/instruments/USD_JPY/candles
2026-05-06 23:56:25,455 [INFO] USD_JPY: 47.2% below 65.0% threshold. Skip.
2026-05-06 23:56:27,458 [INFO] setting up API-client for environment practice
2026-05-06 23:56:27,458 [INFO] performing request https://api-fxpractice.oanda.com/v3/instruments/AUD_USD/candles
2026-05-06 23:56:28,404 [INFO] AUD_USD: 63.6% below 65.0% threshold. Skip.
2026-05-06 23:56:30,412 [INFO] setting up API-client for environment practice
2026-05-06 23:56:30,412 [INFO] performing request https://api-fxpractice.oanda.com/v3/instruments/USD_CAD/candles
2026-05-06 23:56:33,996 [INFO] SIGNAL: USD_CAD BUY 110.2% | News: NEUTRAL | COT: NEUTRAL | Regime: RANGING
2026-05-06 23:56:35,997 [INFO] Cycle #61 done. Trades in memory: 217 | WR: 88.5% | RL episodes: 217
2026-05-06 23:57:34,120 [INFO] Learned: USD_CAD WIN | WR: 88.5% | RL: 218
2026-05-07 00:11:36,000 [INFO] setting up API-client for environment practice
2026-05-07 00:11:36,006 [INFO] performing request https://api-fxpractice.oanda.com/v3/instruments/EUR_USD/candles
2026-05-07 00:11:37,000 [INFO] EUR_USD: 47.8% below 65.0% threshold. Skip.
2026-05-07 00:11:39,016 [INFO] setting up API-client for environment practice
2026-05-07 00:11:39,016 [INFO] performing request https://api-fxpractice.oanda.com/v3/instruments/GBP_USD/candles
2026-05-07 00:11:39,831 [INFO] GBP_USD: 55.0% below 65.0% threshold. Skip.
2026-05-07 00:11:41,847 [INFO] setting up API-client for environment practice
2026-05-07 00:11:41,847 [INFO] performing request https://api-fxpractice.oanda.com/v3/instruments/USD_JPY/candles
2026-05-07 00:11:43,275 [INFO] USD_JPY: 47.2% below 65.0% threshold. Skip.
2026-05-07 00:11:45,286 [INFO] setting up API-client for environment practice
2026-05-07 00:11:45,286 [INFO] performing request https://api-fxpractice.oanda.com/v3/instruments/AUD_USD/candles
2026-05-07 00:11:46,210 [INFO] AUD_USD: 63.5% below 65.0% threshold. Skip.
2026-05-07 00:11:48,223 [INFO] setting up API-client for environment practice
2026-05-07 00:11:48,223 [INFO] performing request https://api-fxpractice.oanda.com/v3/instruments/USD_CAD/candles
2026-05-07 00:11:50,263 [INFO] SIGNAL: USD_CAD BUY 102.0% | News: NEUTRAL | COT: NEUTRAL | Regime: RANGING
2026-05-07 00:11:52,269 [INFO] Cycle #62 done. Trades in memory: 218 | WR: 88.5% | RL episodes: 218
2026-05-07 00:12:50,384 [INFO] Learned: USD_CAD WIN | WR: 88.6% | RL: 219
2026-05-07 00:26:52,273 [INFO] setting up API-client for environment practice
2026-05-07 00:26:52,364 [INFO] performing request https://api-fxpractice.oanda.com/v3/instruments/EUR_USD/candles
2026-05-07 00:26:55,061 [INFO] News: 19 articles fetched
2026-05-07 00:26:57,527 [INFO] Correlations: ['DXY', 'GOLD', 'OIL', 'SP500', 'VIX'] loaded
2026-05-07 00:26:57,540 [INFO] EUR_USD: 47.8% below 65.0% threshold. Skip.
2026-05-07 00:26:59,543 [INFO] setting up API-client for environment practice
2026-05-07 00:26:59,543 [INFO] performing request https://api-fxpractice.oanda.com/v3/instruments/GBP_USD/candles
2026-05-07 00:27:00,480 [INFO] GBP_USD: 55.0% below 65.0% threshold. Skip.
2026-05-07 00:27:02,490 [INFO] setting up API-client for environment practice
2026-05-07 00:27:02,490 [INFO] performing request https://api-fxpractice.oanda.com/v3/instruments/USD_JPY/candles
2026-05-07 00:27:03,643 [INFO] USD_JPY: 47.2% below 65.0% threshold. Skip.
2026-05-07 00:27:05,649 [INFO] setting up API-client for environment practice
2026-05-07 00:27:05,650 [INFO] performing request https://api-fxpractice.oanda.com/v3/instruments/AUD_USD/candles
2026-05-07 00:27:07,235 [INFO] AUD_USD: 63.5% below 65.0% threshold. Skip.
2026-05-07 00:27:09,240 [INFO] setting up API-client for environment practice
2026-05-07 00:27:09,241 [INFO] performing request https://api-fxpractice.oanda.com/v3/instruments/USD_CAD/candles
2026-05-07 00:27:13,118 [INFO] SIGNAL: USD_CAD BUY 100.2% | News: NEUTRAL | COT: NEUTRAL | Regime: RANGING
2026-05-07 00:27:15,123 [INFO] Cycle #63 done. Trades in memory: 219 | WR: 88.6% | RL episodes: 219
2026-05-07 00:28:13,402 [INFO] Learned: USD_CAD WIN | WR: 88.6% | RL: 220
2026-05-07 00:42:15,124 [INFO] setting up API-client for environment practice
2026-05-07 00:42:15,128 [INFO] performing request https://api-fxpractice.oanda.com/v3/instruments/EUR_USD/candles
2026-05-07 00:42:16,163 [INFO] EUR_USD: 52.0% below 65.0% threshold. Skip.
2026-05-07 00:42:18,171 [INFO] setting up API-client for environment practice
2026-05-07 00:42:18,172 [INFO] performing request https://api-fxpractice.oanda.com/v3/instruments/GBP_USD/candles
2026-05-07 00:42:18,911 [INFO] GBP_USD: 48.8% below 65.0% threshold. Skip.
2026-05-07 00:42:20,924 [INFO] setting up API-client for environment practice
2026-05-07 00:42:20,924 [INFO] performing request https://api-fxpractice.oanda.com/v3/instruments/USD_JPY/candles
2026-05-07 00:42:21,999 [INFO] USD_JPY: 59.7% below 65.0% threshold. Skip.
2026-05-07 00:42:24,003 [INFO] setting up API-client for environment practice
2026-05-07 00:42:24,005 [INFO] performing request https://api-fxpractice.oanda.com/v3/instruments/AUD_USD/candles
2026-05-07 00:42:24,831 [INFO] AUD_USD: 51.6% below 65.0% threshold. Skip.
2026-05-07 00:42:26,833 [INFO] setting up API-client for environment practice
2026-05-07 00:42:26,833 [INFO] performing request https://api-fxpractice.oanda.com/v3/instruments/USD_CAD/candles
2026-05-07 00:42:28,869 [INFO] SIGNAL: USD_CAD BUY 108.6% | News: NEUTRAL | COT: NEUTRAL | Regime: RANGING
2026-05-07 00:42:30,875 [INFO] Cycle #64 done. Trades in memory: 220 | WR: 88.6% | RL episodes: 220
2026-05-07 00:43:29,146 [INFO] Learned: USD_CAD WIN | WR: 88.7% | RL: 221
2026-05-07 00:57:30,876 [INFO] setting up API-client for environment practice
2026-05-07 00:57:30,878 [INFO] performing request https://api-fxpractice.oanda.com/v3/instruments/EUR_USD/candles
2026-05-07 00:57:32,281 [INFO] ForexFactory: 115 events loaded
2026-05-07 00:57:33,157 [INFO] News: 20 articles fetched
2026-05-07 00:57:34,322 [INFO] Correlations: ['DXY', 'GOLD', 'OIL', 'SP500', 'VIX'] loaded
2026-05-07 00:57:34,322 [INFO] EUR_USD: 55.1% below 65.0% threshold. Skip.
2026-05-07 00:57:36,337 [INFO] setting up API-client for environment practice
2026-05-07 00:57:36,337 [INFO] performing request https://api-fxpractice.oanda.com/v3/instruments/GBP_USD/candles
2026-05-07 00:57:39,902 [INFO] SIGNAL: GBP_USD BUY 68.3% | News: NEUTRAL | COT: NEUTRAL | Regime: RANGING
2026-05-07 00:57:41,910 [INFO] setting up API-client for environment practice
2026-05-07 00:57:41,910 [INFO] performing request https://api-fxpractice.oanda.com/v3/instruments/USD_JPY/candles
2026-05-07 00:57:42,796 [INFO] USD_JPY: 59.7% below 65.0% threshold. Skip.
2026-05-07 00:57:44,799 [INFO] setting up API-client for environment practice
2026-05-07 00:57:44,799 [INFO] performing request https://api-fxpractice.oanda.com/v3/instruments/AUD_USD/candles
2026-05-07 00:57:45,688 [INFO] AUD_USD: 51.6% below 65.0% threshold. Skip.
2026-05-07 00:57:47,690 [INFO] setting up API-client for environment practice
2026-05-07 00:57:47,691 [INFO] performing request https://api-fxpractice.oanda.com/v3/instruments/USD_CAD/candles
2026-05-07 00:57:49,494 [INFO] SIGNAL: USD_CAD BUY 109.3% | News: NEUTRAL | COT: NEUTRAL | Regime: RANGING
2026-05-07 00:57:51,600 [INFO] Cycle #65 done. Trades in memory: 221 | WR: 88.7% | RL episodes: 221
2026-05-07 00:58:40,014 [INFO] Learned: GBP_USD WIN | WR: 88.7% | RL: 222
2026-05-07 00:58:49,712 [INFO] Learned: USD_CAD WIN | WR: 88.8% | RL: 223
2026-05-07 01:12:51,602 [INFO] setting up API-client for environment practice
2026-05-07 01:12:51,604 [INFO] performing request https://api-fxpractice.oanda.com/v3/instruments/EUR_USD/candles
2026-05-07 01:12:52,576 [INFO] EUR_USD: 55.6% below 65.0% threshold. Skip.
2026-05-07 01:12:54,593 [INFO] setting up API-client for environment practice
2026-05-07 01:12:54,694 [INFO] performing request https://api-fxpractice.oanda.com/v3/instruments/GBP_USD/candles
2026-05-07 01:12:56,828 [INFO] SIGNAL: GBP_USD BUY 74.4% | News: NEUTRAL | COT: NEUTRAL | Regime: RANGING
2026-05-07 01:12:58,843 [INFO] setting up API-client for environment practice
2026-05-07 01:12:58,843 [INFO] performing request https://api-fxpractice.oanda.com/v3/instruments/USD_JPY/candles
2026-05-07 01:12:59,590 [INFO] USD_JPY: 60.3% below 65.0% threshold. Skip.
2026-05-07 01:13:01,600 [INFO] setting up API-client for environment practice
2026-05-07 01:13:01,600 [INFO] performing request https://api-fxpractice.oanda.com/v3/instruments/AUD_USD/candles
2026-05-07 01:13:02,730 [INFO] AUD_USD: 51.6% below 65.0% threshold. Skip.
2026-05-07 01:13:04,739 [INFO] setting up API-client for environment practice
2026-05-07 01:13:04,739 [INFO] performing request https://api-fxpractice.oanda.com/v3/instruments/USD_CAD/candles
2026-05-07 01:13:06,764 [INFO] SIGNAL: USD_CAD BUY 109.4% | News: NEUTRAL | COT: NEUTRAL | Regime: RANGING
2026-05-07 01:13:08,770 [INFO] Cycle #66 done. Trades in memory: 223 | WR: 88.8% | RL episodes: 223
2026-05-07 01:13:56,942 [INFO] Learned: GBP_USD LOSS | WR: 88.4% | RL: 224
2026-05-07 01:14:06,881 [INFO] Learned: USD_CAD WIN | WR: 88.4% | RL: 225
2026-05-07 01:28:08,772 [INFO] setting up API-client for environment practice
2026-05-07 01:28:08,772 [INFO] performing request https://api-fxpractice.oanda.com/v3/instruments/EUR_USD/candles
2026-05-07 01:28:10,582 [INFO] News: 20 articles fetched
2026-05-07 01:28:11,680 [INFO] Correlations: ['DXY', 'GOLD', 'OIL', 'SP500', 'VIX'] loaded
2026-05-07 01:28:11,680 [INFO] EUR_USD: 52.5% below 65.0% threshold. Skip.
2026-05-07 01:28:13,682 [INFO] setting up API-client for environment practice
2026-05-07 01:28:13,682 [INFO] performing request https://api-fxpractice.oanda.com/v3/instruments/GBP_USD/candles
2026-05-07 01:28:18,683 [INFO] SIGNAL: GBP_USD BUY 73.5% | News: NEUTRAL | COT: NEUTRAL | Regime: RANGING
2026-05-07 01:28:20,687 [INFO] setting up API-client for environment practice
2026-05-07 01:28:20,687 [INFO] performing request https://api-fxpractice.oanda.com/v3/instruments/USD_JPY/candles
2026-05-07 01:28:21,513 [INFO] USD_JPY: 60.1% below 65.0% threshold. Skip.
2026-05-07 01:28:23,518 [INFO] setting up API-client for environment practice
2026-05-07 01:28:23,518 [INFO] performing request https://api-fxpractice.oanda.com/v3/instruments/AUD_USD/candles
2026-05-07 01:28:24,326 [INFO] AUD_USD: 51.7% below 65.0% threshold. Skip.
2026-05-07 01:28:26,343 [INFO] setting up API-client for environment practice
2026-05-07 01:28:26,343 [INFO] performing request https://api-fxpractice.oanda.com/v3/instruments/USD_CAD/candles
2026-05-07 01:28:28,243 [INFO] SIGNAL: USD_CAD BUY 108.6% | News: NEUTRAL | COT: NEUTRAL | Regime: RANGING
2026-05-07 01:28:30,248 [INFO] Cycle #67 done. Trades in memory: 225 | WR: 88.4% | RL episodes: 225
2026-05-07 01:29:18,810 [INFO] Learned: GBP_USD WIN | WR: 88.5% | RL: 226
2026-05-07 01:29:28,388 [INFO] Learned: USD_CAD WIN | WR: 88.5% | RL: 227
2026-05-07 01:43:30,229 [INFO] setting up API-client for environment practice
2026-05-07 01:43:30,246 [INFO] performing request https://api-fxpractice.oanda.com/v3/instruments/EUR_USD/candles
2026-05-07 01:43:31,814 [INFO] EUR_USD: 52.6% below 65.0% threshold. Skip.
2026-05-07 01:43:33,816 [INFO] setting up API-client for environment practice
2026-05-07 01:43:33,817 [INFO] performing request https://api-fxpractice.oanda.com/v3/instruments/GBP_USD/candles
2026-05-07 01:43:34,953 [INFO] GBP_USD: 45.5% below 65.0% threshold. Skip.
2026-05-07 01:43:36,956 [INFO] setting up API-client for environment practice
2026-05-07 01:43:36,956 [INFO] performing request https://api-fxpractice.oanda.com/v3/instruments/USD_JPY/candles
2026-05-07 01:43:37,918 [INFO] USD_JPY: 60.3% below 65.0% threshold. Skip.
2026-05-07 01:43:39,924 [INFO] setting up API-client for environment practice
2026-05-07 01:43:39,924 [INFO] performing request https://api-fxpractice.oanda.com/v3/instruments/AUD_USD/candles
2026-05-07 01:43:40,583 [INFO] AUD_USD: 52.8% below 65.0% threshold. Skip.
2026-05-07 01:43:42,586 [INFO] setting up API-client for environment practice
2026-05-07 01:43:42,586 [INFO] performing request https://api-fxpractice.oanda.com/v3/instruments/USD_CAD/candles
2026-05-07 01:43:44,324 [INFO] SIGNAL: USD_CAD BUY 108.6% | News: NEUTRAL | COT: NEUTRAL | Regime: RANGING
2026-05-07 01:43:46,335 [INFO] Cycle #68 done. Trades in memory: 227 | WR: 88.5% | RL episodes: 227
2026-05-07 01:44:44,502 [INFO] Learned: USD_CAD WIN | WR: 88.6% | RL: 228
2026-05-07 01:58:46,261 [INFO] setting up API-client for environment practice
2026-05-07 01:58:46,353 [INFO] performing request https://api-fxpractice.oanda.com/v3/instruments/EUR_USD/candles
2026-05-07 01:58:47,855 [INFO] ForexFactory: 115 events loaded
2026-05-07 01:58:48,745 [INFO] News: 20 articles fetched
2026-05-07 01:58:50,627 [INFO] Correlations: ['DXY', 'GOLD', 'OIL', 'SP500', 'VIX'] loaded
2026-05-07 01:58:50,629 [INFO] EUR_USD: 55.6% below 65.0% threshold. Skip.
2026-05-07 01:58:52,631 [INFO] setting up API-client for environment practice
2026-05-07 01:58:52,631 [INFO] performing request https://api-fxpractice.oanda.com/v3/instruments/GBP_USD/candles
2026-05-07 01:58:56,357 [INFO] SIGNAL: GBP_USD BUY 74.3% | News: NEUTRAL | COT: NEUTRAL | Regime: RANGING
2026-05-07 01:58:58,361 [INFO] setting up API-client for environment practice
2026-05-07 01:58:58,362 [INFO] performing request https://api-fxpractice.oanda.com/v3/instruments/USD_JPY/candles
2026-05-07 01:58:59,007 [INFO] USD_JPY: 60.3% below 65.0% threshold. Skip.
2026-05-07 01:59:01,011 [INFO] setting up API-client for environment practice
2026-05-07 01:59:01,013 [INFO] performing request https://api-fxpractice.oanda.com/v3/instruments/AUD_USD/candles
2026-05-07 01:59:01,793 [INFO] AUD_USD: 52.8% below 65.0% threshold. Skip.
2026-05-07 01:59:03,796 [INFO] setting up API-client for environment practice
2026-05-07 01:59:03,796 [INFO] performing request https://api-fxpractice.oanda.com/v3/instruments/USD_CAD/candles
2026-05-07 01:59:05,328 [INFO] SIGNAL: USD_CAD BUY 109.4% | News: NEUTRAL | COT: NEUTRAL | Regime: RANGING
2026-05-07 01:59:07,343 [INFO] Cycle #69 done. Trades in memory: 228 | WR: 88.6% | RL episodes: 228
2026-05-07 01:59:56,391 [INFO] Learned: GBP_USD WIN | WR: 88.6% | RL: 229
2026-05-07 02:00:05,392 [INFO] Learned: USD_CAD WIN | WR: 88.7% | RL: 230
2026-05-07 02:14:07,289 [INFO] setting up API-client for environment practice
2026-05-07 02:14:07,289 [INFO] performing request https://api-fxpractice.oanda.com/v3/instruments/EUR_USD/candles
2026-05-07 02:14:08,199 [INFO] EUR_USD: 53.3% below 65.0% threshold. Skip.
2026-05-07 02:14:10,211 [INFO] setting up API-client for environment practice
2026-05-07 02:14:10,211 [INFO] performing request https://api-fxpractice.oanda.com/v3/instruments/GBP_USD/candles
2026-05-07 02:14:11,646 [INFO] SIGNAL: GBP_USD BUY 75.1% | News: NEUTRAL | COT: NEUTRAL | Regime: RANGING
2026-05-07 02:14:13,648 [INFO] setting up API-client for environment practice
2026-05-07 02:14:13,648 [INFO] performing request https://api-fxpractice.oanda.com/v3/instruments/USD_JPY/candles
2026-05-07 02:14:14,246 [INFO] USD_JPY: 60.5% below 65.0% threshold. Skip.
2026-05-07 02:14:16,248 [INFO] setting up API-client for environment practice
2026-05-07 02:14:16,248 [INFO] performing request https://api-fxpractice.oanda.com/v3/instruments/AUD_USD/candles
2026-05-07 02:14:16,898 [INFO] AUD_USD: 53.3% below 65.0% threshold. Skip.
2026-05-07 02:14:18,903 [INFO] setting up API-client for environment practice
2026-05-07 02:14:18,903 [INFO] performing request https://api-fxpractice.oanda.com/v3/instruments/USD_CAD/candles
2026-05-07 02:14:21,509 [INFO] SIGNAL: USD_CAD BUY 109.4% | News: NEUTRAL | COT: NEUTRAL | Regime: RANGING
2026-05-07 02:14:23,513 [INFO] Cycle #70 done. Trades in memory: 230 | WR: 88.7% | RL episodes: 230
2026-05-07 02:15:11,714 [INFO] Learned: GBP_USD WIN | WR: 88.7% | RL: 231
2026-05-07 02:15:21,574 [INFO] Learned: USD_CAD WIN | WR: 88.8% | RL: 232
2026-05-07 02:29:23,475 [INFO] setting up API-client for environment practice
2026-05-07 02:29:23,475 [INFO] performing request https://api-fxpractice.oanda.com/v3/instruments/EUR_USD/candles
2026-05-07 02:29:25,174 [INFO] News: 20 articles fetched
2026-05-07 02:29:26,350 [INFO] Correlations: ['DXY', 'GOLD', 'OIL', 'SP500', 'VIX'] loaded
2026-05-07 02:29:26,350 [INFO] EUR_USD: 55.6% below 65.0% threshold. Skip.
2026-05-07 02:29:28,352 [INFO] setting up API-client for environment practice
2026-05-07 02:29:28,352 [INFO] performing request https://api-fxpractice.oanda.com/v3/instruments/GBP_USD/candles
2026-05-07 02:29:33,963 [INFO] SIGNAL: GBP_USD BUY 75.9% | News: NEUTRAL | COT: NEUTRAL | Regime: RANGING
2026-05-07 02:29:35,966 [INFO] setting up API-client for environment practice
2026-05-07 02:29:35,966 [INFO] performing request https://api-fxpractice.oanda.com/v3/instruments/USD_JPY/candles
2026-05-07 02:29:36,546 [INFO] USD_JPY: 60.7% below 65.0% threshold. Skip.
2026-05-07 02:29:38,556 [INFO] setting up API-client for environment practice
2026-05-07 02:29:38,556 [INFO] performing request https://api-fxpractice.oanda.com/v3/instruments/AUD_USD/candles
2026-05-07 02:29:39,291 [INFO] AUD_USD: 53.8% below 65.0% threshold. Skip.
2026-05-07 02:29:41,293 [INFO] setting up API-client for environment practice
2026-05-07 02:29:41,293 [INFO] performing request https://api-fxpractice.oanda.com/v3/instruments/USD_CAD/candles
2026-05-07 02:29:43,308 [INFO] SIGNAL: USD_CAD BUY 108.6% | News: NEUTRAL | COT: NEUTRAL | Regime: RANGING
2026-05-07 02:29:45,318 [INFO] Cycle #71 done. Trades in memory: 232 | WR: 88.8% | RL episodes: 232
2026-05-07 02:30:34,029 [INFO] Learned: GBP_USD LOSS | WR: 88.4% | RL: 233
2026-05-07 02:30:43,347 [INFO] Learned: USD_CAD WIN | WR: 88.5% | RL: 234
2026-05-07 02:44:45,290 [INFO] setting up API-client for environment practice
2026-05-07 02:44:45,290 [INFO] performing request https://api-fxpractice.oanda.com/v3/instruments/EUR_USD/candles
2026-05-07 02:44:47,454 [INFO] EUR_USD: 48.8% below 65.0% threshold. Skip.
2026-05-07 02:44:49,455 [INFO] setting up API-client for environment practice
2026-05-07 02:44:49,455 [INFO] performing request https://api-fxpractice.oanda.com/v3/instruments/GBP_USD/candles
2026-05-07 02:44:50,065 [INFO] GBP_USD: 45.8% below 65.0% threshold. Skip.
2026-05-07 02:44:52,081 [INFO] setting up API-client for environment practice
2026-05-07 02:44:52,081 [INFO] performing request https://api-fxpractice.oanda.com/v3/instruments/USD_JPY/candles
2026-05-07 02:44:52,922 [INFO] USD_JPY: 55.6% below 65.0% threshold. Skip.
2026-05-07 02:44:54,929 [INFO] setting up API-client for environment practice
2026-05-07 02:44:54,929 [INFO] performing request https://api-fxpractice.oanda.com/v3/instruments/AUD_USD/candles
2026-05-07 02:44:55,503 [INFO] AUD_USD: 53.2% below 65.0% threshold. Skip.
2026-05-07 02:44:57,517 [INFO] setting up API-client for environment practice
2026-05-07 02:44:57,517 [INFO] performing request https://api-fxpractice.oanda.com/v3/instruments/USD_CAD/candles
2026-05-07 02:44:58,973 [INFO] SIGNAL: USD_CAD BUY 77.7% | News: NEUTRAL | COT: NEUTRAL | Regime: RANGING
2026-05-07 02:45:00,976 [INFO] Cycle #72 done. Trades in memory: 234 | WR: 88.5% | RL episodes: 234
2026-05-07 02:45:59,016 [INFO] Learned: USD_CAD WIN | WR: 88.5% | RL: 235
2026-05-07 03:00:00,957 [INFO] setting up API-client for environment practice
2026-05-07 03:00:00,957 [INFO] performing request https://api-fxpractice.oanda.com/v3/instruments/EUR_USD/candles
2026-05-07 03:00:03,442 [INFO] ForexFactory: 115 events loaded
2026-05-07 03:00:04,329 [INFO] News: 19 articles fetched
2026-05-07 03:00:05,225 [INFO] Correlations: ['DXY', 'GOLD', 'OIL', 'SP500', 'VIX'] loaded
2026-05-07 03:00:05,225 [INFO] EUR_USD: 55.6% below 65.0% threshold. Skip.
2026-05-07 03:00:07,230 [INFO] setting up API-client for environment practice
2026-05-07 03:00:07,230 [INFO] performing request https://api-fxpractice.oanda.com/v3/instruments/GBP_USD/candles
2026-05-07 03:00:07,951 [INFO] GBP_USD: 62.1% below 65.0% threshold. Skip.
2026-05-07 03:00:09,954 [INFO] setting up API-client for environment practice
2026-05-07 03:00:09,954 [INFO] performing request https://api-fxpractice.oanda.com/v3/instruments/USD_JPY/candles
2026-05-07 03:00:10,550 [INFO] USD_JPY: 52.6% below 65.0% threshold. Skip.
2026-05-07 03:00:12,561 [INFO] setting up API-client for environment practice
2026-05-07 03:00:12,562 [INFO] performing request https://api-fxpractice.oanda.com/v3/instruments/AUD_USD/candles
2026-05-07 03:00:13,445 [INFO] AUD_USD: 48.4% below 65.0% threshold. Skip.
2026-05-07 03:00:15,451 [INFO] setting up API-client for environment practice
2026-05-07 03:00:15,452 [INFO] performing request https://api-fxpractice.oanda.com/v3/instruments/USD_CAD/candles
2026-05-07 03:00:18,817 [INFO] SIGNAL: USD_CAD BUY 105.2% | News: NEUTRAL | COT: NEUTRAL | Regime: RANGING
2026-05-07 03:00:20,819 [INFO] Cycle #73 done. Trades in memory: 235 | WR: 88.5% | RL episodes: 235
2026-05-07 03:01:19,016 [INFO] Learned: USD_CAD WIN | WR: 88.6% | RL: 236
2026-05-07 03:15:20,805 [INFO] setting up API-client for environment practice
2026-05-07 03:15:20,808 [INFO] performing request https://api-fxpractice.oanda.com/v3/instruments/EUR_USD/candles
2026-05-07 03:15:22,065 [INFO] EUR_USD: 52.6% below 65.0% threshold. Skip.
2026-05-07 03:15:24,066 [INFO] setting up API-client for environment practice
2026-05-07 03:15:24,066 [INFO] performing request https://api-fxpractice.oanda.com/v3/instruments/GBP_USD/candles
2026-05-07 03:15:25,587 [INFO] SIGNAL: GBP_USD BUY 75.1% | News: NEUTRAL | COT: NEUTRAL | Regime: RANGING
2026-05-07 03:15:27,593 [INFO] setting up API-client for environment practice
2026-05-07 03:15:27,593 [INFO] performing request https://api-fxpractice.oanda.com/v3/instruments/USD_JPY/candles
2026-05-07 03:15:28,256 [INFO] USD_JPY: 55.6% below 65.0% threshold. Skip.
2026-05-07 03:15:30,257 [INFO] setting up API-client for environment practice
2026-05-07 03:15:30,258 [INFO] performing request https://api-fxpractice.oanda.com/v3/instruments/AUD_USD/candles
2026-05-07 03:15:31,756 [INFO] SIGNAL: AUD_USD BUY 115.0% | News: NEUTRAL | COT: NEUTRAL | Regime: RANGING
2026-05-07 03:15:33,759 [INFO] setting up API-client for environment practice
2026-05-07 03:15:33,759 [INFO] performing request https://api-fxpractice.oanda.com/v3/instruments/USD_CAD/candles
2026-05-07 03:15:35,484 [INFO] SIGNAL: USD_CAD BUY 105.2% | News: NEUTRAL | COT: NEUTRAL | Regime: RANGING
2026-05-07 03:15:37,585 [INFO] Cycle #74 done. Trades in memory: 236 | WR: 88.6% | RL episodes: 236
2026-05-07 03:16:25,682 [INFO] Learned: GBP_USD LOSS | WR: 88.2% | RL: 237
2026-05-07 03:16:31,858 [INFO] Learned: AUD_USD WIN | WR: 88.2% | RL: 238
2026-05-07 03:16:35,637 [INFO] Learned: USD_CAD WIN | WR: 88.3% | RL: 239
2026-05-07 03:30:37,719 [INFO] setting up API-client for environment practice
2026-05-07 03:30:38,314 [INFO] performing request https://api-fxpractice.oanda.com/v3/instruments/EUR_USD/candles
2026-05-07 03:30:42,321 [INFO] News: 19 articles fetched
2026-05-07 03:30:47,508 [INFO] Correlations: ['DXY', 'GOLD', 'OIL', 'SP500', 'VIX'] loaded
2026-05-07 03:30:47,508 [INFO] EUR_USD: 51.6% below 65.0% threshold. Skip.
2026-05-07 03:30:49,521 [INFO] setting up API-client for environment practice
2026-05-07 03:30:49,521 [INFO] performing request https://api-fxpractice.oanda.com/v3/instruments/GBP_USD/candles
2026-05-07 03:30:52,966 [INFO] SIGNAL: GBP_USD BUY 70.9% | News: NEUTRAL | COT: NEUTRAL | Regime: RANGING
2026-05-07 03:30:54,994 [INFO] setting up API-client for environment practice
2026-05-07 03:30:54,994 [INFO] performing request https://api-fxpractice.oanda.com/v3/instruments/USD_JPY/candles
2026-05-07 03:30:55,635 [INFO] USD_JPY: 51.6% below 65.0% threshold. Skip.
2026-05-07 03:30:57,650 [INFO] setting up API-client for environment practice
2026-05-07 03:30:57,650 [INFO] performing request https://api-fxpractice.oanda.com/v3/instruments/AUD_USD/candles
2026-05-07 03:30:59,053 [INFO] SIGNAL: AUD_USD BUY 85.0% | News: NEUTRAL | COT: NEUTRAL | Regime: RANGING
2026-05-07 03:31:01,057 [INFO] setting up API-client for environment practice
2026-05-07 03:31:01,057 [INFO] performing request https://api-fxpractice.oanda.com/v3/instruments/USD_CAD/candles
2026-05-07 03:31:02,556 [INFO] SIGNAL: USD_CAD BUY 105.2% | News: NEUTRAL | COT: NEUTRAL | Regime: RANGING
2026-05-07 03:31:04,560 [INFO] Cycle #75 done. Trades in memory: 239 | WR: 88.3% | RL episodes: 239
2026-05-07 03:31:53,089 [INFO] Learned: GBP_USD WIN | WR: 88.3% | RL: 240
2026-05-07 03:31:59,142 [INFO] Learned: AUD_USD WIN | WR: 88.4% | RL: 241
2026-05-07 03:32:02,634 [INFO] Learned: USD_CAD WIN | WR: 88.4% | RL: 242
2026-05-07 03:46:04,553 [INFO] setting up API-client for environment practice
2026-05-07 03:46:04,555 [INFO] performing request https://api-fxpractice.oanda.com/v3/instruments/EUR_USD/candles
2026-05-07 03:46:05,334 [INFO] EUR_USD: 55.6% below 65.0% threshold. Skip.
2026-05-07 03:46:07,347 [INFO] setting up API-client for environment practice
2026-05-07 03:46:07,347 [INFO] performing request https://api-fxpractice.oanda.com/v3/instruments/GBP_USD/candles
2026-05-07 03:46:08,923 [INFO] SIGNAL: GBP_USD BUY 72.2% | News: NEUTRAL | COT: NEUTRAL | Regime: RANGING
2026-05-07 03:46:10,931 [INFO] setting up API-client for environment practice
2026-05-07 03:46:10,931 [INFO] performing request https://api-fxpractice.oanda.com/v3/instruments/USD_JPY/candles
2026-05-07 03:46:12,124 [INFO] USD_JPY: 51.6% below 65.0% threshold. Skip.
2026-05-07 03:46:14,137 [INFO] setting up API-client for environment practice
2026-05-07 03:46:14,139 [INFO] performing request https://api-fxpractice.oanda.com/v3/instruments/AUD_USD/candles
2026-05-07 03:46:15,568 [INFO] SIGNAL: AUD_USD BUY 115.0% | News: NEUTRAL | COT: NEUTRAL | Regime: RANGING
2026-05-07 03:46:17,573 [INFO] setting up API-client for environment practice
2026-05-07 03:46:17,573 [INFO] performing request https://api-fxpractice.oanda.com/v3/instruments/USD_CAD/candles
2026-05-07 03:46:19,045 [INFO] SIGNAL: USD_CAD BUY 104.7% | News: NEUTRAL | COT: NEUTRAL | Regime: RANGING
2026-05-07 03:46:21,057 [INFO] Cycle #76 done. Trades in memory: 242 | WR: 88.4% | RL episodes: 242
2026-05-07 03:47:08,983 [INFO] Learned: GBP_USD WIN | WR: 88.5% | RL: 243
2026-05-07 03:47:15,589 [INFO] Learned: AUD_USD WIN | WR: 88.5% | RL: 244
2026-05-07 03:47:19,103 [INFO] Learned: USD_CAD WIN | WR: 88.6% | RL: 245
2026-05-07 04:01:21,052 [INFO] setting up API-client for environment practice
2026-05-07 04:01:21,052 [INFO] performing request https://api-fxpractice.oanda.com/v3/instruments/EUR_USD/candles
2026-05-07 04:01:23,061 [INFO] ForexFactory: 115 events loaded
2026-05-07 04:01:23,735 [INFO] News: 19 articles fetched
2026-05-07 04:01:24,731 [INFO] Correlations: ['DXY', 'GOLD', 'OIL', 'SP500', 'VIX'] loaded
2026-05-07 04:01:24,731 [INFO] EUR_USD: 56.8% below 65.0% threshold. Skip.
2026-05-07 04:01:26,741 [INFO] setting up API-client for environment practice
2026-05-07 04:01:26,741 [INFO] performing request https://api-fxpractice.oanda.com/v3/instruments/GBP_USD/candles
2026-05-07 04:01:30,407 [INFO] SIGNAL: GBP_USD BUY 73.5% | News: NEUTRAL | COT: NEUTRAL | Regime: RANGING
2026-05-07 04:01:32,419 [INFO] setting up API-client for environment practice
2026-05-07 04:01:32,419 [INFO] performing request https://api-fxpractice.oanda.com/v3/instruments/USD_JPY/candles
2026-05-07 04:01:33,069 [INFO] USD_JPY: 51.6% below 65.0% threshold. Skip.
2026-05-07 04:01:35,078 [INFO] setting up API-client for environment practice
2026-05-07 04:01:35,078 [INFO] performing request https://api-fxpractice.oanda.com/v3/instruments/AUD_USD/candles
2026-05-07 04:01:36,632 [INFO] SIGNAL: AUD_USD BUY 115.0% | News: NEUTRAL | COT: NEUTRAL | Regime: RANGING
2026-05-07 04:01:38,639 [INFO] setting up API-client for environment practice
2026-05-07 04:01:38,639 [INFO] performing request https://api-fxpractice.oanda.com/v3/instruments/USD_CAD/candles
2026-05-07 04:01:40,686 [INFO] SIGNAL: USD_CAD BUY 104.3% | News: NEUTRAL | COT: NEUTRAL | Regime: RANGING
2026-05-07 04:01:42,695 [INFO] Cycle #77 done. Trades in memory: 245 | WR: 88.6% | RL episodes: 245
2026-05-07 04:02:30,584 [INFO] Learned: GBP_USD WIN | WR: 88.6% | RL: 246
2026-05-07 04:02:36,678 [INFO] Learned: AUD_USD WIN | WR: 88.7% | RL: 247
2026-05-07 04:02:40,755 [INFO] Learned: USD_CAD WIN | WR: 88.7% | RL: 248
2026-05-07 04:16:42,691 [INFO] setting up API-client for environment practice
2026-05-07 04:16:42,691 [INFO] performing request https://api-fxpractice.oanda.com/v3/instruments/EUR_USD/candles
2026-05-07 04:16:43,365 [INFO] EUR_USD: 55.6% below 65.0% threshold. Skip.
2026-05-07 04:16:45,366 [INFO] setting up API-client for environment practice
2026-05-07 04:16:45,366 [INFO] performing request https://api-fxpractice.oanda.com/v3/instruments/GBP_USD/candles
2026-05-07 04:16:45,989 [INFO] GBP_USD: 46.7% below 65.0% threshold. Skip.
2026-05-07 04:16:48,005 [INFO] setting up API-client for environment practice
2026-05-07 04:16:48,005 [INFO] performing request https://api-fxpractice.oanda.com/v3/instruments/USD_JPY/candles
2026-05-07 04:16:48,820 [INFO] USD_JPY: 51.6% below 65.0% threshold. Skip.
2026-05-07 04:16:50,835 [INFO] setting up API-client for environment practice
2026-05-07 04:16:50,835 [INFO] performing request https://api-fxpractice.oanda.com/v3/instruments/AUD_USD/candles
2026-05-07 04:16:52,487 [INFO] SIGNAL: AUD_USD BUY 115.0% | News: NEUTRAL | COT: NEUTRAL | Regime: RANGING
2026-05-07 04:16:54,505 [INFO] setting up API-client for environment practice
2026-05-07 04:16:54,505 [INFO] performing request https://api-fxpractice.oanda.com/v3/instruments/USD_CAD/candles
2026-05-07 04:16:55,963 [INFO] SIGNAL: USD_CAD BUY 103.8% | News: NEUTRAL | COT: NEUTRAL | Regime: RANGING
2026-05-07 04:16:57,975 [INFO] Cycle #78 done. Trades in memory: 248 | WR: 88.7% | RL episodes: 248
2026-05-07 04:17:52,536 [INFO] Learned: AUD_USD WIN | WR: 88.8% | RL: 249
2026-05-07 04:17:56,043 [INFO] Learned: USD_CAD WIN | WR: 88.8% | RL: 250
2026-05-07 04:31:57,973 [INFO] setting up API-client for environment practice
2026-05-07 04:31:57,973 [INFO] performing request https://api-fxpractice.oanda.com/v3/instruments/EUR_USD/candles
2026-05-07 04:31:59,667 [INFO] News: 19 articles fetched
2026-05-07 04:32:00,732 [INFO] Correlations: ['DXY', 'GOLD', 'OIL', 'SP500', 'VIX'] loaded
2026-05-07 04:32:00,732 [INFO] EUR_USD: 51.6% below 65.0% threshold. Skip.
2026-05-07 04:32:02,741 [INFO] setting up API-client for environment practice
2026-05-07 04:32:02,742 [INFO] performing request https://api-fxpractice.oanda.com/v3/instruments/GBP_USD/candles
2026-05-07 04:32:03,367 [INFO] GBP_USD: 46.7% below 65.0% threshold. Skip.
2026-05-07 04:32:05,373 [INFO] setting up API-client for environment practice
2026-05-07 04:32:05,374 [INFO] performing request https://api-fxpractice.oanda.com/v3/instruments/USD_JPY/candles
2026-05-07 04:32:08,913 [INFO] SIGNAL: USD_JPY SELL 90.0% | News: NEUTRAL | COT: NEUTRAL | Regime: RANGING
2026-05-07 04:32:10,930 [INFO] setting up API-client for environment practice
2026-05-07 04:32:10,930 [INFO] performing request https://api-fxpractice.oanda.com/v3/instruments/AUD_USD/candles
2026-05-07 04:32:12,412 [INFO] SIGNAL: AUD_USD SELL 90.0% | News: NEUTRAL | COT: NEUTRAL | Regime: RANGING
2026-05-07 04:32:14,415 [INFO] setting up API-client for environment practice
2026-05-07 04:32:14,415 [INFO] performing request https://api-fxpractice.oanda.com/v3/instruments/USD_CAD/candles
2026-05-07 04:32:15,881 [INFO] SIGNAL: USD_CAD BUY 103.8% | News: NEUTRAL | COT: NEUTRAL | Regime: RANGING
2026-05-07 04:32:17,892 [INFO] Cycle #79 done. Trades in memory: 250 | WR: 88.8% | RL episodes: 250
2026-05-07 04:33:09,116 [INFO] Learned: USD_JPY WIN | WR: 88.8% | RL: 251
2026-05-07 04:33:12,485 [INFO] Learned: AUD_USD WIN | WR: 88.9% | RL: 252
2026-05-07 04:33:15,945 [INFO] Learned: USD_CAD WIN | WR: 88.9% | RL: 253
2026-05-07 04:47:17,891 [INFO] setting up API-client for environment practice
2026-05-07 04:47:17,893 [INFO] performing request https://api-fxpractice.oanda.com/v3/instruments/EUR_USD/candles
2026-05-07 04:47:18,525 [INFO] EUR_USD: 51.6% below 65.0% threshold. Skip.
2026-05-07 04:47:20,532 [INFO] setting up API-client for environment practice
2026-05-07 04:47:20,532 [INFO] performing request https://api-fxpractice.oanda.com/v3/instruments/GBP_USD/candles
2026-05-07 04:47:21,247 [INFO] GBP_USD: 51.6% below 65.0% threshold. Skip.
2026-05-07 04:47:23,258 [INFO] setting up API-client for environment practice
2026-05-07 04:47:23,258 [INFO] performing request https://api-fxpractice.oanda.com/v3/instruments/USD_JPY/candles
2026-05-07 04:47:24,852 [INFO] SIGNAL: USD_JPY SELL 85.0% | News: NEUTRAL | COT: NEUTRAL | Regime: RANGING
2026-05-07 04:47:26,858 [INFO] setting up API-client for environment practice
2026-05-07 04:47:26,858 [INFO] performing request https://api-fxpractice.oanda.com/v3/instruments/AUD_USD/candles
2026-05-07 04:47:28,266 [INFO] SIGNAL: AUD_USD SELL 85.0% | News: NEUTRAL | COT: NEUTRAL | Regime: RANGING
2026-05-07 04:47:30,277 [INFO] setting up API-client for environment practice
2026-05-07 04:47:30,277 [INFO] performing request https://api-fxpractice.oanda.com/v3/instruments/USD_CAD/candles
2026-05-07 04:47:31,704 [INFO] SIGNAL: USD_CAD BUY 103.8% | News: NEUTRAL | COT: NEUTRAL | Regime: RANGING
2026-05-07 04:47:33,718 [INFO] Cycle #80 done. Trades in memory: 253 | WR: 88.9% | RL episodes: 253
2026-05-07 04:48:25,030 [INFO] Learned: USD_JPY WIN | WR: 89.0% | RL: 254
2026-05-07 04:48:28,404 [INFO] Learned: AUD_USD WIN | WR: 89.0% | RL: 255
2026-05-07 04:48:31,758 [INFO] Learned: USD_CAD WIN | WR: 89.1% | RL: 256
2026-05-07 05:02:33,718 [INFO] setting up API-client for environment practice
2026-05-07 05:02:33,718 [INFO] performing request https://api-fxpractice.oanda.com/v3/instruments/EUR_USD/candles
2026-05-07 05:02:34,946 [INFO] ForexFactory: 115 events loaded
2026-05-07 05:02:35,805 [INFO] News: 18 articles fetched
2026-05-07 05:02:36,806 [INFO] Correlations: ['DXY', 'GOLD', 'OIL', 'SP500', 'VIX'] loaded
2026-05-07 05:02:36,806 [INFO] EUR_USD: 51.6% below 65.0% threshold. Skip.
2026-05-07 05:02:38,809 [INFO] setting up API-client for environment practice
2026-05-07 05:02:38,809 [INFO] performing request https://api-fxpractice.oanda.com/v3/instruments/GBP_USD/candles
2026-05-07 05:02:42,114 [INFO] SIGNAL: GBP_USD BUY 76.1% | News: NEUTRAL | COT: NEUTRAL | Regime: RANGING
2026-05-07 05:02:44,116 [INFO] setting up API-client for environment practice
2026-05-07 05:02:44,117 [INFO] performing request https://api-fxpractice.oanda.com/v3/instruments/USD_JPY/candles
2026-05-07 05:02:45,709 [INFO] SIGNAL: USD_JPY SELL 90.0% | News: NEUTRAL | COT: NEUTRAL | Regime: RANGING
2026-05-07 05:02:47,728 [INFO] setting up API-client for environment practice
2026-05-07 05:02:47,728 [INFO] performing request https://api-fxpractice.oanda.com/v3/instruments/AUD_USD/candles
2026-05-07 05:02:49,180 [INFO] SIGNAL: AUD_USD SELL 85.0% | News: NEUTRAL | COT: NEUTRAL | Regime: RANGING
2026-05-07 05:02:51,189 [INFO] setting up API-client for environment practice
2026-05-07 05:02:51,189 [INFO] performing request https://api-fxpractice.oanda.com/v3/instruments/USD_CAD/candles
2026-05-07 05:02:52,627 [INFO] SIGNAL: USD_CAD BUY 103.8% | News: NEUTRAL | COT: NEUTRAL | Regime: RANGING
2026-05-07 05:02:54,631 [INFO] Cycle #81 done. Trades in memory: 256 | WR: 89.1% | RL episodes: 256
2026-05-07 05:03:42,163 [INFO] Learned: GBP_USD WIN | WR: 89.1% | RL: 257
2026-05-07 05:03:45,798 [INFO] Learned: USD_JPY WIN | WR: 89.1% | RL: 258
2026-05-07 05:03:49,273 [INFO] Learned: AUD_USD WIN | WR: 89.2% | RL: 259
2026-05-07 05:03:52,814 [INFO] Learned: USD_CAD WIN | WR: 89.2% | RL: 260
2026-05-07 05:17:54,631 [INFO] setting up API-client for environment practice
2026-05-07 05:17:54,631 [INFO] performing request https://api-fxpractice.oanda.com/v3/instruments/EUR_USD/candles
2026-05-07 05:17:55,337 [INFO] EUR_USD: 51.6% below 65.0% threshold. Skip.
2026-05-07 05:17:57,340 [INFO] setting up API-client for environment practice
2026-05-07 05:17:57,340 [INFO] performing request https://api-fxpractice.oanda.com/v3/instruments/GBP_USD/candles
2026-05-07 05:17:57,948 [INFO] GBP_USD: 46.5% below 65.0% threshold. Skip.
2026-05-07 05:17:59,962 [INFO] setting up API-client for environment practice
2026-05-07 05:17:59,962 [INFO] performing request https://api-fxpractice.oanda.com/v3/instruments/USD_JPY/candles
2026-05-07 05:18:01,403 [INFO] SIGNAL: USD_JPY SELL 90.0% | News: NEUTRAL | COT: NEUTRAL | Regime: RANGING
2026-05-07 05:18:03,406 [INFO] setting up API-client for environment practice
2026-05-07 05:18:03,406 [INFO] performing request https://api-fxpractice.oanda.com/v3/instruments/AUD_USD/candles
2026-05-07 05:18:06,586 [INFO] SIGNAL: AUD_USD SELL 90.0% | News: NEUTRAL | COT: NEUTRAL | Regime: RANGING
2026-05-07 05:18:08,590 [INFO] setting up API-client for environment practice
2026-05-07 05:18:08,590 [INFO] performing request https://api-fxpractice.oanda.com/v3/instruments/USD_CAD/candles
2026-05-07 05:18:10,268 [INFO] SIGNAL: USD_CAD BUY 103.3% | News: NEUTRAL | COT: NEUTRAL | Regime: RANGING
2026-05-07 05:18:12,271 [INFO] Cycle #82 done. Trades in memory: 260 | WR: 89.2% | RL episodes: 260
2026-05-07 05:19:01,476 [INFO] Learned: USD_JPY WIN | WR: 89.3% | RL: 261
2026-05-07 05:19:06,646 [INFO] Learned: AUD_USD WIN | WR: 89.3% | RL: 262
2026-05-07 05:19:10,321 [INFO] Learned: USD_CAD WIN | WR: 89.4% | RL: 263
2026-05-07 08:10:44,936 [INFO] setting up API-client for environment practice
2026-05-07 08:10:47,075 [INFO] performing request https://api-fxpractice.oanda.com/v3/instruments/EUR_USD/candles
2026-05-07 08:11:02,720 [INFO] ForexFactory: 115 events loaded
2026-05-07 08:11:04,080 [INFO] News: 20 articles fetched
2026-05-07 08:11:24,201 [INFO] Correlations: ['DXY', 'GOLD', 'OIL', 'SP500', 'VIX'] loaded
2026-05-07 08:11:27,421 [INFO] SIGNAL: EUR_USD BUY 90.0% | News: BULLISH | COT: NEUTRAL | Regime: RANGING
2026-05-07 08:11:29,493 [INFO] setting up API-client for environment practice
2026-05-07 08:11:29,493 [INFO] performing request https://api-fxpractice.oanda.com/v3/instruments/GBP_USD/candles
2026-05-07 08:11:31,402 [INFO] SIGNAL: GBP_USD BUY 71.8% | News: BULLISH | COT: NEUTRAL | Regime: RANGING
2026-05-07 08:11:33,404 [INFO] setting up API-client for environment practice
2026-05-07 08:11:33,404 [INFO] performing request https://api-fxpractice.oanda.com/v3/instruments/USD_JPY/candles
2026-05-07 08:11:35,036 [INFO] SIGNAL: USD_JPY SELL 85.0% | News: NEUTRAL | COT: NEUTRAL | Regime: RANGING
2026-05-07 08:11:37,038 [INFO] setting up API-client for environment practice
2026-05-07 08:11:37,039 [INFO] performing request https://api-fxpractice.oanda.com/v3/instruments/AUD_USD/candles
2026-05-07 08:11:39,383 [INFO] SIGNAL: AUD_USD BUY 83.0% | News: BULLISH | COT: NEUTRAL | Regime: RANGING
2026-05-07 08:11:41,384 [INFO] setting up API-client for environment practice
2026-05-07 08:11:41,384 [INFO] performing request https://api-fxpractice.oanda.com/v3/instruments/USD_CAD/candles
2026-05-07 08:11:43,078 [INFO] SIGNAL: USD_CAD BUY 83.7% | News: BEARISH | COT: NEUTRAL | Regime: RANGING
2026-05-07 08:11:45,081 [INFO] Cycle #83 done. Trades in memory: 263 | WR: 89.4% | RL episodes: 263
2026-05-07 08:12:28,176 [INFO] Learned: EUR_USD LOSS | WR: 89.0% | RL: 264
2026-05-07 08:12:31,490 [INFO] Learned: GBP_USD LOSS | WR: 88.7% | RL: 265
2026-05-07 08:12:35,217 [INFO] Learned: USD_JPY WIN | WR: 88.7% | RL: 266
2026-05-07 08:12:39,446 [INFO] Learned: AUD_USD WIN | WR: 88.8% | RL: 267
2026-05-07 08:12:43,240 [INFO] Learned: USD_CAD WIN | WR: 88.8% | RL: 268
2026-05-07 08:26:45,081 [INFO] setting up API-client for environment practice
2026-05-07 08:26:45,084 [INFO] performing request https://api-fxpractice.oanda.com/v3/instruments/EUR_USD/candles
2026-05-07 08:26:47,253 [INFO] SIGNAL: EUR_USD BUY 85.0% | News: BULLISH | COT: NEUTRAL | Regime: RANGING
2026-05-07 08:26:49,259 [INFO] setting up API-client for environment practice
2026-05-07 08:26:49,261 [INFO] performing request https://api-fxpractice.oanda.com/v3/instruments/GBP_USD/candles
2026-05-07 08:26:51,162 [INFO] SIGNAL: GBP_USD BUY 70.8% | News: BULLISH | COT: NEUTRAL | Regime: RANGING
2026-05-07 08:26:53,165 [INFO] setting up API-client for environment practice
2026-05-07 08:26:53,166 [INFO] performing request https://api-fxpractice.oanda.com/v3/instruments/USD_JPY/candles
2026-05-07 08:26:55,210 [INFO] SIGNAL: USD_JPY SELL 115.0% | News: NEUTRAL | COT: NEUTRAL | Regime: RANGING
2026-05-07 08:26:57,214 [INFO] setting up API-client for environment practice
2026-05-07 08:26:57,215 [INFO] performing request https://api-fxpractice.oanda.com/v3/instruments/AUD_USD/candles
2026-05-07 08:26:58,846 [INFO] SIGNAL: AUD_USD BUY 106.0% | News: BULLISH | COT: NEUTRAL | Regime: RANGING
2026-05-07 08:27:00,848 [INFO] setting up API-client for environment practice
2026-05-07 08:27:00,848 [INFO] performing request https://api-fxpractice.oanda.com/v3/instruments/USD_CAD/candles
2026-05-07 08:27:01,523 [INFO] USD_CAD: 45.7% below 65.0% threshold. Skip.
2026-05-07 08:27:03,524 [INFO] Cycle #84 done. Trades in memory: 268 | WR: 88.8% | RL episodes: 268
2026-05-07 08:27:47,492 [INFO] Learned: EUR_USD LOSS | WR: 88.5% | RL: 269
2026-05-07 08:27:51,238 [INFO] Learned: GBP_USD WIN | WR: 88.5% | RL: 270
2026-05-07 08:27:55,323 [INFO] Learned: USD_JPY WIN | WR: 88.6% | RL: 271
2026-05-07 08:27:58,956 [INFO] Learned: AUD_USD WIN | WR: 88.6% | RL: 272
2026-05-07 08:42:03,526 [INFO] setting up API-client for environment practice
2026-05-07 08:42:03,527 [INFO] performing request https://api-fxpractice.oanda.com/v3/instruments/EUR_USD/candles
2026-05-07 08:42:05,262 [INFO] News: 20 articles fetched
2026-05-07 08:42:06,278 [INFO] Correlations: ['DXY', 'GOLD', 'OIL', 'SP500', 'VIX'] loaded
2026-05-07 08:42:09,021 [INFO] SIGNAL: EUR_USD BUY 74.4% | News: BULLISH | COT: NEUTRAL | Regime: RANGING
2026-05-07 08:42:11,024 [INFO] setting up API-client for environment practice
2026-05-07 08:42:11,026 [INFO] performing request https://api-fxpractice.oanda.com/v3/instruments/GBP_USD/candles
2026-05-07 08:42:13,425 [INFO] GBP_USD: 51.9% below 65.0% threshold. Skip.
2026-05-07 08:42:15,428 [INFO] setting up API-client for environment practice
2026-05-07 08:42:15,429 [INFO] performing request https://api-fxpractice.oanda.com/v3/instruments/USD_JPY/candles
2026-05-07 08:42:16,201 [INFO] USD_JPY: 61.2% below 65.0% threshold. Skip.
2026-05-07 08:42:18,203 [INFO] setting up API-client for environment practice
2026-05-07 08:42:18,204 [INFO] performing request https://api-fxpractice.oanda.com/v3/instruments/AUD_USD/candles
2026-05-07 08:42:19,063 [INFO] AUD_USD: 51.9% below 65.0% threshold. Skip.
2026-05-07 08:42:21,065 [INFO] setting up API-client for environment practice
2026-05-07 08:42:21,066 [INFO] performing request https://api-fxpractice.oanda.com/v3/instruments/USD_CAD/candles
2026-05-07 08:42:22,815 [INFO] SIGNAL: USD_CAD BUY 107.0% | News: BEARISH | COT: NEUTRAL | Regime: RANGING
2026-05-07 08:42:24,818 [INFO] Cycle #85 done. Trades in memory: 272 | WR: 88.6% | RL episodes: 272
2026-05-07 08:43:09,133 [INFO] Learned: EUR_USD WIN | WR: 88.6% | RL: 273
2026-05-07 08:43:22,857 [INFO] Learned: USD_CAD WIN | WR: 88.7% | RL: 274
2026-05-07 08:57:24,819 [INFO] setting up API-client for environment practice
2026-05-07 08:57:24,822 [INFO] performing request https://api-fxpractice.oanda.com/v3/instruments/EUR_USD/candles
2026-05-07 08:57:26,777 [INFO] SIGNAL: EUR_USD BUY 71.6% | News: BULLISH | COT: NEUTRAL | Regime: RANGING
2026-05-07 08:57:28,780 [INFO] setting up API-client for environment practice
2026-05-07 08:57:28,781 [INFO] performing request https://api-fxpractice.oanda.com/v3/instruments/GBP_USD/candles
2026-05-07 08:57:29,545 [INFO] GBP_USD: 51.8% below 65.0% threshold. Skip.
2026-05-07 08:57:31,547 [INFO] setting up API-client for environment practice
2026-05-07 08:57:31,549 [INFO] performing request https://api-fxpractice.oanda.com/v3/instruments/USD_JPY/candles
2026-05-07 08:57:32,264 [INFO] USD_JPY: 61.1% below 65.0% threshold. Skip.
2026-05-07 08:57:34,265 [INFO] setting up API-client for environment practice
2026-05-07 08:57:34,266 [INFO] performing request https://api-fxpractice.oanda.com/v3/instruments/AUD_USD/candles
2026-05-07 08:57:35,003 [INFO] AUD_USD: 60.9% below 65.0% threshold. Skip.
2026-05-07 08:57:37,005 [INFO] setting up API-client for environment practice
2026-05-07 08:57:37,007 [INFO] performing request https://api-fxpractice.oanda.com/v3/instruments/USD_CAD/candles
2026-05-07 08:57:38,729 [INFO] SIGNAL: USD_CAD BUY 115.0% | News: BEARISH | COT: NEUTRAL | Regime: RANGING
2026-05-07 08:57:40,730 [INFO] Cycle #86 done. Trades in memory: 274 | WR: 88.7% | RL episodes: 274
2026-05-07 08:58:28,530 [INFO] Learned: EUR_USD LOSS | WR: 88.4% | RL: 275
2026-05-07 08:58:38,839 [INFO] Learned: USD_CAD WIN | WR: 88.4% | RL: 276
2026-05-07 09:12:40,731 [INFO] setting up API-client for environment practice
2026-05-07 09:12:40,733 [INFO] performing request https://api-fxpractice.oanda.com/v3/instruments/EUR_USD/candles
2026-05-07 09:12:42,131 [INFO] ForexFactory: 115 events loaded
2026-05-07 09:12:42,951 [INFO] News: 20 articles fetched
2026-05-07 09:12:44,306 [INFO] Correlations: ['DXY', 'GOLD', 'OIL', 'SP500', 'VIX'] loaded
2026-05-07 09:12:47,038 [INFO] SIGNAL: EUR_USD BUY 82.7% | News: NEUTRAL | COT: NEUTRAL | Regime: RANGING
2026-05-07 09:12:49,042 [INFO] setting up API-client for environment practice
2026-05-07 09:12:49,043 [INFO] performing request https://api-fxpractice.oanda.com/v3/instruments/GBP_USD/candles
2026-05-07 09:12:49,816 [INFO] GBP_USD: 59.5% below 65.0% threshold. Skip.
2026-05-07 09:12:51,818 [INFO] setting up API-client for environment practice
2026-05-07 09:12:51,819 [INFO] performing request https://api-fxpractice.oanda.com/v3/instruments/USD_JPY/candles
2026-05-07 09:12:52,667 [INFO] USD_JPY: 60.6% below 65.0% threshold. Skip.
2026-05-07 09:12:54,669 [INFO] setting up API-client for environment practice
2026-05-07 09:12:54,670 [INFO] performing request https://api-fxpractice.oanda.com/v3/instruments/AUD_USD/candles
2026-05-07 09:12:55,395 [INFO] AUD_USD: 54.9% below 65.0% threshold. Skip.
2026-05-07 09:12:57,396 [INFO] setting up API-client for environment practice
2026-05-07 09:12:57,398 [INFO] performing request https://api-fxpractice.oanda.com/v3/instruments/USD_CAD/candles
2026-05-07 09:12:59,255 [INFO] SIGNAL: USD_CAD BUY 90.0% | News: NEUTRAL | COT: NEUTRAL | Regime: RANGING
2026-05-07 09:13:01,257 [INFO] Cycle #87 done. Trades in memory: 276 | WR: 88.4% | RL episodes: 276
2026-05-07 09:13:47,119 [INFO] Learned: EUR_USD WIN | WR: 88.4% | RL: 277
2026-05-07 09:13:59,317 [INFO] Learned: USD_CAD WIN | WR: 88.5% | RL: 278
2026-05-07 09:28:01,259 [INFO] setting up API-client for environment practice
2026-05-07 09:28:01,260 [INFO] performing request https://api-fxpractice.oanda.com/v3/instruments/EUR_USD/candles
2026-05-07 09:28:01,941 [INFO] EUR_USD: 52.2% below 65.0% threshold. Skip.
2026-05-07 09:28:03,943 [INFO] setting up API-client for environment practice
2026-05-07 09:28:03,943 [INFO] performing request https://api-fxpractice.oanda.com/v3/instruments/GBP_USD/candles
2026-05-07 09:28:04,687 [INFO] GBP_USD: 60.2% below 65.0% threshold. Skip.
2026-05-07 09:28:06,688 [INFO] setting up API-client for environment practice
2026-05-07 09:28:06,689 [INFO] performing request https://api-fxpractice.oanda.com/v3/instruments/USD_JPY/candles
2026-05-07 09:28:08,603 [INFO] SIGNAL: USD_JPY BUY 90.0% | News: NEUTRAL | COT: NEUTRAL | Regime: RANGING
2026-05-07 09:28:10,607 [INFO] setting up API-client for environment practice
2026-05-07 09:28:10,608 [INFO] performing request https://api-fxpractice.oanda.com/v3/instruments/AUD_USD/candles
2026-05-07 09:28:11,324 [INFO] AUD_USD: 47.1% below 65.0% threshold. Skip.
2026-05-07 09:28:13,325 [INFO] setting up API-client for environment practice
2026-05-07 09:28:13,325 [INFO] performing request https://api-fxpractice.oanda.com/v3/instruments/USD_CAD/candles
2026-05-07 09:28:14,949 [INFO] SIGNAL: USD_CAD BUY 83.7% | News: NEUTRAL | COT: NEUTRAL | Regime: RANGING
2026-05-07 09:28:16,952 [INFO] Cycle #88 done. Trades in memory: 278 | WR: 88.5% | RL episodes: 278
2026-05-07 09:29:08,715 [INFO] Learned: USD_JPY WIN | WR: 88.5% | RL: 279
2026-05-07 09:29:15,083 [INFO] Learned: USD_CAD WIN | WR: 88.6% | RL: 280
2026-05-07 09:43:16,954 [INFO] setting up API-client for environment practice
2026-05-07 09:43:16,955 [INFO] performing request https://api-fxpractice.oanda.com/v3/instruments/EUR_USD/candles
2026-05-07 09:43:18,747 [INFO] News: 20 articles fetched
2026-05-07 09:43:19,764 [INFO] Correlations: ['DXY', 'GOLD', 'OIL', 'SP500', 'VIX'] loaded
2026-05-07 09:43:22,524 [INFO] SIGNAL: EUR_USD BUY 78.1% | News: NEUTRAL | COT: NEUTRAL | Regime: RANGING
2026-05-07 09:43:24,535 [INFO] setting up API-client for environment practice
2026-05-07 09:43:24,535 [INFO] performing request https://api-fxpractice.oanda.com/v3/instruments/GBP_USD/candles
2026-05-07 09:43:25,814 [INFO] GBP_USD: 57.6% below 65.0% threshold. Skip.
2026-05-07 09:43:27,821 [INFO] setting up API-client for environment practice
2026-05-07 09:43:27,823 [INFO] performing request https://api-fxpractice.oanda.com/v3/instruments/USD_JPY/candles
2026-05-07 09:43:30,209 [INFO] SIGNAL: USD_JPY SELL 83.2% | News: NEUTRAL | COT: NEUTRAL | Regime: RANGING
2026-05-07 09:43:32,213 [INFO] setting up API-client for environment practice
2026-05-07 09:43:32,213 [INFO] performing request https://api-fxpractice.oanda.com/v3/instruments/AUD_USD/candles
2026-05-07 09:43:32,943 [INFO] AUD_USD: 55.3% below 65.0% threshold. Skip.
2026-05-07 09:43:34,946 [INFO] setting up API-client for environment practice
2026-05-07 09:43:34,946 [INFO] performing request https://api-fxpractice.oanda.com/v3/instruments/USD_CAD/candles
2026-05-07 09:43:36,662 [INFO] SIGNAL: USD_CAD BUY 83.7% | News: NEUTRAL | COT: NEUTRAL | Regime: RANGING
2026-05-07 09:43:38,672 [INFO] Cycle #89 done. Trades in memory: 280 | WR: 88.6% | RL episodes: 280
2026-05-07 09:44:22,934 [INFO] Learned: EUR_USD LOSS | WR: 88.3% | RL: 281
2026-05-07 09:44:30,245 [INFO] Learned: USD_JPY WIN | WR: 88.3% | RL: 282
2026-05-07 09:44:36,714 [INFO] Learned: USD_CAD WIN | WR: 88.3% | RL: 283
2026-05-07 09:58:38,674 [INFO] setting up API-client for environment practice
2026-05-07 09:58:38,676 [INFO] performing request https://api-fxpractice.oanda.com/v3/instruments/EUR_USD/candles
2026-05-07 09:58:40,362 [INFO] SIGNAL: EUR_USD BUY 78.0% | News: NEUTRAL | COT: NEUTRAL | Regime: RANGING
2026-05-07 09:58:42,376 [INFO] setting up API-client for environment practice
2026-05-07 09:58:42,376 [INFO] performing request https://api-fxpractice.oanda.com/v3/instruments/GBP_USD/candles
2026-05-07 09:58:43,692 [INFO] GBP_USD: 60.1% below 65.0% threshold. Skip.
2026-05-07 09:58:45,700 [INFO] setting up API-client for environment practice
2026-05-07 09:58:45,700 [INFO] performing request https://api-fxpractice.oanda.com/v3/instruments/USD_JPY/candles
2026-05-07 09:58:48,033 [INFO] SIGNAL: USD_JPY SELL 83.2% | News: NEUTRAL | COT: NEUTRAL | Regime: RANGING
2026-05-07 09:58:50,038 [INFO] setting up API-client for environment practice
2026-05-07 09:58:50,038 [INFO] performing request https://api-fxpractice.oanda.com/v3/instruments/AUD_USD/candles
2026-05-07 09:58:52,577 [INFO] SIGNAL: AUD_USD BUY 91.0% | News: NEUTRAL | COT: NEUTRAL | Regime: RANGING
2026-05-07 09:58:54,585 [INFO] setting up API-client for environment practice
2026-05-07 09:58:54,585 [INFO] performing request https://api-fxpractice.oanda.com/v3/instruments/USD_CAD/candles
2026-05-07 09:58:55,293 [INFO] USD_CAD: 55.8% below 65.0% threshold. Skip.
2026-05-07 09:58:57,302 [INFO] Cycle #90 done. Trades in memory: 283 | WR: 88.3% | RL episodes: 283
2026-05-07 09:59:40,499 [INFO] Learned: EUR_USD WIN | WR: 88.4% | RL: 284
2026-05-07 09:59:48,085 [INFO] Learned: USD_JPY WIN | WR: 88.4% | RL: 285
2026-05-07 09:59:52,694 [INFO] Learned: AUD_USD WIN | WR: 88.5% | RL: 286
2026-05-07 10:13:57,304 [INFO] setting up API-client for environment practice
2026-05-07 10:13:57,307 [INFO] performing request https://api-fxpractice.oanda.com/v3/instruments/EUR_USD/candles
2026-05-07 10:13:59,004 [INFO] ForexFactory: 115 events loaded
2026-05-07 10:13:59,857 [INFO] News: 18 articles fetched
2026-05-07 10:14:00,706 [INFO] Correlations: ['DXY', 'GOLD', 'OIL', 'SP500', 'VIX'] loaded
2026-05-07 10:14:03,131 [INFO] SIGNAL: EUR_USD BUY 78.1% | News: NEUTRAL | COT: NEUTRAL | Regime: RANGING
2026-05-07 10:14:05,142 [INFO] setting up API-client for environment practice
2026-05-07 10:14:05,142 [INFO] performing request https://api-fxpractice.oanda.com/v3/instruments/GBP_USD/candles
2026-05-07 10:14:06,400 [INFO] GBP_USD: 44.5% below 65.0% threshold. Skip.
2026-05-07 10:14:08,413 [INFO] setting up API-client for environment practice
2026-05-07 10:14:08,413 [INFO] performing request https://api-fxpractice.oanda.com/v3/instruments/USD_JPY/candles
2026-05-07 10:14:10,127 [INFO] SIGNAL: USD_JPY SELL 83.2% | News: NEUTRAL | COT: NEUTRAL | Regime: RANGING
2026-05-07 10:14:12,136 [INFO] setting up API-client for environment practice
2026-05-07 10:14:12,136 [INFO] performing request https://api-fxpractice.oanda.com/v3/instruments/AUD_USD/candles
2026-05-07 10:14:13,806 [INFO] SIGNAL: AUD_USD BUY 93.8% | News: NEUTRAL | COT: NEUTRAL | Regime: RANGING
2026-05-07 10:14:15,815 [INFO] setting up API-client for environment practice
2026-05-07 10:14:15,815 [INFO] performing request https://api-fxpractice.oanda.com/v3/instruments/USD_CAD/candles
2026-05-07 10:14:16,706 [INFO] USD_CAD: 55.7% below 65.0% threshold. Skip.
2026-05-07 10:14:18,707 [INFO] Cycle #91 done. Trades in memory: 286 | WR: 88.5% | RL episodes: 286
2026-05-07 10:15:03,273 [INFO] Learned: EUR_USD LOSS | WR: 88.2% | RL: 287
2026-05-07 10:15:10,272 [INFO] Learned: USD_JPY WIN | WR: 88.2% | RL: 288
2026-05-07 10:15:13,875 [INFO] Learned: AUD_USD WIN | WR: 88.2% | RL: 289
2026-05-07 10:29:17,677 [INFO] setting up API-client for environment practice
2026-05-07 10:29:17,677 [INFO] performing request https://api-fxpractice.oanda.com/v3/instruments/EUR_USD/candles
2026-05-07 10:29:19,467 [INFO] SIGNAL: EUR_USD BUY 78.1% | News: NEUTRAL | COT: NEUTRAL | Regime: RANGING
2026-05-07 10:29:21,481 [INFO] setting up API-client for environment practice
2026-05-07 10:29:21,481 [INFO] performing request https://api-fxpractice.oanda.com/v3/instruments/GBP_USD/candles
2026-05-07 10:29:22,178 [INFO] GBP_USD: 60.2% below 65.0% threshold. Skip.
2026-05-07 10:29:24,185 [INFO] setting up API-client for environment practice
2026-05-07 10:29:24,185 [INFO] performing request https://api-fxpractice.oanda.com/v3/instruments/USD_JPY/candles
2026-05-07 10:29:25,915 [INFO] SIGNAL: USD_JPY SELL 83.2% | News: NEUTRAL | COT: NEUTRAL | Regime: RANGING
2026-05-07 10:29:27,925 [INFO] setting up API-client for environment practice
2026-05-07 10:29:27,925 [INFO] performing request https://api-fxpractice.oanda.com/v3/instruments/AUD_USD/candles
2026-05-07 10:29:29,670 [INFO] SIGNAL: AUD_USD BUY 82.2% | News: NEUTRAL | COT: NEUTRAL | Regime: RANGING
2026-05-07 10:29:31,685 [INFO] setting up API-client for environment practice
2026-05-07 10:29:31,685 [INFO] performing request https://api-fxpractice.oanda.com/v3/instruments/USD_CAD/candles
2026-05-07 10:29:32,359 [INFO] USD_CAD: 55.7% below 65.0% threshold. Skip.
2026-05-07 10:29:34,370 [INFO] Cycle #92 done. Trades in memory: 289 | WR: 88.2% | RL episodes: 289
2026-05-07 10:30:19,541 [INFO] Learned: EUR_USD WIN | WR: 88.3% | RL: 290
2026-05-07 10:30:26,055 [INFO] Learned: USD_JPY WIN | WR: 88.3% | RL: 291
2026-05-07 10:30:29,807 [INFO] Learned: AUD_USD WIN | WR: 88.4% | RL: 292
2026-05-07 10:44:34,371 [INFO] setting up API-client for environment practice
2026-05-07 10:44:34,371 [INFO] performing request https://api-fxpractice.oanda.com/v3/instruments/EUR_USD/candles
2026-05-07 10:44:36,314 [INFO] News: 20 articles fetched
2026-05-07 10:44:37,287 [INFO] Correlations: ['DXY', 'GOLD', 'OIL', 'SP500', 'VIX'] loaded
2026-05-07 10:44:40,217 [INFO] SIGNAL: EUR_USD BUY 83.2% | News: NEUTRAL | COT: NEUTRAL | Regime: RANGING
2026-05-07 10:44:42,224 [INFO] setting up API-client for environment practice
2026-05-07 10:44:42,224 [INFO] performing request https://api-fxpractice.oanda.com/v3/instruments/GBP_USD/candles
2026-05-07 10:44:44,112 [INFO] SIGNAL: GBP_USD BUY 66.0% | News: NEUTRAL | COT: NEUTRAL | Regime: RANGING
2026-05-07 10:44:46,117 [INFO] setting up API-client for environment practice
2026-05-07 10:44:46,117 [INFO] performing request https://api-fxpractice.oanda.com/v3/instruments/USD_JPY/candles
2026-05-07 10:44:47,722 [INFO] SIGNAL: USD_JPY SELL 83.2% | News: NEUTRAL | COT: NEUTRAL | Regime: RANGING
2026-05-07 10:44:49,731 [INFO] setting up API-client for environment practice
2026-05-07 10:44:49,731 [INFO] performing request https://api-fxpractice.oanda.com/v3/instruments/AUD_USD/candles
2026-05-07 10:44:52,402 [INFO] SIGNAL: AUD_USD BUY 91.0% | News: NEUTRAL | COT: NEUTRAL | Regime: RANGING
2026-05-07 10:44:54,411 [INFO] setting up API-client for environment practice
2026-05-07 10:44:54,411 [INFO] performing request https://api-fxpractice.oanda.com/v3/instruments/USD_CAD/candles
2026-05-07 10:44:56,664 [INFO] SIGNAL: USD_CAD BUY 90.0% | News: BULLISH | COT: NEUTRAL | Regime: RANGING
2026-05-07 10:44:58,669 [INFO] Cycle #93 done. Trades in memory: 292 | WR: 88.4% | RL episodes: 292
2026-05-07 10:45:40,396 [INFO] Learned: EUR_USD WIN | WR: 88.4% | RL: 293
2026-05-07 10:45:44,257 [INFO] Learned: GBP_USD WIN | WR: 88.4% | RL: 294
2026-05-07 10:45:47,808 [INFO] Learned: USD_JPY WIN | WR: 88.5% | RL: 295
2026-05-07 10:45:52,565 [INFO] Learned: AUD_USD WIN | WR: 88.5% | RL: 296
2026-05-07 10:45:56,809 [INFO] Learned: USD_CAD WIN | WR: 88.6% | RL: 297
2026-05-07 10:59:58,671 [INFO] setting up API-client for environment practice
2026-05-07 10:59:58,672 [INFO] performing request https://api-fxpractice.oanda.com/v3/instruments/EUR_USD/candles
2026-05-07 11:00:01,263 [INFO] SIGNAL: EUR_USD BUY 83.2% | News: NEUTRAL | COT: NEUTRAL | Regime: RANGING
2026-05-07 11:00:03,273 [INFO] setting up API-client for environment practice
2026-05-07 11:00:03,273 [INFO] performing request https://api-fxpractice.oanda.com/v3/instruments/GBP_USD/candles
2026-05-07 11:00:04,042 [INFO] GBP_USD: 57.5% below 65.0% threshold. Skip.
2026-05-07 11:00:06,054 [INFO] setting up API-client for environment practice
2026-05-07 11:00:06,054 [INFO] performing request https://api-fxpractice.oanda.com/v3/instruments/USD_JPY/candles
2026-05-07 11:00:07,897 [INFO] SIGNAL: USD_JPY BUY 90.0% | News: NEUTRAL | COT: NEUTRAL | Regime: RANGING
2026-05-07 11:00:09,904 [INFO] setting up API-client for environment practice
2026-05-07 11:00:09,904 [INFO] performing request https://api-fxpractice.oanda.com/v3/instruments/AUD_USD/candles
2026-05-07 11:00:11,505 [INFO] SIGNAL: AUD_USD BUY 91.0% | News: NEUTRAL | COT: NEUTRAL | Regime: RANGING
2026-05-07 11:00:13,517 [INFO] setting up API-client for environment practice
2026-05-07 11:00:13,517 [INFO] performing request https://api-fxpractice.oanda.com/v3/instruments/USD_CAD/candles
2026-05-07 11:00:15,182 [INFO] SIGNAL: USD_CAD BUY 115.0% | News: BULLISH | COT: NEUTRAL | Regime: RANGING
2026-05-07 11:00:17,193 [INFO] Cycle #94 done. Trades in memory: 297 | WR: 88.6% | RL episodes: 297
2026-05-07 11:01:01,323 [INFO] Learned: EUR_USD WIN | WR: 88.6% | RL: 298
2026-05-07 11:01:07,956 [INFO] Learned: USD_JPY WIN | WR: 88.6% | RL: 299
2026-05-07 11:01:11,674 [INFO] Learned: AUD_USD WIN | WR: 88.7% | RL: 300
2026-05-07 11:01:15,257 [INFO] Learned: USD_CAD WIN | WR: 88.7% | RL: 301
2026-05-07 11:15:17,194 [INFO] setting up API-client for environment practice
2026-05-07 11:15:17,194 [INFO] performing request https://api-fxpractice.oanda.com/v3/instruments/EUR_USD/candles
2026-05-07 11:15:18,881 [INFO] ForexFactory: 115 events loaded
2026-05-07 11:15:19,747 [INFO] News: 19 articles fetched
2026-05-07 11:15:25,709 [INFO] Correlations: ['DXY', 'GOLD', 'OIL', 'SP500', 'VIX'] loaded
2026-05-07 11:15:28,947 [INFO] SIGNAL: EUR_USD BUY 65.1% | News: BEARISH | COT: NEUTRAL | Regime: RANGING
2026-05-07 11:15:30,954 [INFO] setting up API-client for environment practice
2026-05-07 11:15:30,956 [INFO] performing request https://api-fxpractice.oanda.com/v3/instruments/GBP_USD/candles
2026-05-07 11:15:32,258 [INFO] GBP_USD: 47.1% below 65.0% threshold. Skip.
2026-05-07 11:15:34,273 [INFO] setting up API-client for environment practice
2026-05-07 11:15:34,273 [INFO] performing request https://api-fxpractice.oanda.com/v3/instruments/USD_JPY/candles
2026-05-07 11:15:35,997 [INFO] SIGNAL: USD_JPY SELL 65.1% | News: BULLISH | COT: NEUTRAL | Regime: RANGING
2026-05-07 11:15:38,001 [INFO] setting up API-client for environment practice
2026-05-07 11:15:38,001 [INFO] performing request https://api-fxpractice.oanda.com/v3/instruments/AUD_USD/candles
2026-05-07 11:15:39,433 [INFO] AUD_USD: 64.4% below 65.0% threshold. Skip.
2026-05-07 11:15:41,440 [INFO] setting up API-client for environment practice
2026-05-07 11:15:41,440 [INFO] performing request https://api-fxpractice.oanda.com/v3/instruments/USD_CAD/candles
2026-05-07 11:15:43,334 [INFO] SIGNAL: USD_CAD BUY 85.0% | News: NEUTRAL | COT: NEUTRAL | Regime: RANGING
2026-05-07 11:15:45,337 [INFO] Cycle #95 done. Trades in memory: 301 | WR: 88.7% | RL episodes: 301
2026-05-07 11:16:29,005 [INFO] Learned: EUR_USD WIN | WR: 88.7% | RL: 302
2026-05-07 11:16:36,121 [INFO] Learned: USD_JPY LOSS | WR: 88.4% | RL: 303
2026-05-07 11:16:43,504 [INFO] Learned: USD_CAD WIN | WR: 88.5% | RL: 304
2026-05-07 11:30:45,339 [INFO] setting up API-client for environment practice
2026-05-07 11:30:45,341 [INFO] performing request https://api-fxpractice.oanda.com/v3/instruments/EUR_USD/candles
2026-05-07 11:30:48,109 [INFO] SIGNAL: EUR_USD BUY 67.0% | News: BEARISH | COT: NEUTRAL | Regime: RANGING
2026-05-07 11:30:50,117 [INFO] setting up API-client for environment practice
2026-05-07 11:30:50,117 [INFO] performing request https://api-fxpractice.oanda.com/v3/instruments/GBP_USD/candles
2026-05-07 11:30:50,894 [INFO] GBP_USD: 64.4% below 65.0% threshold. Skip.
2026-05-07 11:30:52,899 [INFO] setting up API-client for environment practice
2026-05-07 11:30:52,899 [INFO] performing request https://api-fxpractice.oanda.com/v3/instruments/USD_JPY/candles
2026-05-07 11:30:54,728 [INFO] SIGNAL: USD_JPY BUY 90.0% | News: BULLISH | COT: NEUTRAL | Regime: RANGING
2026-05-07 11:30:56,739 [INFO] setting up API-client for environment practice
2026-05-07 11:30:56,739 [INFO] performing request https://api-fxpractice.oanda.com/v3/instruments/AUD_USD/candles
2026-05-07 11:30:58,676 [INFO] SIGNAL: AUD_USD BUY 67.3% | News: BEARISH | COT: NEUTRAL | Regime: RANGING
2026-05-07 11:31:00,681 [INFO] setting up API-client for environment practice
2026-05-07 11:31:00,681 [INFO] performing request https://api-fxpractice.oanda.com/v3/instruments/USD_CAD/candles
2026-05-07 11:31:03,017 [INFO] SIGNAL: USD_CAD BUY 90.0% | News: NEUTRAL | COT: NEUTRAL | Regime: RANGING
2026-05-07 11:31:05,030 [INFO] Cycle #96 done. Trades in memory: 304 | WR: 88.5% | RL episodes: 304
2026-05-07 11:31:48,193 [INFO] Learned: EUR_USD LOSS | WR: 88.2% | RL: 305
2026-05-07 11:31:54,840 [INFO] Learned: USD_JPY WIN | WR: 88.2% | RL: 306
2026-05-07 11:31:58,821 [INFO] Learned: AUD_USD WIN | WR: 88.3% | RL: 307
2026-05-07 11:32:03,169 [INFO] Learned: USD_CAD WIN | WR: 88.3% | RL: 308
2026-05-07 11:46:05,032 [INFO] setting up API-client for environment practice
2026-05-07 11:46:05,032 [INFO] performing request https://api-fxpractice.oanda.com/v3/instruments/EUR_USD/candles
2026-05-07 11:46:06,963 [INFO] News: 20 articles fetched
2026-05-07 11:46:08,078 [INFO] Correlations: ['DXY', 'GOLD', 'OIL', 'SP500', 'VIX'] loaded
2026-05-07 11:46:10,829 [INFO] SIGNAL: EUR_USD SELL 90.0% | News: NEUTRAL | COT: NEUTRAL | Regime: RANGING
2026-05-07 11:46:12,833 [INFO] setting up API-client for environment practice
2026-05-07 11:46:12,833 [INFO] performing request https://api-fxpractice.oanda.com/v3/instruments/GBP_USD/candles
2026-05-07 11:46:13,738 [INFO] GBP_USD: 58.6% below 65.0% threshold. Skip.
2026-05-07 11:46:15,751 [INFO] setting up API-client for environment practice
2026-05-07 11:46:15,751 [INFO] performing request https://api-fxpractice.oanda.com/v3/instruments/USD_JPY/candles
2026-05-07 11:46:17,511 [INFO] SIGNAL: USD_JPY BUY 90.0% | News: NEUTRAL | COT: NEUTRAL | Regime: RANGING
2026-05-07 11:46:19,514 [INFO] setting up API-client for environment practice
2026-05-07 11:46:19,514 [INFO] performing request https://api-fxpractice.oanda.com/v3/instruments/AUD_USD/candles
2026-05-07 11:46:21,390 [INFO] SIGNAL: AUD_USD BUY 86.0% | News: NEUTRAL | COT: NEUTRAL | Regime: RANGING
2026-05-07 11:46:23,393 [INFO] setting up API-client for environment practice
2026-05-07 11:46:23,393 [INFO] performing request https://api-fxpractice.oanda.com/v3/instruments/USD_CAD/candles
2026-05-07 11:46:25,208 [INFO] SIGNAL: USD_CAD BUY 90.0% | News: NEUTRAL | COT: NEUTRAL | Regime: RANGING
2026-05-07 11:46:27,214 [INFO] Cycle #97 done. Trades in memory: 308 | WR: 88.3% | RL episodes: 308
2026-05-07 11:47:10,977 [INFO] Learned: EUR_USD WIN | WR: 88.3% | RL: 309
2026-05-07 11:47:17,652 [INFO] Learned: USD_JPY WIN | WR: 88.4% | RL: 310
2026-05-07 11:47:21,500 [INFO] Learned: AUD_USD WIN | WR: 88.4% | RL: 311
2026-05-07 11:47:25,348 [INFO] Learned: USD_CAD WIN | WR: 88.5% | RL: 312
2026-05-07 12:01:27,216 [INFO] setting up API-client for environment practice
2026-05-07 12:01:27,216 [INFO] performing request https://api-fxpractice.oanda.com/v3/instruments/EUR_USD/candles
2026-05-07 12:01:28,901 [INFO] SIGNAL: EUR_USD SELL 73.4% | News: NEUTRAL | COT: NEUTRAL | Regime: RANGING
2026-05-07 12:01:30,904 [INFO] setting up API-client for environment practice
2026-05-07 12:01:30,904 [INFO] performing request https://api-fxpractice.oanda.com/v3/instruments/GBP_USD/candles
2026-05-07 12:01:31,792 [INFO] GBP_USD: 57.6% below 65.0% threshold. Skip.
2026-05-07 12:01:33,794 [INFO] setting up API-client for environment practice
2026-05-07 12:01:33,794 [INFO] performing request https://api-fxpractice.oanda.com/v3/instruments/USD_JPY/candles
2026-05-07 12:01:35,587 [INFO] SIGNAL: USD_JPY BUY 90.0% | News: NEUTRAL | COT: NEUTRAL | Regime: RANGING
2026-05-07 12:01:37,589 [INFO] setting up API-client for environment practice
2026-05-07 12:01:37,589 [INFO] performing request https://api-fxpractice.oanda.com/v3/instruments/AUD_USD/candles
2026-05-07 12:01:39,300 [INFO] SIGNAL: AUD_USD BUY 86.4% | News: NEUTRAL | COT: NEUTRAL | Regime: RANGING
2026-05-07 12:01:41,301 [INFO] setting up API-client for environment practice
2026-05-07 12:01:41,301 [INFO] performing request https://api-fxpractice.oanda.com/v3/instruments/USD_CAD/candles
2026-05-07 12:01:43,105 [INFO] SIGNAL: USD_CAD BUY 78.3% | News: NEUTRAL | COT: NEUTRAL | Regime: RANGING
2026-05-07 12:01:45,106 [INFO] Cycle #98 done. Trades in memory: 312 | WR: 88.5% | RL episodes: 312
2026-05-07 12:02:28,972 [INFO] Learned: EUR_USD LOSS | WR: 88.2% | RL: 313
2026-05-07 12:02:35,744 [INFO] Learned: USD_JPY WIN | WR: 88.2% | RL: 314
2026-05-07 12:02:39,355 [INFO] Learned: AUD_USD WIN | WR: 88.3% | RL: 315
2026-05-07 12:02:43,156 [INFO] Learned: USD_CAD WIN | WR: 88.3% | RL: 316
2026-05-07 12:16:45,107 [INFO] setting up API-client for environment practice
2026-05-07 12:16:45,110 [INFO] performing request https://api-fxpractice.oanda.com/v3/instruments/EUR_USD/candles
2026-05-07 12:16:46,443 [INFO] ForexFactory: 115 events loaded
2026-05-07 12:16:49,434 [INFO] News: 19 articles fetched
2026-05-07 12:16:50,548 [INFO] Correlations: ['DXY', 'GOLD', 'OIL', 'SP500', 'VIX'] loaded
2026-05-07 12:16:56,663 [INFO] SIGNAL: EUR_USD BUY 74.1% | News: NEUTRAL | COT: NEUTRAL | Regime: RANGING
2026-05-07 12:16:58,667 [INFO] setting up API-client for environment practice
2026-05-07 12:16:58,667 [INFO] performing request https://api-fxpractice.oanda.com/v3/instruments/GBP_USD/candles
2026-05-07 12:17:01,116 [INFO] SIGNAL: GBP_USD BUY 82.2% | News: NEUTRAL | COT: NEUTRAL | Regime: RANGING
2026-05-07 12:17:03,122 [INFO] setting up API-client for environment practice
2026-05-07 12:17:03,122 [INFO] performing request https://api-fxpractice.oanda.com/v3/instruments/USD_JPY/candles
2026-05-07 12:17:04,866 [INFO] SIGNAL: USD_JPY SELL 91.0% | News: NEUTRAL | COT: NEUTRAL | Regime: RANGING
2026-05-07 12:17:06,878 [INFO] setting up API-client for environment practice
2026-05-07 12:17:06,878 [INFO] performing request https://api-fxpractice.oanda.com/v3/instruments/AUD_USD/candles
2026-05-07 12:17:08,703 [INFO] SIGNAL: AUD_USD BUY 83.7% | News: NEUTRAL | COT: NEUTRAL | Regime: RANGING
2026-05-07 12:17:10,712 [INFO] setting up API-client for environment practice
2026-05-07 12:17:10,712 [INFO] performing request https://api-fxpractice.oanda.com/v3/instruments/USD_CAD/candles
2026-05-07 12:17:12,757 [INFO] SIGNAL: USD_CAD BUY 100.1% | News: BEARISH | COT: NEUTRAL | Regime: RANGING
2026-05-07 12:17:14,760 [INFO] Cycle #99 done. Trades in memory: 316 | WR: 88.3% | RL episodes: 316
2026-05-07 12:17:56,803 [INFO] Learned: EUR_USD WIN | WR: 88.3% | RL: 317
2026-05-07 12:18:01,271 [INFO] Learned: GBP_USD WIN | WR: 88.4% | RL: 318
2026-05-07 12:18:04,989 [INFO] Learned: USD_JPY WIN | WR: 88.4% | RL: 319
2026-05-07 12:18:08,825 [INFO] Learned: AUD_USD WIN | WR: 88.4% | RL: 320
2026-05-07 12:18:12,891 [INFO] Learned: USD_CAD WIN | WR: 88.5% | RL: 321
2026-05-07 12:32:14,762 [INFO] setting up API-client for environment practice
2026-05-07 12:32:14,762 [INFO] performing request https://api-fxpractice.oanda.com/v3/instruments/EUR_USD/candles
2026-05-07 12:32:17,421 [INFO] EUR_USD: 50.4% below 65.0% threshold. Skip.
2026-05-07 12:32:19,436 [INFO] setting up API-client for environment practice
2026-05-07 12:32:19,436 [INFO] performing request https://api-fxpractice.oanda.com/v3/instruments/GBP_USD/candles
2026-05-07 12:32:22,260 [INFO] SIGNAL: GBP_USD BUY 97.8% | News: NEUTRAL | COT: NEUTRAL | Regime: RANGING
2026-05-07 12:32:24,270 [INFO] setting up API-client for environment practice
2026-05-07 12:32:24,270 [INFO] performing request https://api-fxpractice.oanda.com/v3/instruments/USD_JPY/candles
2026-05-07 12:32:26,742 [INFO] SIGNAL: USD_JPY SELL 97.8% | News: NEUTRAL | COT: NEUTRAL | Regime: RANGING
2026-05-07 12:32:28,748 [INFO] setting up API-client for environment practice
2026-05-07 12:32:28,748 [INFO] performing request https://api-fxpractice.oanda.com/v3/instruments/AUD_USD/candles
2026-05-07 12:32:31,252 [INFO] SIGNAL: AUD_USD BUY 89.1% | News: NEUTRAL | COT: NEUTRAL | Regime: RANGING
2026-05-07 12:32:33,261 [INFO] setting up API-client for environment practice
2026-05-07 12:32:33,261 [INFO] performing request https://api-fxpractice.oanda.com/v3/instruments/USD_CAD/candles
2026-05-07 12:32:35,061 [INFO] USD_CAD: 58.4% below 65.0% threshold. Skip.
2026-05-07 12:32:37,075 [INFO] Cycle #100 done. Trades in memory: 321 | WR: 88.5% | RL episodes: 321
2026-05-07 12:33:22,434 [INFO] Learned: GBP_USD WIN | WR: 88.5% | RL: 322
2026-05-07 12:33:26,890 [INFO] Learned: USD_JPY WIN | WR: 88.5% | RL: 323
2026-05-07 12:33:31,418 [INFO] Learned: AUD_USD WIN | WR: 88.6% | RL: 324
2026-05-07 17:08:56,263 [INFO] setting up API-client for environment practice
2026-05-07 17:08:57,492 [INFO] performing request https://api-fxpractice.oanda.com/v3/instruments/EUR_USD/candles
2026-05-07 17:09:02,316 [INFO] ForexFactory: 115 events loaded
2026-05-07 17:09:05,004 [INFO] News: 19 articles fetched
2026-05-07 17:09:07,513 [INFO] Correlations: ['DXY', 'GOLD', 'OIL', 'SP500', 'VIX'] loaded
2026-05-07 17:09:10,033 [INFO] SIGNAL: EUR_USD BUY 69.0% | News: NEUTRAL | COT: NEUTRAL | Regime: RANGING
2026-05-07 17:09:12,056 [INFO] setting up API-client for environment practice
2026-05-07 17:09:12,056 [INFO] performing request https://api-fxpractice.oanda.com/v3/instruments/GBP_USD/candles
2026-05-07 17:09:13,829 [INFO] SIGNAL: GBP_USD BUY 69.0% | News: NEUTRAL | COT: NEUTRAL | Regime: RANGING
2026-05-07 17:09:15,844 [INFO] setting up API-client for environment practice
2026-05-07 17:09:15,844 [INFO] performing request https://api-fxpractice.oanda.com/v3/instruments/USD_JPY/candles
2026-05-07 17:09:17,746 [INFO] SIGNAL: USD_JPY BUY 71.8% | News: NEUTRAL | COT: NEUTRAL | Regime: RANGING
2026-05-07 17:09:19,748 [INFO] setting up API-client for environment practice
2026-05-07 17:09:19,748 [INFO] performing request https://api-fxpractice.oanda.com/v3/instruments/AUD_USD/candles
2026-05-07 17:09:21,750 [INFO] SIGNAL: AUD_USD BUY 69.0% | News: NEUTRAL | COT: NEUTRAL | Regime: RANGING
2026-05-07 17:09:23,751 [INFO] setting up API-client for environment practice
2026-05-07 17:09:23,751 [INFO] performing request https://api-fxpractice.oanda.com/v3/instruments/USD_CAD/candles
2026-05-07 17:09:25,008 [INFO] USD_CAD: 51.3% below 65.0% threshold. Skip.
2026-05-07 17:09:27,010 [INFO] Cycle #101 done. Trades in memory: 324 | WR: 88.6% | RL episodes: 324
2026-05-07 17:10:10,298 [INFO] Learned: EUR_USD WIN | WR: 88.6% | RL: 325
2026-05-07 17:10:13,977 [INFO] Learned: GBP_USD WIN | WR: 88.7% | RL: 326
2026-05-07 17:10:17,815 [INFO] Learned: USD_JPY WIN | WR: 88.7% | RL: 327
2026-05-07 17:10:21,887 [INFO] Learned: AUD_USD WIN | WR: 88.7% | RL: 328
2026-05-07 17:24:27,076 [INFO] setting up API-client for environment practice
2026-05-07 17:24:27,324 [INFO] performing request https://api-fxpractice.oanda.com/v3/instruments/EUR_USD/candles
2026-05-07 17:24:30,524 [INFO] SIGNAL: EUR_USD BUY 69.0% | News: NEUTRAL | COT: NEUTRAL | Regime: RANGING
2026-05-07 17:24:32,545 [INFO] setting up API-client for environment practice
2026-05-07 17:24:32,545 [INFO] performing request https://api-fxpractice.oanda.com/v3/instruments/GBP_USD/candles
2026-05-07 17:24:34,875 [INFO] SIGNAL: GBP_USD BUY 69.0% | News: NEUTRAL | COT: NEUTRAL | Regime: RANGING
2026-05-07 17:24:36,885 [INFO] setting up API-client for environment practice
2026-05-07 17:24:36,902 [INFO] performing request https://api-fxpractice.oanda.com/v3/instruments/USD_JPY/candles
2026-05-07 17:24:38,910 [INFO] SIGNAL: USD_JPY BUY 115.0% | News: NEUTRAL | COT: NEUTRAL | Regime: RANGING
2026-05-07 17:24:40,912 [INFO] setting up API-client for environment practice
2026-05-07 17:24:40,922 [INFO] performing request https://api-fxpractice.oanda.com/v3/instruments/AUD_USD/candles
2026-05-07 17:24:42,811 [INFO] SIGNAL: AUD_USD BUY 69.0% | News: NEUTRAL | COT: NEUTRAL | Regime: RANGING
2026-05-07 17:24:44,883 [INFO] setting up API-client for environment practice
2026-05-07 17:24:44,883 [INFO] performing request https://api-fxpractice.oanda.com/v3/instruments/USD_CAD/candles
2026-05-07 17:24:45,550 [INFO] USD_CAD: 51.3% below 65.0% threshold. Skip.
2026-05-07 17:24:47,563 [INFO] Cycle #102 done. Trades in memory: 328 | WR: 88.7% | RL episodes: 328
2026-05-07 17:25:30,818 [INFO] Learned: EUR_USD WIN | WR: 88.8% | RL: 329
2026-05-07 17:25:34,953 [INFO] Learned: GBP_USD WIN | WR: 88.8% | RL: 330
2026-05-07 17:25:39,061 [INFO] Learned: USD_JPY WIN | WR: 88.8% | RL: 331
2026-05-07 17:25:43,032 [INFO] Learned: AUD_USD WIN | WR: 88.9% | RL: 332
2026-05-07 17:39:47,567 [INFO] setting up API-client for environment practice
2026-05-07 17:39:47,567 [INFO] performing request https://api-fxpractice.oanda.com/v3/instruments/EUR_USD/candles
2026-05-07 17:39:50,690 [INFO] News: 20 articles fetched
2026-05-07 17:39:57,343 [INFO] Correlations: ['DXY', 'GOLD', 'OIL', 'SP500', 'VIX'] loaded
2026-05-07 17:40:00,754 [INFO] SIGNAL: EUR_USD BUY 65.1% | News: NEUTRAL | COT: NEUTRAL | Regime: RANGING
2026-05-07 17:40:02,763 [INFO] setting up API-client for environment practice
2026-05-07 17:40:02,763 [INFO] performing request https://api-fxpractice.oanda.com/v3/instruments/GBP_USD/candles
2026-05-07 17:40:05,043 [INFO] SIGNAL: GBP_USD BUY 69.0% | News: NEUTRAL | COT: NEUTRAL | Regime: RANGING
2026-05-07 17:40:07,046 [INFO] setting up API-client for environment practice
2026-05-07 17:40:07,046 [INFO] performing request https://api-fxpractice.oanda.com/v3/instruments/USD_JPY/candles
2026-05-07 17:40:08,825 [INFO] SIGNAL: USD_JPY BUY 85.0% | News: NEUTRAL | COT: NEUTRAL | Regime: RANGING
2026-05-07 17:40:10,827 [INFO] setting up API-client for environment practice
2026-05-07 17:40:10,827 [INFO] performing request https://api-fxpractice.oanda.com/v3/instruments/AUD_USD/candles
2026-05-07 17:40:13,203 [INFO] SIGNAL: AUD_USD BUY 69.0% | News: NEUTRAL | COT: NEUTRAL | Regime: RANGING
2026-05-07 17:40:15,240 [INFO] setting up API-client for environment practice
2026-05-07 17:40:15,241 [INFO] performing request https://api-fxpractice.oanda.com/v3/instruments/USD_CAD/candles
2026-05-07 17:40:16,046 [INFO] USD_CAD: 51.3% below 65.0% threshold. Skip.
2026-05-07 17:40:18,046 [INFO] Cycle #103 done. Trades in memory: 332 | WR: 88.9% | RL episodes: 332
2026-05-07 17:41:00,949 [INFO] Learned: EUR_USD WIN | WR: 88.9% | RL: 333
2026-05-07 17:41:05,110 [INFO] Learned: GBP_USD WIN | WR: 88.9% | RL: 334
2026-05-07 17:41:09,014 [INFO] Learned: USD_JPY WIN | WR: 89.0% | RL: 335
2026-05-07 17:41:13,377 [INFO] Learned: AUD_USD WIN | WR: 89.0% | RL: 336
2026-05-07 17:55:18,294 [INFO] setting up API-client for environment practice
2026-05-07 17:55:18,668 [INFO] performing request https://api-fxpractice.oanda.com/v3/instruments/EUR_USD/candles
2026-05-07 17:55:22,184 [INFO] SIGNAL: EUR_USD BUY 65.1% | News: NEUTRAL | COT: NEUTRAL | Regime: RANGING
2026-05-07 17:55:24,192 [INFO] setting up API-client for environment practice
2026-05-07 17:55:24,192 [INFO] performing request https://api-fxpractice.oanda.com/v3/instruments/GBP_USD/candles
2026-05-07 17:55:26,170 [INFO] SIGNAL: GBP_USD BUY 69.0% | News: NEUTRAL | COT: NEUTRAL | Regime: RANGING
2026-05-07 17:55:28,178 [INFO] setting up API-client for environment practice
2026-05-07 17:55:28,178 [INFO] performing request https://api-fxpractice.oanda.com/v3/instruments/USD_JPY/candles
2026-05-07 17:55:29,037 [INFO] USD_JPY: 57.1% below 65.0% threshold. Skip.
2026-05-07 17:55:31,039 [INFO] setting up API-client for environment practice
2026-05-07 17:55:31,039 [INFO] performing request https://api-fxpractice.oanda.com/v3/instruments/AUD_USD/candles
2026-05-07 17:55:33,099 [INFO] SIGNAL: AUD_USD BUY 69.0% | News: NEUTRAL | COT: NEUTRAL | Regime: RANGING
2026-05-07 17:55:35,106 [INFO] setting up API-client for environment practice
2026-05-07 17:55:35,106 [INFO] performing request https://api-fxpractice.oanda.com/v3/instruments/USD_CAD/candles
2026-05-07 17:55:37,401 [INFO] SIGNAL: USD_CAD BUY 69.5% | News: NEUTRAL | COT: NEUTRAL | Regime: RANGING
2026-05-07 17:55:39,422 [INFO] Cycle #104 done. Trades in memory: 336 | WR: 89.0% | RL episodes: 336
2026-05-07 17:56:22,425 [INFO] Learned: EUR_USD LOSS | WR: 88.7% | RL: 337
2026-05-07 17:56:26,235 [INFO] Learned: GBP_USD WIN | WR: 88.8% | RL: 338
2026-05-07 17:56:33,172 [INFO] Learned: AUD_USD WIN | WR: 88.8% | RL: 339
2026-05-07 17:56:37,534 [INFO] Learned: USD_CAD WIN | WR: 88.8% | RL: 340
2026-05-07 18:10:39,430 [INFO] setting up API-client for environment practice
2026-05-07 18:10:39,541 [INFO] performing request https://api-fxpractice.oanda.com/v3/instruments/EUR_USD/candles
2026-05-07 18:10:41,059 [INFO] ForexFactory: 115 events loaded
2026-05-07 18:10:43,224 [INFO] News: 20 articles fetched
2026-05-07 18:10:46,172 [INFO] Correlations: ['DXY', 'GOLD', 'OIL', 'SP500', 'VIX'] loaded
2026-05-07 18:10:49,188 [INFO] SIGNAL: EUR_USD BUY 75.8% | News: BULLISH | COT: NEUTRAL | Regime: RANGING
2026-05-07 18:10:51,201 [INFO] setting up API-client for environment practice
2026-05-07 18:10:51,201 [INFO] performing request https://api-fxpractice.oanda.com/v3/instruments/GBP_USD/candles
2026-05-07 18:10:53,649 [INFO] SIGNAL: GBP_USD BUY 90.0% | News: BULLISH | COT: NEUTRAL | Regime: RANGING
2026-05-07 18:10:55,667 [INFO] setting up API-client for environment practice
2026-05-07 18:10:55,667 [INFO] performing request https://api-fxpractice.oanda.com/v3/instruments/USD_JPY/candles
2026-05-07 18:10:57,620 [INFO] SIGNAL: USD_JPY SELL 90.0% | News: BEARISH | COT: NEUTRAL | Regime: RANGING
2026-05-07 18:10:59,627 [INFO] setting up API-client for environment practice
2026-05-07 18:10:59,627 [INFO] performing request https://api-fxpractice.oanda.com/v3/instruments/AUD_USD/candles
2026-05-07 18:11:01,469 [INFO] SIGNAL: AUD_USD BUY 75.8% | News: BULLISH | COT: NEUTRAL | Regime: RANGING
2026-05-07 18:11:03,474 [INFO] setting up API-client for environment practice
2026-05-07 18:11:03,474 [INFO] performing request https://api-fxpractice.oanda.com/v3/instruments/USD_CAD/candles
2026-05-07 18:11:04,255 [INFO] USD_CAD: 54.4% below 65.0% threshold. Skip.
2026-05-07 18:11:06,271 [INFO] Cycle #105 done. Trades in memory: 340 | WR: 88.8% | RL episodes: 340
2026-05-07 18:11:49,341 [INFO] Learned: EUR_USD WIN | WR: 88.9% | RL: 341
2026-05-07 18:11:53,758 [INFO] Learned: GBP_USD WIN | WR: 88.9% | RL: 342
2026-05-07 18:11:57,760 [INFO] Learned: USD_JPY WIN | WR: 88.9% | RL: 343
2026-05-07 18:12:01,598 [INFO] Learned: AUD_USD LOSS | WR: 88.7% | RL: 344
2026-05-07 18:26:06,273 [INFO] setting up API-client for environment practice
2026-05-07 18:26:06,273 [INFO] performing request https://api-fxpractice.oanda.com/v3/instruments/EUR_USD/candles
2026-05-07 18:26:08,201 [INFO] SIGNAL: EUR_USD BUY 85.0% | News: BULLISH | COT: NEUTRAL | Regime: RANGING
2026-05-07 18:26:10,215 [INFO] setting up API-client for environment practice
2026-05-07 18:26:10,215 [INFO] performing request https://api-fxpractice.oanda.com/v3/instruments/GBP_USD/candles
2026-05-07 18:26:12,221 [INFO] SIGNAL: GBP_USD BUY 115.0% | News: BULLISH | COT: NEUTRAL | Regime: RANGING
2026-05-07 18:26:14,239 [INFO] setting up API-client for environment practice
2026-05-07 18:26:14,239 [INFO] performing request https://api-fxpractice.oanda.com/v3/instruments/USD_JPY/candles
2026-05-07 18:26:16,198 [INFO] SIGNAL: USD_JPY SELL 115.0% | News: BEARISH | COT: NEUTRAL | Regime: RANGING
2026-05-07 18:26:18,206 [INFO] setting up API-client for environment practice
2026-05-07 18:26:18,208 [INFO] performing request https://api-fxpractice.oanda.com/v3/instruments/AUD_USD/candles
2026-05-07 18:26:19,974 [INFO] SIGNAL: AUD_USD BUY 74.9% | News: BULLISH | COT: NEUTRAL | Regime: RANGING
2026-05-07 18:26:21,985 [INFO] setting up API-client for environment practice
2026-05-07 18:26:21,985 [INFO] performing request https://api-fxpractice.oanda.com/v3/instruments/USD_CAD/candles
2026-05-07 18:26:23,286 [INFO] USD_CAD: 50.9% below 65.0% threshold. Skip.
2026-05-07 18:26:25,291 [INFO] Cycle #106 done. Trades in memory: 344 | WR: 88.7% | RL episodes: 344
2026-05-07 18:27:08,266 [INFO] Learned: EUR_USD WIN | WR: 88.7% | RL: 345
2026-05-07 18:27:12,375 [INFO] Learned: GBP_USD WIN | WR: 88.7% | RL: 346
2026-05-07 18:27:16,288 [INFO] Learned: USD_JPY WIN | WR: 88.8% | RL: 347
2026-05-07 18:27:20,049 [INFO] Learned: AUD_USD WIN | WR: 88.8% | RL: 348
2026-05-07 18:41:25,293 [INFO] setting up API-client for environment practice
2026-05-07 18:41:25,293 [INFO] performing request https://api-fxpractice.oanda.com/v3/instruments/EUR_USD/candles
2026-05-07 18:41:27,378 [INFO] News: 19 articles fetched
2026-05-07 18:41:28,553 [INFO] Correlations: ['DXY', 'GOLD', 'OIL', 'SP500', 'VIX'] loaded
2026-05-07 18:41:31,124 [INFO] SIGNAL: EUR_USD BUY 74.4% | News: NEUTRAL | COT: NEUTRAL | Regime: RANGING
2026-05-07 18:41:33,129 [INFO] setting up API-client for environment practice
2026-05-07 18:41:33,129 [INFO] performing request https://api-fxpractice.oanda.com/v3/instruments/GBP_USD/candles
2026-05-07 18:41:35,064 [INFO] SIGNAL: GBP_USD BUY 74.4% | News: NEUTRAL | COT: NEUTRAL | Regime: RANGING
2026-05-07 18:41:37,067 [INFO] setting up API-client for environment practice
2026-05-07 18:41:37,067 [INFO] performing request https://api-fxpractice.oanda.com/v3/instruments/USD_JPY/candles
2026-05-07 18:41:38,951 [INFO] SIGNAL: USD_JPY SELL 69.6% | News: NEUTRAL | COT: NEUTRAL | Regime: RANGING
2026-05-07 18:41:40,953 [INFO] setting up API-client for environment practice
2026-05-07 18:41:40,953 [INFO] performing request https://api-fxpractice.oanda.com/v3/instruments/AUD_USD/candles
2026-05-07 18:41:42,668 [INFO] SIGNAL: AUD_USD SELL 74.0% | News: NEUTRAL | COT: NEUTRAL | Regime: RANGING
2026-05-07 18:41:44,671 [INFO] setting up API-client for environment practice
2026-05-07 18:41:44,671 [INFO] performing request https://api-fxpractice.oanda.com/v3/instruments/USD_CAD/candles
2026-05-07 18:41:46,635 [INFO] SIGNAL: USD_CAD BUY 90.0% | News: NEUTRAL | COT: NEUTRAL | Regime: RANGING
2026-05-07 18:41:48,639 [INFO] Cycle #107 done. Trades in memory: 348 | WR: 88.8% | RL episodes: 348
2026-05-07 18:42:31,264 [INFO] Learned: EUR_USD LOSS | WR: 88.5% | RL: 349
2026-05-07 18:42:35,303 [INFO] Learned: GBP_USD WIN | WR: 88.6% | RL: 350
2026-05-07 18:42:39,183 [INFO] Learned: USD_JPY LOSS | WR: 88.3% | RL: 351
2026-05-07 18:42:42,811 [INFO] Learned: AUD_USD WIN | WR: 88.4% | RL: 352
2026-05-07 18:42:46,792 [INFO] Learned: USD_CAD LOSS | WR: 88.1% | RL: 353
2026-05-07 18:56:48,641 [INFO] setting up API-client for environment practice
2026-05-07 18:56:48,641 [INFO] performing request https://api-fxpractice.oanda.com/v3/instruments/EUR_USD/candles
2026-05-07 18:56:50,938 [INFO] SIGNAL: EUR_USD BUY 85.7% | News: NEUTRAL | COT: NEUTRAL | Regime: RANGING
2026-05-07 18:56:52,948 [INFO] setting up API-client for environment practice
2026-05-07 18:56:52,948 [INFO] performing request https://api-fxpractice.oanda.com/v3/instruments/GBP_USD/candles
2026-05-07 18:56:54,914 [INFO] SIGNAL: GBP_USD BUY 109.5% | News: NEUTRAL | COT: NEUTRAL | Regime: RANGING
2026-05-07 18:56:56,932 [INFO] setting up API-client for environment practice
2026-05-07 18:56:56,932 [INFO] performing request https://api-fxpractice.oanda.com/v3/instruments/USD_JPY/candles
2026-05-07 18:56:58,815 [INFO] SIGNAL: USD_JPY SELL 90.0% | News: NEUTRAL | COT: NEUTRAL | Regime: RANGING
2026-05-07 18:57:00,822 [INFO] setting up API-client for environment practice
2026-05-07 18:57:00,822 [INFO] performing request https://api-fxpractice.oanda.com/v3/instruments/AUD_USD/candles
2026-05-07 18:57:02,961 [INFO] SIGNAL: AUD_USD BUY 71.3% | News: NEUTRAL | COT: NEUTRAL | Regime: RANGING
2026-05-07 18:57:04,976 [INFO] setting up API-client for environment practice
2026-05-07 18:57:04,977 [INFO] performing request https://api-fxpractice.oanda.com/v3/instruments/USD_CAD/candles
2026-05-07 18:57:07,316 [INFO] SIGNAL: USD_CAD BUY 68.2% | News: NEUTRAL | COT: NEUTRAL | Regime: RANGING
2026-05-07 18:57:09,423 [INFO] Cycle #108 done. Trades in memory: 353 | WR: 88.1% | RL episodes: 353
2026-05-07 18:57:51,083 [INFO] Learned: EUR_USD WIN | WR: 88.1% | RL: 354
2026-05-07 18:57:55,032 [INFO] Learned: GBP_USD WIN | WR: 88.2% | RL: 355
2026-05-07 18:57:59,006 [INFO] Learned: USD_JPY WIN | WR: 88.2% | RL: 356
2026-05-07 18:58:03,210 [INFO] Learned: AUD_USD WIN | WR: 88.2% | RL: 357
2026-05-07 18:58:07,565 [INFO] Learned: USD_CAD LOSS | WR: 88.0% | RL: 358
2026-05-07 19:12:09,425 [INFO] setting up API-client for environment practice
2026-05-07 19:12:09,425 [INFO] performing request https://api-fxpractice.oanda.com/v3/instruments/EUR_USD/candles
2026-05-07 19:12:11,495 [INFO] ForexFactory: 115 events loaded
2026-05-07 19:12:13,203 [INFO] News: 20 articles fetched
2026-05-07 19:12:14,540 [INFO] Correlations: ['DXY', 'GOLD', 'OIL', 'SP500', 'VIX'] loaded
2026-05-07 19:12:17,425 [INFO] SIGNAL: EUR_USD BUY 91.9% | News: NEUTRAL | COT: NEUTRAL | Regime: RANGING
2026-05-07 19:12:19,430 [INFO] setting up API-client for environment practice
2026-05-07 19:12:19,430 [INFO] performing request https://api-fxpractice.oanda.com/v3/instruments/GBP_USD/candles
2026-05-07 19:12:22,362 [INFO] SIGNAL: GBP_USD BUY 109.8% | News: NEUTRAL | COT: NEUTRAL | Regime: RANGING
2026-05-07 19:12:24,365 [INFO] setting up API-client for environment practice
2026-05-07 19:12:24,365 [INFO] performing request https://api-fxpractice.oanda.com/v3/instruments/USD_JPY/candles
2026-05-07 19:12:25,456 [INFO] USD_JPY: 57.7% below 65.0% threshold. Skip.
2026-05-07 19:12:27,458 [INFO] setting up API-client for environment practice
2026-05-07 19:12:27,458 [INFO] performing request https://api-fxpractice.oanda.com/v3/instruments/AUD_USD/candles
2026-05-07 19:12:30,076 [INFO] SIGNAL: AUD_USD BUY 70.7% | News: NEUTRAL | COT: NEUTRAL | Regime: RANGING
2026-05-07 19:12:32,087 [INFO] setting up API-client for environment practice
2026-05-07 19:12:32,087 [INFO] performing request https://api-fxpractice.oanda.com/v3/instruments/USD_CAD/candles
2026-05-07 19:12:34,183 [INFO] SIGNAL: USD_CAD BUY 66.4% | News: NEUTRAL | COT: NEUTRAL | Regime: RANGING
2026-05-07 19:12:36,187 [INFO] Cycle #109 done. Trades in memory: 358 | WR: 88.0% | RL episodes: 358
2026-05-07 19:13:17,581 [INFO] Learned: EUR_USD WIN | WR: 88.0% | RL: 359
2026-05-07 19:13:22,566 [INFO] Learned: GBP_USD WIN | WR: 88.1% | RL: 360
2026-05-07 19:13:30,156 [INFO] Learned: AUD_USD WIN | WR: 88.1% | RL: 361
2026-05-07 19:13:34,267 [INFO] Learned: USD_CAD WIN | WR: 88.1% | RL: 362
2026-05-07 19:27:36,189 [INFO] setting up API-client for environment practice
2026-05-07 19:27:36,198 [INFO] performing request https://api-fxpractice.oanda.com/v3/instruments/EUR_USD/candles
2026-05-07 19:27:39,140 [INFO] SIGNAL: EUR_USD BUY 70.2% | News: NEUTRAL | COT: NEUTRAL | Regime: RANGING
2026-05-07 19:27:41,146 [INFO] setting up API-client for environment practice
2026-05-07 19:27:41,146 [INFO] performing request https://api-fxpractice.oanda.com/v3/instruments/GBP_USD/candles
2026-05-07 19:27:42,934 [INFO] SIGNAL: GBP_USD BUY 91.6% | News: NEUTRAL | COT: NEUTRAL | Regime: RANGING
2026-05-07 19:27:44,941 [INFO] setting up API-client for environment practice
2026-05-07 19:27:44,941 [INFO] performing request https://api-fxpractice.oanda.com/v3/instruments/USD_JPY/candles
2026-05-07 19:27:47,176 [INFO] SIGNAL: USD_JPY SELL 66.4% | News: NEUTRAL | COT: NEUTRAL | Regime: RANGING
2026-05-07 19:27:49,181 [INFO] setting up API-client for environment practice
2026-05-07 19:27:49,181 [INFO] performing request https://api-fxpractice.oanda.com/v3/instruments/AUD_USD/candles
2026-05-07 19:27:51,292 [INFO] SIGNAL: AUD_USD BUY 70.2% | News: NEUTRAL | COT: NEUTRAL | Regime: RANGING
2026-05-07 19:27:53,299 [INFO] setting up API-client for environment practice
2026-05-07 19:27:53,299 [INFO] performing request https://api-fxpractice.oanda.com/v3/instruments/USD_CAD/candles
2026-05-07 19:27:54,930 [INFO] SIGNAL: USD_CAD BUY 90.0% | News: NEUTRAL | COT: NEUTRAL | Regime: RANGING
2026-05-07 19:27:56,937 [INFO] Cycle #110 done. Trades in memory: 362 | WR: 88.1% | RL episodes: 362
2026-05-07 19:28:39,324 [INFO] Learned: EUR_USD WIN | WR: 88.2% | RL: 363
2026-05-07 19:28:43,030 [INFO] Learned: GBP_USD WIN | WR: 88.2% | RL: 364
2026-05-07 19:28:47,538 [INFO] Learned: USD_JPY LOSS | WR: 87.9% | RL: 365
2026-05-07 19:28:51,361 [INFO] Learned: AUD_USD WIN | WR: 88.0% | RL: 366
2026-05-07 19:28:55,014 [INFO] Learned: USD_CAD WIN | WR: 88.0% | RL: 367
2026-05-07 19:42:57,037 [INFO] setting up API-client for environment practice
2026-05-07 19:42:57,061 [INFO] performing request https://api-fxpractice.oanda.com/v3/instruments/EUR_USD/candles
2026-05-07 19:43:00,102 [INFO] News: 20 articles fetched
2026-05-07 19:43:02,695 [INFO] Correlations: ['DXY', 'GOLD', 'OIL', 'SP500', 'VIX'] loaded
2026-05-07 19:43:05,324 [INFO] SIGNAL: EUR_USD BUY 115.0% | News: NEUTRAL | COT: NEUTRAL | Regime: RANGING
2026-05-07 19:43:07,326 [INFO] setting up API-client for environment practice
2026-05-07 19:43:07,340 [INFO] performing request https://api-fxpractice.oanda.com/v3/instruments/GBP_USD/candles
2026-05-07 19:43:09,173 [INFO] SIGNAL: GBP_USD BUY 115.0% | News: NEUTRAL | COT: NEUTRAL | Regime: RANGING
2026-05-07 19:43:11,175 [INFO] setting up API-client for environment practice
2026-05-07 19:43:11,175 [INFO] performing request https://api-fxpractice.oanda.com/v3/instruments/USD_JPY/candles
2026-05-07 19:43:11,786 [INFO] USD_JPY: 46.7% below 65.0% threshold. Skip.
2026-05-07 19:43:13,790 [INFO] setting up API-client for environment practice
2026-05-07 19:43:13,790 [INFO] performing request https://api-fxpractice.oanda.com/v3/instruments/AUD_USD/candles
2026-05-07 19:43:16,063 [INFO] SIGNAL: AUD_USD BUY 96.1% | News: NEUTRAL | COT: NEUTRAL | Regime: RANGING
2026-05-07 19:43:18,080 [INFO] setting up API-client for environment practice
2026-05-07 19:43:18,080 [INFO] performing request https://api-fxpractice.oanda.com/v3/instruments/USD_CAD/candles
2026-05-07 19:43:19,711 [INFO] SIGNAL: USD_CAD BUY 65.5% | News: NEUTRAL | COT: NEUTRAL | Regime: RANGING
2026-05-07 19:43:21,737 [INFO] Cycle #111 done. Trades in memory: 367 | WR: 88.0% | RL episodes: 367
2026-05-07 19:44:05,459 [INFO] Learned: EUR_USD WIN | WR: 88.0% | RL: 368
2026-05-07 19:44:09,234 [INFO] Learned: GBP_USD WIN | WR: 88.1% | RL: 369
2026-05-07 19:44:16,134 [INFO] Learned: AUD_USD WIN | WR: 88.1% | RL: 370
2026-05-07 19:44:19,785 [INFO] Learned: USD_CAD WIN | WR: 88.1% | RL: 371
2026-05-07 19:58:22,333 [INFO] setting up API-client for environment practice
2026-05-07 19:58:23,076 [INFO] performing request https://api-fxpractice.oanda.com/v3/instruments/EUR_USD/candles
2026-05-07 19:58:27,061 [INFO] SIGNAL: EUR_USD BUY 115.0% | News: NEUTRAL | COT: NEUTRAL | Regime: RANGING
2026-05-07 19:58:29,098 [INFO] setting up API-client for environment practice
2026-05-07 19:58:29,098 [INFO] performing request https://api-fxpractice.oanda.com/v3/instruments/GBP_USD/candles
2026-05-07 19:58:31,502 [INFO] SIGNAL: GBP_USD BUY 115.0% | News: NEUTRAL | COT: NEUTRAL | Regime: RANGING
2026-05-07 19:58:33,505 [INFO] setting up API-client for environment practice
2026-05-07 19:58:33,506 [INFO] performing request https://api-fxpractice.oanda.com/v3/instruments/USD_JPY/candles
2026-05-07 19:58:34,417 [INFO] USD_JPY: 54.4% below 65.0% threshold. Skip.
2026-05-07 19:58:36,422 [INFO] setting up API-client for environment practice
2026-05-07 19:58:36,422 [INFO] performing request https://api-fxpractice.oanda.com/v3/instruments/AUD_USD/candles
2026-05-07 19:58:38,417 [INFO] SIGNAL: AUD_USD BUY 96.7% | News: NEUTRAL | COT: NEUTRAL | Regime: RANGING
2026-05-07 19:58:40,419 [INFO] setting up API-client for environment practice
2026-05-07 19:58:40,419 [INFO] performing request https://api-fxpractice.oanda.com/v3/instruments/USD_CAD/candles
2026-05-07 19:58:41,188 [INFO] USD_CAD: 49.7% below 65.0% threshold. Skip.
2026-05-07 19:58:43,218 [INFO] Cycle #112 done. Trades in memory: 371 | WR: 88.1% | RL episodes: 371
2026-05-07 19:59:27,798 [INFO] Learned: EUR_USD WIN | WR: 88.2% | RL: 372
2026-05-07 19:59:31,582 [INFO] Learned: GBP_USD WIN | WR: 88.2% | RL: 373
2026-05-07 19:59:38,555 [INFO] Learned: AUD_USD WIN | WR: 88.2% | RL: 374
2026-05-07 20:13:44,277 [INFO] setting up API-client for environment practice
2026-05-07 20:13:45,587 [INFO] performing request https://api-fxpractice.oanda.com/v3/instruments/EUR_USD/candles
2026-05-07 20:13:56,159 [INFO] ForexFactory: 115 events loaded
2026-05-07 20:13:58,225 [INFO] News: 20 articles fetched
2026-05-07 20:14:24,591 [INFO] Correlations: ['DXY', 'GOLD', 'OIL', 'SP500', 'VIX'] loaded
2026-05-07 20:14:29,447 [INFO] SIGNAL: EUR_USD BUY 115.0% | News: NEUTRAL | COT: NEUTRAL | Regime: RANGING
2026-05-07 20:14:31,516 [INFO] setting up API-client for environment practice
2026-05-07 20:14:31,517 [INFO] performing request https://api-fxpractice.oanda.com/v3/instruments/GBP_USD/candles
2026-05-07 20:14:32,460 [INFO] GBP_USD: 58.8% below 65.0% threshold. Skip.
2026-05-07 20:14:34,462 [INFO] setting up API-client for environment practice
2026-05-07 20:14:34,463 [INFO] performing request https://api-fxpractice.oanda.com/v3/instruments/USD_JPY/candles
2026-05-07 20:14:36,646 [INFO] SIGNAL: USD_JPY BUY 80.8% | News: NEUTRAL | COT: NEUTRAL | Regime: RANGING
2026-05-07 20:14:38,647 [INFO] setting up API-client for environment practice
2026-05-07 20:14:38,652 [INFO] performing request https://api-fxpractice.oanda.com/v3/instruments/AUD_USD/candles
2026-05-07 20:14:40,701 [INFO] SIGNAL: AUD_USD BUY 97.0% | News: NEUTRAL | COT: NEUTRAL | Regime: RANGING
2026-05-07 20:14:42,703 [INFO] setting up API-client for environment practice
2026-05-07 20:14:42,704 [INFO] performing request https://api-fxpractice.oanda.com/v3/instruments/USD_CAD/candles
2026-05-07 20:14:43,590 [INFO] USD_CAD: 56.8% below 65.0% threshold. Skip.
2026-05-07 20:14:45,758 [INFO] Cycle #113 done. Trades in memory: 374 | WR: 88.2% | RL episodes: 374
2026-05-07 20:15:29,802 [INFO] Learned: EUR_USD WIN | WR: 88.3% | RL: 375
2026-05-07 20:15:36,718 [INFO] Learned: USD_JPY WIN | WR: 88.3% | RL: 376
2026-05-07 20:15:40,824 [INFO] Learned: AUD_USD WIN | WR: 88.3% | RL: 377
2026-05-07 20:29:46,209 [INFO] setting up API-client for environment practice
2026-05-07 20:29:46,753 [INFO] performing request https://api-fxpractice.oanda.com/v3/instruments/EUR_USD/candles
2026-05-07 20:29:50,563 [INFO] SIGNAL: EUR_USD BUY 115.0% | News: NEUTRAL | COT: NEUTRAL | Regime: RANGING
2026-05-07 20:29:52,568 [INFO] setting up API-client for environment practice
2026-05-07 20:29:52,568 [INFO] performing request https://api-fxpractice.oanda.com/v3/instruments/GBP_USD/candles
2026-05-07 20:29:54,962 [INFO] SIGNAL: GBP_USD BUY 103.1% | News: NEUTRAL | COT: NEUTRAL | Regime: RANGING
2026-05-07 20:29:56,964 [INFO] setting up API-client for environment practice
2026-05-07 20:29:56,964 [INFO] performing request https://api-fxpractice.oanda.com/v3/instruments/USD_JPY/candles
2026-05-07 20:29:58,918 [INFO] SIGNAL: USD_JPY SELL 90.0% | News: NEUTRAL | COT: NEUTRAL | Regime: RANGING
2026-05-07 20:30:00,920 [INFO] setting up API-client for environment practice
2026-05-07 20:30:00,920 [INFO] performing request https://api-fxpractice.oanda.com/v3/instruments/AUD_USD/candles
2026-05-07 20:30:02,935 [INFO] SIGNAL: AUD_USD BUY 115.0% | News: NEUTRAL | COT: NEUTRAL | Regime: RANGING
2026-05-07 20:30:04,938 [INFO] setting up API-client for environment practice
2026-05-07 20:30:04,938 [INFO] performing request https://api-fxpractice.oanda.com/v3/instruments/USD_CAD/candles
2026-05-07 20:30:05,741 [INFO] USD_CAD: 62.1% below 65.0% threshold. Skip.
2026-05-07 20:30:07,760 [INFO] Cycle #114 done. Trades in memory: 377 | WR: 88.3% | RL episodes: 377
2026-05-07 20:30:51,159 [INFO] Learned: EUR_USD WIN | WR: 88.4% | RL: 378
2026-05-07 20:30:55,278 [INFO] Learned: GBP_USD WIN | WR: 88.4% | RL: 379
2026-05-07 20:30:59,110 [INFO] Learned: USD_JPY LOSS | WR: 88.2% | RL: 380
2026-05-07 20:31:02,988 [INFO] Learned: AUD_USD WIN | WR: 88.2% | RL: 381
2026-05-07 23:40:09,559 [INFO] setting up API-client for environment practice
2026-05-07 23:40:41,752 [INFO] performing request https://api-fxpractice.oanda.com/v3/instruments/EUR_USD/candles
2026-05-07 23:41:24,207 [INFO] ForexFactory: 115 events loaded
2026-05-07 23:41:26,094 [INFO] News: 20 articles fetched
2026-05-07 23:41:55,199 [INFO] Correlations: ['DXY', 'GOLD', 'OIL', 'SP500', 'VIX'] loaded
2026-05-07 23:41:58,312 [INFO] SIGNAL: EUR_USD SELL 68.9% | News: NEUTRAL | COT: NEUTRAL | Regime: RANGING
2026-05-07 23:42:00,388 [INFO] setting up API-client for environment practice
2026-05-07 23:42:00,388 [INFO] performing request https://api-fxpractice.oanda.com/v3/instruments/GBP_USD/candles
2026-05-07 23:42:03,260 [INFO] SIGNAL: GBP_USD SELL 70.8% | News: NEUTRAL | COT: NEUTRAL | Regime: RANGING
2026-05-07 23:42:05,275 [INFO] setting up API-client for environment practice
2026-05-07 23:42:05,275 [INFO] performing request https://api-fxpractice.oanda.com/v3/instruments/USD_JPY/candles
2026-05-07 23:42:08,297 [INFO] SIGNAL: USD_JPY BUY 105.7% | News: NEUTRAL | COT: NEUTRAL | Regime: RANGING
2026-05-07 23:42:10,308 [INFO] setting up API-client for environment practice
2026-05-07 23:42:10,308 [INFO] performing request https://api-fxpractice.oanda.com/v3/instruments/AUD_USD/candles
2026-05-07 23:42:12,268 [INFO] SIGNAL: AUD_USD SELL 70.8% | News: NEUTRAL | COT: NEUTRAL | Regime: RANGING
2026-05-07 23:42:14,273 [INFO] setting up API-client for environment practice
2026-05-07 23:42:14,273 [INFO] performing request https://api-fxpractice.oanda.com/v3/instruments/USD_CAD/candles
2026-05-07 23:42:16,645 [INFO] SIGNAL: USD_CAD BUY 95.4% | News: NEUTRAL | COT: NEUTRAL | Regime: RANGING
2026-05-07 23:42:18,660 [INFO] Cycle #115 done. Trades in memory: 381 | WR: 88.2% | RL episodes: 381
2026-05-07 23:42:58,761 [INFO] Learned: EUR_USD LOSS | WR: 88.0% | RL: 382
2026-05-07 23:43:03,392 [INFO] Learned: GBP_USD WIN | WR: 88.0% | RL: 383
2026-05-07 23:43:08,429 [INFO] Learned: USD_JPY WIN | WR: 88.0% | RL: 384
2026-05-07 23:43:12,345 [INFO] Learned: AUD_USD LOSS | WR: 87.8% | RL: 385
2026-05-07 23:43:16,881 [INFO] Learned: USD_CAD WIN | WR: 87.8% | RL: 386
2026-05-07 23:57:18,602 [INFO] setting up API-client for environment practice
2026-05-07 23:57:18,604 [INFO] performing request https://api-fxpractice.oanda.com/v3/instruments/EUR_USD/candles
2026-05-07 23:57:20,185 [INFO] EUR_USD: 50.5% below 65.0% threshold. Skip.
2026-05-07 23:57:22,187 [INFO] setting up API-client for environment practice
2026-05-07 23:57:22,188 [INFO] performing request https://api-fxpractice.oanda.com/v3/instruments/GBP_USD/candles
2026-05-07 23:57:23,976 [INFO] SIGNAL: GBP_USD SELL 66.8% | News: NEUTRAL | COT: NEUTRAL | Regime: RANGING
2026-05-07 23:57:25,979 [INFO] setting up API-client for environment practice
2026-05-07 23:57:25,980 [INFO] performing request https://api-fxpractice.oanda.com/v3/instruments/USD_JPY/candles
2026-05-07 23:57:28,707 [INFO] SIGNAL: USD_JPY BUY 105.7% | News: NEUTRAL | COT: NEUTRAL | Regime: RANGING
2026-05-07 23:57:30,710 [INFO] setting up API-client for environment practice
2026-05-07 23:57:30,711 [INFO] performing request https://api-fxpractice.oanda.com/v3/instruments/AUD_USD/candles
2026-05-07 23:57:33,282 [INFO] SIGNAL: AUD_USD SELL 70.7% | News: NEUTRAL | COT: NEUTRAL | Regime: RANGING
2026-05-07 23:57:35,285 [INFO] setting up API-client for environment practice
2026-05-07 23:57:35,286 [INFO] performing request https://api-fxpractice.oanda.com/v3/instruments/USD_CAD/candles
2026-05-07 23:57:37,259 [INFO] SIGNAL: USD_CAD BUY 95.3% | News: NEUTRAL | COT: NEUTRAL | Regime: RANGING
2026-05-07 23:57:39,261 [INFO] Cycle #116 done. Trades in memory: 386 | WR: 87.8% | RL episodes: 386
2026-05-07 23:58:24,090 [INFO] Learned: GBP_USD WIN | WR: 87.9% | RL: 387
2026-05-07 23:58:28,842 [INFO] Learned: USD_JPY WIN | WR: 87.9% | RL: 388
2026-05-07 23:58:33,438 [INFO] Learned: AUD_USD LOSS | WR: 87.7% | RL: 389
2026-05-07 23:58:37,361 [INFO] Learned: USD_CAD WIN | WR: 87.7% | RL: 390
2026-05-08 00:12:39,054 [INFO] setting up API-client for environment practice
2026-05-08 00:12:39,054 [INFO] performing request https://api-fxpractice.oanda.com/v3/instruments/EUR_USD/candles
2026-05-08 00:12:40,965 [INFO] News: 20 articles fetched
2026-05-08 00:12:42,419 [INFO] Correlations: ['DXY', 'GOLD', 'OIL', 'SP500', 'VIX'] loaded
2026-05-08 00:12:42,420 [INFO] EUR_USD: 50.5% below 65.0% threshold. Skip.
2026-05-08 00:12:44,421 [INFO] setting up API-client for environment practice
2026-05-08 00:12:44,421 [INFO] performing request https://api-fxpractice.oanda.com/v3/instruments/GBP_USD/candles
2026-05-08 00:12:47,616 [INFO] SIGNAL: GBP_USD SELL 70.7% | News: NEUTRAL | COT: NEUTRAL | Regime: RANGING
2026-05-08 00:12:49,618 [INFO] setting up API-client for environment practice
2026-05-08 00:12:49,619 [INFO] performing request https://api-fxpractice.oanda.com/v3/instruments/USD_JPY/candles
2026-05-08 00:12:51,133 [INFO] SIGNAL: USD_JPY BUY 105.7% | News: NEUTRAL | COT: NEUTRAL | Regime: RANGING
2026-05-08 00:12:53,136 [INFO] setting up API-client for environment practice
2026-05-08 00:12:53,136 [INFO] performing request https://api-fxpractice.oanda.com/v3/instruments/AUD_USD/candles
2026-05-08 00:12:55,316 [INFO] SIGNAL: AUD_USD SELL 70.7% | News: NEUTRAL | COT: NEUTRAL | Regime: RANGING
2026-05-08 00:12:57,324 [INFO] setting up API-client for environment practice
2026-05-08 00:12:57,324 [INFO] performing request https://api-fxpractice.oanda.com/v3/instruments/USD_CAD/candles
2026-05-08 00:12:59,255 [INFO] SIGNAL: USD_CAD BUY 95.3% | News: NEUTRAL | COT: NEUTRAL | Regime: RANGING
2026-05-08 00:13:01,258 [INFO] Cycle #117 done. Trades in memory: 390 | WR: 87.7% | RL episodes: 390
2026-05-08 00:13:47,656 [INFO] Learned: GBP_USD WIN | WR: 87.7% | RL: 391
2026-05-08 00:13:51,202 [INFO] Learned: USD_JPY WIN | WR: 87.8% | RL: 392
2026-05-08 00:13:55,374 [INFO] Learned: AUD_USD WIN | WR: 87.8% | RL: 393
2026-05-08 00:13:59,312 [INFO] Learned: USD_CAD LOSS | WR: 87.6% | RL: 394
2026-05-08 00:28:01,104 [INFO] setting up API-client for environment practice
2026-05-08 00:28:01,104 [INFO] performing request https://api-fxpractice.oanda.com/v3/instruments/EUR_USD/candles
2026-05-08 00:28:01,878 [INFO] EUR_USD: 49.5% below 65.0% threshold. Skip.
2026-05-08 00:28:03,880 [INFO] setting up API-client for environment practice
2026-05-08 00:28:03,880 [INFO] performing request https://api-fxpractice.oanda.com/v3/instruments/GBP_USD/candles
2026-05-08 00:28:05,459 [INFO] SIGNAL: GBP_USD SELL 70.0% | News: NEUTRAL | COT: NEUTRAL | Regime: RANGING
2026-05-08 00:28:07,464 [INFO] setting up API-client for environment practice
2026-05-08 00:28:07,464 [INFO] performing request https://api-fxpractice.oanda.com/v3/instruments/USD_JPY/candles
2026-05-08 00:28:08,951 [INFO] SIGNAL: USD_JPY BUY 94.9% | News: NEUTRAL | COT: NEUTRAL | Regime: RANGING
2026-05-08 00:28:10,967 [INFO] setting up API-client for environment practice
2026-05-08 00:28:10,967 [INFO] performing request https://api-fxpractice.oanda.com/v3/instruments/AUD_USD/candles
2026-05-08 00:28:12,170 [INFO] AUD_USD: 62.4% below 65.0% threshold. Skip.
2026-05-08 00:28:14,172 [INFO] setting up API-client for environment practice
2026-05-08 00:28:14,172 [INFO] performing request https://api-fxpractice.oanda.com/v3/instruments/USD_CAD/candles
2026-05-08 00:28:16,383 [INFO] SIGNAL: USD_CAD BUY 94.5% | News: NEUTRAL | COT: NEUTRAL | Regime: RANGING
2026-05-08 00:28:18,384 [INFO] Cycle #118 done. Trades in memory: 394 | WR: 87.6% | RL episodes: 394
2026-05-08 00:29:05,560 [INFO] Learned: GBP_USD WIN | WR: 87.6% | RL: 395
2026-05-08 00:29:09,096 [INFO] Learned: USD_JPY WIN | WR: 87.6% | RL: 396
2026-05-08 00:29:16,580 [INFO] Learned: USD_CAD WIN | WR: 87.7% | RL: 397
2026-05-08 00:43:18,270 [INFO] setting up API-client for environment practice
2026-05-08 00:43:18,272 [INFO] performing request https://api-fxpractice.oanda.com/v3/instruments/EUR_USD/candles
2026-05-08 00:43:20,922 [INFO] ForexFactory: 115 events loaded
2026-05-08 00:43:22,444 [INFO] News: 20 articles fetched
2026-05-08 00:43:23,661 [INFO] Correlations: ['DXY', 'GOLD', 'OIL', 'SP500', 'VIX'] loaded
2026-05-08 00:43:23,668 [INFO] EUR_USD: 60.0% below 65.0% threshold. Skip.
2026-05-08 00:43:25,674 [INFO] setting up API-client for environment practice
2026-05-08 00:43:25,674 [INFO] performing request https://api-fxpractice.oanda.com/v3/instruments/GBP_USD/candles
2026-05-08 00:43:29,156 [INFO] SIGNAL: GBP_USD SELL 65.1% | News: NEUTRAL | COT: NEUTRAL | Regime: RANGING
2026-05-08 00:43:31,159 [INFO] setting up API-client for environment practice
2026-05-08 00:43:31,159 [INFO] performing request https://api-fxpractice.oanda.com/v3/instruments/USD_JPY/candles
2026-05-08 00:43:34,754 [INFO] SIGNAL: USD_JPY BUY 72.0% | News: NEUTRAL | COT: NEUTRAL | Regime: RANGING
2026-05-08 00:43:36,760 [INFO] setting up API-client for environment practice
2026-05-08 00:43:36,760 [INFO] performing request https://api-fxpractice.oanda.com/v3/instruments/AUD_USD/candles
2026-05-08 00:43:40,448 [INFO] SIGNAL: AUD_USD SELL 71.7% | News: NEUTRAL | COT: NEUTRAL | Regime: RANGING
2026-05-08 00:43:42,455 [INFO] setting up API-client for environment practice
2026-05-08 00:43:42,455 [INFO] performing request https://api-fxpractice.oanda.com/v3/instruments/USD_CAD/candles
2026-05-08 00:43:45,517 [INFO] SIGNAL: USD_CAD BUY 91.0% | News: NEUTRAL | COT: NEUTRAL | Regime: RANGING
2026-05-08 00:43:47,524 [INFO] Cycle #119 done. Trades in memory: 397 | WR: 87.7% | RL episodes: 397
2026-05-08 00:44:29,472 [INFO] Learned: GBP_USD LOSS | WR: 87.4% | RL: 398
2026-05-08 00:44:34,890 [INFO] Learned: USD_JPY LOSS | WR: 87.2% | RL: 399
2026-05-08 00:44:40,615 [INFO] Learned: AUD_USD WIN | WR: 87.2% | RL: 400
2026-05-08 00:44:45,747 [INFO] Learned: USD_CAD WIN | WR: 87.3% | RL: 401
2026-05-08 00:58:47,451 [INFO] setting up API-client for environment practice
2026-05-08 00:58:47,471 [INFO] performing request https://api-fxpractice.oanda.com/v3/instruments/EUR_USD/candles
2026-05-08 00:58:51,109 [INFO] SIGNAL: EUR_USD SELL 66.0% | News: NEUTRAL | COT: NEUTRAL | Regime: RANGING
2026-05-08 00:58:53,128 [INFO] setting up API-client for environment practice
2026-05-08 00:58:53,128 [INFO] performing request https://api-fxpractice.oanda.com/v3/instruments/GBP_USD/candles
2026-05-08 00:58:54,523 [INFO] GBP_USD: 52.1% below 65.0% threshold. Skip.
2026-05-08 00:58:56,534 [INFO] setting up API-client for environment practice
2026-05-08 00:58:56,534 [INFO] performing request https://api-fxpractice.oanda.com/v3/instruments/USD_JPY/candles
2026-05-08 00:58:59,509 [INFO] SIGNAL: USD_JPY BUY 88.3% | News: NEUTRAL | COT: NEUTRAL | Regime: RANGING
2026-05-08 00:59:01,524 [INFO] setting up API-client for environment practice
2026-05-08 00:59:01,524 [INFO] performing request https://api-fxpractice.oanda.com/v3/instruments/AUD_USD/candles
2026-05-08 00:59:03,286 [INFO] AUD_USD: 52.1% below 65.0% threshold. Skip.
2026-05-08 00:59:05,296 [INFO] setting up API-client for environment practice
2026-05-08 00:59:05,296 [INFO] performing request https://api-fxpractice.oanda.com/v3/instruments/USD_CAD/candles
2026-05-08 00:59:09,123 [INFO] SIGNAL: USD_CAD BUY 92.0% | News: NEUTRAL | COT: NEUTRAL | Regime: RANGING
2026-05-08 00:59:11,139 [INFO] Cycle #120 done. Trades in memory: 401 | WR: 87.3% | RL episodes: 401
2026-05-08 00:59:51,452 [INFO] Learned: EUR_USD WIN | WR: 87.3% | RL: 402
2026-05-08 00:59:59,742 [INFO] Learned: USD_JPY WIN | WR: 87.3% | RL: 403
2026-05-08 01:00:09,334 [INFO] Learned: USD_CAD WIN | WR: 87.4% | RL: 404
2026-05-08 01:14:11,167 [INFO] setting up API-client for environment practice
2026-05-08 01:14:11,185 [INFO] performing request https://api-fxpractice.oanda.com/v3/instruments/EUR_USD/candles
2026-05-08 01:14:13,962 [INFO] News: 20 articles fetched
2026-05-08 01:14:16,843 [INFO] Correlations: ['DXY', 'GOLD', 'OIL', 'SP500', 'VIX'] loaded
2026-05-08 01:14:16,843 [INFO] EUR_USD: 64.9% below 65.0% threshold. Skip.
2026-05-08 01:14:18,856 [INFO] setting up API-client for environment practice
2026-05-08 01:14:18,856 [INFO] performing request https://api-fxpractice.oanda.com/v3/instruments/GBP_USD/candles
2026-05-08 01:14:20,470 [INFO] GBP_USD: 56.7% below 65.0% threshold. Skip.
2026-05-08 01:14:22,472 [INFO] setting up API-client for environment practice
2026-05-08 01:14:22,472 [INFO] performing request https://api-fxpractice.oanda.com/v3/instruments/USD_JPY/candles
2026-05-08 01:14:25,010 [INFO] SIGNAL: USD_JPY BUY 97.3% | News: NEUTRAL | COT: NEUTRAL | Regime: RANGING
2026-05-08 01:14:27,033 [INFO] setting up API-client for environment practice
2026-05-08 01:14:27,035 [INFO] performing request https://api-fxpractice.oanda.com/v3/instruments/AUD_USD/candles
2026-05-08 01:14:28,042 [INFO] AUD_USD: 51.6% below 65.0% threshold. Skip.
2026-05-08 01:14:30,043 [INFO] setting up API-client for environment practice
2026-05-08 01:14:30,045 [INFO] performing request https://api-fxpractice.oanda.com/v3/instruments/USD_CAD/candles
2026-05-08 01:14:33,447 [INFO] SIGNAL: USD_CAD BUY 91.1% | News: NEUTRAL | COT: NEUTRAL | Regime: RANGING
2026-05-08 01:14:35,453 [INFO] Cycle #121 done. Trades in memory: 404 | WR: 87.4% | RL episodes: 404
2026-05-08 01:15:25,154 [INFO] Learned: USD_JPY WIN | WR: 87.4% | RL: 405
2026-05-08 01:15:33,752 [INFO] Learned: USD_CAD WIN | WR: 87.4% | RL: 406
2026-05-08 01:29:35,412 [INFO] setting up API-client for environment practice
2026-05-08 01:29:35,412 [INFO] performing request https://api-fxpractice.oanda.com/v3/instruments/EUR_USD/candles
2026-05-08 01:29:37,018 [INFO] EUR_USD: 63.3% below 65.0% threshold. Skip.
2026-05-08 01:29:39,019 [INFO] setting up API-client for environment practice
2026-05-08 01:29:39,019 [INFO] performing request https://api-fxpractice.oanda.com/v3/instruments/GBP_USD/candles
2026-05-08 01:29:40,642 [INFO] GBP_USD: 63.3% below 65.0% threshold. Skip.
2026-05-08 01:29:42,656 [INFO] setting up API-client for environment practice
2026-05-08 01:29:42,657 [INFO] performing request https://api-fxpractice.oanda.com/v3/instruments/USD_JPY/candles
2026-05-08 01:29:44,948 [INFO] SIGNAL: USD_JPY BUY 94.0% | News: NEUTRAL | COT: NEUTRAL | Regime: RANGING
2026-05-08 01:29:46,962 [INFO] setting up API-client for environment practice
2026-05-08 01:29:46,962 [INFO] performing request https://api-fxpractice.oanda.com/v3/instruments/AUD_USD/candles
2026-05-08 01:29:48,489 [INFO] AUD_USD: 59.8% below 65.0% threshold. Skip.
2026-05-08 01:29:50,495 [INFO] setting up API-client for environment practice
2026-05-08 01:29:50,495 [INFO] performing request https://api-fxpractice.oanda.com/v3/instruments/USD_CAD/candles
2026-05-08 01:29:53,822 [INFO] SIGNAL: USD_CAD BUY 87.7% | News: NEUTRAL | COT: NEUTRAL | Regime: RANGING
2026-05-08 01:29:55,871 [INFO] Cycle #122 done. Trades in memory: 406 | WR: 87.4% | RL episodes: 406
2026-05-08 01:30:45,270 [INFO] Learned: USD_JPY WIN | WR: 87.5% | RL: 407
2026-05-08 01:30:54,095 [INFO] Learned: USD_CAD WIN | WR: 87.5% | RL: 408
2026-05-08 01:44:55,841 [INFO] setting up API-client for environment practice
2026-05-08 01:44:55,845 [INFO] performing request https://api-fxpractice.oanda.com/v3/instruments/EUR_USD/candles
2026-05-08 01:44:57,887 [INFO] ForexFactory: 115 events loaded
2026-05-08 01:44:59,199 [INFO] News: 19 articles fetched
2026-05-08 01:45:02,379 [INFO] Correlations: ['DXY', 'GOLD', 'OIL', 'SP500', 'VIX'] loaded
2026-05-08 01:45:02,380 [INFO] EUR_USD: 56.7% below 65.0% threshold. Skip.
2026-05-08 01:45:04,381 [INFO] setting up API-client for environment practice
2026-05-08 01:45:04,381 [INFO] performing request https://api-fxpractice.oanda.com/v3/instruments/GBP_USD/candles
2026-05-08 01:45:05,375 [INFO] GBP_USD: 56.7% below 65.0% threshold. Skip.
2026-05-08 01:45:07,375 [INFO] setting up API-client for environment practice
2026-05-08 01:45:07,376 [INFO] performing request https://api-fxpractice.oanda.com/v3/instruments/USD_JPY/candles
2026-05-08 01:45:08,340 [INFO] USD_JPY: 58.7% below 65.0% threshold. Skip.
2026-05-08 01:45:10,341 [INFO] setting up API-client for environment practice
2026-05-08 01:45:10,341 [INFO] performing request https://api-fxpractice.oanda.com/v3/instruments/AUD_USD/candles
2026-05-08 01:45:12,606 [INFO] SIGNAL: AUD_USD SELL 85.0% | News: NEUTRAL | COT: NEUTRAL | Regime: RANGING
2026-05-08 01:45:14,608 [INFO] setting up API-client for environment practice
2026-05-08 01:45:14,608 [INFO] performing request https://api-fxpractice.oanda.com/v3/instruments/USD_CAD/candles
2026-05-08 01:45:16,573 [INFO] SIGNAL: USD_CAD BUY 96.7% | News: NEUTRAL | COT: NEUTRAL | Regime: RANGING
2026-05-08 01:45:18,574 [INFO] Cycle #123 done. Trades in memory: 408 | WR: 87.5% | RL episodes: 408
2026-05-08 01:46:12,841 [INFO] Learned: AUD_USD WIN | WR: 87.5% | RL: 409
2026-05-08 01:46:16,727 [INFO] Learned: USD_CAD WIN | WR: 87.6% | RL: 410
2026-05-08 02:00:18,553 [INFO] setting up API-client for environment practice
2026-05-08 02:00:18,561 [INFO] performing request https://api-fxpractice.oanda.com/v3/instruments/EUR_USD/candles
2026-05-08 02:00:20,627 [INFO] EUR_USD: 56.7% below 65.0% threshold. Skip.
2026-05-08 02:00:22,628 [INFO] setting up API-client for environment practice
2026-05-08 02:00:22,628 [INFO] performing request https://api-fxpractice.oanda.com/v3/instruments/GBP_USD/candles
2026-05-08 02:00:24,372 [INFO] GBP_USD: 51.6% below 65.0% threshold. Skip.
2026-05-08 02:00:26,375 [INFO] setting up API-client for environment practice
2026-05-08 02:00:26,375 [INFO] performing request https://api-fxpractice.oanda.com/v3/instruments/USD_JPY/candles
2026-05-08 02:00:27,990 [INFO] USD_JPY: 58.7% below 65.0% threshold. Skip.
2026-05-08 02:00:30,000 [INFO] setting up API-client for environment practice
2026-05-08 02:00:30,000 [INFO] performing request https://api-fxpractice.oanda.com/v3/instruments/AUD_USD/candles
2026-05-08 02:00:33,739 [INFO] SIGNAL: AUD_USD SELL 81.3% | News: NEUTRAL | COT: NEUTRAL | Regime: RANGING
2026-05-08 02:00:35,744 [INFO] setting up API-client for environment practice
2026-05-08 02:00:35,744 [INFO] performing request https://api-fxpractice.oanda.com/v3/instruments/USD_CAD/candles
2026-05-08 02:00:39,245 [INFO] SIGNAL: USD_CAD BUY 96.7% | News: NEUTRAL | COT: NEUTRAL | Regime: RANGING
2026-05-08 02:00:41,251 [INFO] Cycle #124 done. Trades in memory: 410 | WR: 87.6% | RL episodes: 410
2026-05-08 02:01:34,051 [INFO] Learned: AUD_USD WIN | WR: 87.6% | RL: 411
2026-05-08 02:01:39,606 [INFO] Learned: USD_CAD WIN | WR: 87.6% | RL: 412
2026-05-08 02:15:41,233 [INFO] setting up API-client for environment practice
2026-05-08 02:15:41,237 [INFO] performing request https://api-fxpractice.oanda.com/v3/instruments/EUR_USD/candles
2026-05-08 02:15:45,045 [INFO] News: 19 articles fetched
2026-05-08 02:15:48,044 [INFO] Correlations: ['DXY', 'GOLD', 'OIL', 'SP500', 'VIX'] loaded
2026-05-08 02:15:48,044 [INFO] EUR_USD: 63.7% below 65.0% threshold. Skip.
2026-05-08 02:15:50,057 [INFO] setting up API-client for environment practice
2026-05-08 02:15:50,057 [INFO] performing request https://api-fxpractice.oanda.com/v3/instruments/GBP_USD/candles
2026-05-08 02:15:52,763 [INFO] GBP_USD: 63.7% below 65.0% threshold. Skip.
2026-05-08 02:15:54,793 [INFO] setting up API-client for environment practice
2026-05-08 02:15:54,793 [INFO] performing request https://api-fxpractice.oanda.com/v3/instruments/USD_JPY/candles
2026-05-08 02:15:58,585 [INFO] SIGNAL: USD_JPY BUY 94.4% | News: NEUTRAL | COT: NEUTRAL | Regime: RANGING
2026-05-08 02:16:00,592 [INFO] setting up API-client for environment practice
2026-05-08 02:16:00,592 [INFO] performing request https://api-fxpractice.oanda.com/v3/instruments/AUD_USD/candles
2026-05-08 02:16:04,473 [INFO] SIGNAL: AUD_USD SELL 100.5% | News: NEUTRAL | COT: NEUTRAL | Regime: RANGING
2026-05-08 02:16:06,478 [INFO] setting up API-client for environment practice
2026-05-08 02:16:06,478 [INFO] performing request https://api-fxpractice.oanda.com/v3/instruments/USD_CAD/candles
2026-05-08 02:16:12,295 [INFO] SIGNAL: USD_CAD BUY 107.4% | News: NEUTRAL | COT: NEUTRAL | Regime: RANGING
2026-05-08 02:16:14,298 [INFO] Cycle #125 done. Trades in memory: 412 | WR: 87.6% | RL episodes: 412
2026-05-08 02:16:58,766 [INFO] Learned: USD_JPY WIN | WR: 87.7% | RL: 413
2026-05-08 02:17:04,681 [INFO] Learned: AUD_USD WIN | WR: 87.7% | RL: 414
2026-05-08 02:17:12,485 [INFO] Learned: USD_CAD WIN | WR: 87.7% | RL: 415
2026-05-08 02:31:14,286 [INFO] setting up API-client for environment practice
2026-05-08 02:31:14,288 [INFO] performing request https://api-fxpractice.oanda.com/v3/instruments/EUR_USD/candles
2026-05-08 02:31:15,487 [INFO] EUR_USD: 64.4% below 65.0% threshold. Skip.
2026-05-08 02:31:17,495 [INFO] setting up API-client for environment practice
2026-05-08 02:31:17,495 [INFO] performing request https://api-fxpractice.oanda.com/v3/instruments/GBP_USD/candles
2026-05-08 02:31:18,634 [INFO] GBP_USD: 64.4% below 65.0% threshold. Skip.
2026-05-08 02:31:20,642 [INFO] setting up API-client for environment practice
2026-05-08 02:31:20,643 [INFO] performing request https://api-fxpractice.oanda.com/v3/instruments/USD_JPY/candles
2026-05-08 02:31:23,265 [INFO] SIGNAL: USD_JPY BUY 95.1% | News: NEUTRAL | COT: NEUTRAL | Regime: RANGING
2026-05-08 02:31:25,280 [INFO] setting up API-client for environment practice
2026-05-08 02:31:25,280 [INFO] performing request https://api-fxpractice.oanda.com/v3/instruments/AUD_USD/candles
2026-05-08 02:31:27,572 [INFO] SIGNAL: AUD_USD SELL 100.9% | News: NEUTRAL | COT: NEUTRAL | Regime: RANGING
2026-05-08 02:31:29,587 [INFO] setting up API-client for environment practice
2026-05-08 02:31:29,587 [INFO] performing request https://api-fxpractice.oanda.com/v3/instruments/USD_CAD/candles
2026-05-08 02:31:31,691 [INFO] SIGNAL: USD_CAD BUY 107.6% | News: NEUTRAL | COT: NEUTRAL | Regime: RANGING
2026-05-08 02:31:33,706 [INFO] Cycle #126 done. Trades in memory: 415 | WR: 87.7% | RL episodes: 415
2026-05-08 02:32:23,492 [INFO] Learned: USD_JPY WIN | WR: 87.7% | RL: 416
2026-05-08 02:32:27,710 [INFO] Learned: AUD_USD WIN | WR: 87.8% | RL: 417
2026-05-08 02:32:31,953 [INFO] Learned: USD_CAD WIN | WR: 87.8% | RL: 418
2026-05-08 02:46:33,697 [INFO] setting up API-client for environment practice
2026-05-08 02:46:33,699 [INFO] performing request https://api-fxpractice.oanda.com/v3/instruments/EUR_USD/candles
2026-05-08 02:46:36,106 [INFO] ForexFactory: 115 events loaded
2026-05-08 02:46:37,504 [INFO] News: 19 articles fetched
2026-05-08 02:46:38,573 [INFO] Correlations: ['DXY', 'GOLD', 'OIL', 'SP500', 'VIX'] loaded
2026-05-08 02:46:38,573 [INFO] EUR_USD: 60.8% below 65.0% threshold. Skip.
2026-05-08 02:46:40,587 [INFO] setting up API-client for environment practice
2026-05-08 02:46:40,587 [INFO] performing request https://api-fxpractice.oanda.com/v3/instruments/GBP_USD/candles
2026-05-08 02:46:43,193 [INFO] SIGNAL: GBP_USD SELL 84.4% | News: NEUTRAL | COT: NEUTRAL | Regime: RANGING
2026-05-08 02:46:45,200 [INFO] setting up API-client for environment practice
2026-05-08 02:46:45,200 [INFO] performing request https://api-fxpractice.oanda.com/v3/instruments/USD_JPY/candles
2026-05-08 02:46:46,969 [INFO] SIGNAL: USD_JPY BUY 107.4% | News: NEUTRAL | COT: NEUTRAL | Regime: RANGING
2026-05-08 02:46:48,974 [INFO] setting up API-client for environment practice
2026-05-08 02:46:48,974 [INFO] performing request https://api-fxpractice.oanda.com/v3/instruments/AUD_USD/candles
2026-05-08 02:46:51,338 [INFO] SIGNAL: AUD_USD SELL 97.0% | News: NEUTRAL | COT: NEUTRAL | Regime: RANGING
2026-05-08 02:46:53,342 [INFO] setting up API-client for environment practice
2026-05-08 02:46:53,342 [INFO] performing request https://api-fxpractice.oanda.com/v3/instruments/USD_CAD/candles
2026-05-08 02:46:55,096 [INFO] SIGNAL: USD_CAD BUY 79.0% | News: BEARISH | COT: NEUTRAL | Regime: RANGING
2026-05-08 02:46:57,102 [INFO] Cycle #127 done. Trades in memory: 418 | WR: 87.8% | RL episodes: 418
2026-05-08 02:47:43,517 [INFO] Learned: GBP_USD WIN | WR: 87.8% | RL: 419
2026-05-08 02:47:47,066 [INFO] Learned: USD_JPY WIN | WR: 87.9% | RL: 420
2026-05-08 02:47:51,538 [INFO] Learned: AUD_USD WIN | WR: 87.9% | RL: 421
2026-05-08 02:47:55,169 [INFO] Learned: USD_CAD WIN | WR: 87.9% | RL: 422
2026-05-08 03:01:57,095 [INFO] setting up API-client for environment practice
2026-05-08 03:01:57,095 [INFO] performing request https://api-fxpractice.oanda.com/v3/instruments/EUR_USD/candles
2026-05-08 03:01:58,013 [INFO] EUR_USD: 60.8% below 65.0% threshold. Skip.
2026-05-08 03:02:00,016 [INFO] setting up API-client for environment practice
2026-05-08 03:02:00,016 [INFO] performing request https://api-fxpractice.oanda.com/v3/instruments/GBP_USD/candles
2026-05-08 03:02:02,279 [INFO] SIGNAL: GBP_USD SELL 84.4% | News: NEUTRAL | COT: NEUTRAL | Regime: RANGING
2026-05-08 03:02:04,296 [INFO] setting up API-client for environment practice
2026-05-08 03:02:04,296 [INFO] performing request https://api-fxpractice.oanda.com/v3/instruments/USD_JPY/candles
2026-05-08 03:02:06,644 [INFO] SIGNAL: USD_JPY BUY 107.4% | News: NEUTRAL | COT: NEUTRAL | Regime: RANGING
2026-05-08 03:02:08,648 [INFO] setting up API-client for environment practice
2026-05-08 03:02:08,648 [INFO] performing request https://api-fxpractice.oanda.com/v3/instruments/AUD_USD/candles
2026-05-08 03:02:10,691 [INFO] SIGNAL: AUD_USD SELL 86.2% | News: NEUTRAL | COT: NEUTRAL | Regime: RANGING
2026-05-08 03:02:12,696 [INFO] setting up API-client for environment practice
2026-05-08 03:02:12,696 [INFO] performing request https://api-fxpractice.oanda.com/v3/instruments/USD_CAD/candles
2026-05-08 03:02:14,868 [INFO] SIGNAL: USD_CAD BUY 80.7% | News: BEARISH | COT: NEUTRAL | Regime: RANGING
2026-05-08 03:02:16,871 [INFO] Cycle #128 done. Trades in memory: 422 | WR: 87.9% | RL episodes: 422
2026-05-08 03:03:02,520 [INFO] Learned: GBP_USD WIN | WR: 87.9% | RL: 423
2026-05-08 03:03:06,797 [INFO] Learned: USD_JPY WIN | WR: 88.0% | RL: 424
2026-05-08 03:03:10,934 [INFO] Learned: AUD_USD WIN | WR: 88.0% | RL: 425
2026-05-08 03:03:15,106 [INFO] Learned: USD_CAD WIN | WR: 88.0% | RL: 426
2026-05-08 03:17:16,866 [INFO] setting up API-client for environment practice
2026-05-08 03:17:16,866 [INFO] performing request https://api-fxpractice.oanda.com/v3/instruments/EUR_USD/candles
2026-05-08 03:17:18,939 [INFO] News: 20 articles fetched
2026-05-08 03:17:19,062 [ERROR] Pair EUR_USD error: can only concatenate str (not "NoneType") to str
2026-05-08 03:17:19,062 [INFO] setting up API-client for environment practice
2026-05-08 03:17:19,063 [INFO] performing request https://api-fxpractice.oanda.com/v3/instruments/GBP_USD/candles
2026-05-08 03:17:20,073 [ERROR] Pair GBP_USD error: can only concatenate str (not "NoneType") to str
2026-05-08 03:17:20,073 [INFO] setting up API-client for environment practice
2026-05-08 03:17:20,073 [INFO] performing request https://api-fxpractice.oanda.com/v3/instruments/USD_JPY/candles
2026-05-08 03:17:21,057 [ERROR] Pair USD_JPY error: can only concatenate str (not "NoneType") to str
2026-05-08 03:17:21,058 [INFO] setting up API-client for environment practice
2026-05-08 03:17:21,059 [INFO] performing request https://api-fxpractice.oanda.com/v3/instruments/AUD_USD/candles
2026-05-08 03:17:22,159 [ERROR] Pair AUD_USD error: can only concatenate str (not "NoneType") to str
2026-05-08 03:17:22,161 [INFO] setting up API-client for environment practice
2026-05-08 03:17:22,162 [INFO] performing request https://api-fxpractice.oanda.com/v3/instruments/USD_CAD/candles
2026-05-08 03:17:23,311 [ERROR] Pair USD_CAD error: can only concatenate str (not "NoneType") to str
2026-05-08 03:17:23,311 [INFO] Cycle #129 done. Trades in memory: 426 | WR: 88.0% | RL episodes: 426
2026-05-08 03:32:23,321 [INFO] setting up API-client for environment practice
2026-05-08 03:32:23,321 [INFO] performing request https://api-fxpractice.oanda.com/v3/instruments/EUR_USD/candles
2026-05-08 03:32:24,206 [ERROR] Pair EUR_USD error: can only concatenate str (not "NoneType") to str
2026-05-08 03:32:24,206 [INFO] setting up API-client for environment practice
2026-05-08 03:32:24,206 [INFO] performing request https://api-fxpractice.oanda.com/v3/instruments/GBP_USD/candles
2026-05-08 03:32:25,112 [ERROR] Pair GBP_USD error: can only concatenate str (not "NoneType") to str
2026-05-08 03:32:25,112 [INFO] setting up API-client for environment practice
2026-05-08 03:32:25,112 [INFO] performing request https://api-fxpractice.oanda.com/v3/instruments/USD_JPY/candles
2026-05-08 03:32:26,236 [ERROR] Pair USD_JPY error: can only concatenate str (not "NoneType") to str
2026-05-08 03:32:26,236 [INFO] setting up API-client for environment practice
2026-05-08 03:32:26,236 [INFO] performing request https://api-fxpractice.oanda.com/v3/instruments/AUD_USD/candles
2026-05-08 03:32:27,045 [ERROR] Pair AUD_USD error: can only concatenate str (not "NoneType") to str
2026-05-08 03:32:27,045 [INFO] setting up API-client for environment practice
2026-05-08 03:32:27,045 [INFO] performing request https://api-fxpractice.oanda.com/v3/instruments/USD_CAD/candles
2026-05-08 03:32:27,988 [ERROR] Pair USD_CAD error: can only concatenate str (not "NoneType") to str
2026-05-08 03:32:27,988 [INFO] Cycle #130 done. Trades in memory: 426 | WR: 88.0% | RL episodes: 426
2026-05-08 03:47:28,001 [INFO] setting up API-client for environment practice
2026-05-08 03:47:28,001 [INFO] performing request https://api-fxpractice.oanda.com/v3/instruments/EUR_USD/candles
2026-05-08 03:47:30,389 [INFO] ForexFactory: 115 events loaded
2026-05-08 03:47:31,774 [INFO] News: 20 articles fetched
2026-05-08 03:47:33,005 [INFO] Correlations: ['DXY', 'GOLD', 'OIL', 'SP500', 'VIX'] loaded
2026-05-08 03:47:34,381 [INFO] SIGNAL: EUR_USD SELL 84.4% | News: NEUTRAL | COT: NEUTRAL | Regime: RANGING
2026-05-08 03:47:36,394 [INFO] setting up API-client for environment practice
2026-05-08 03:47:36,394 [INFO] performing request https://api-fxpractice.oanda.com/v3/instruments/GBP_USD/candles
2026-05-08 03:47:39,504 [INFO] SIGNAL: GBP_USD SELL 73.7% | News: NEUTRAL | COT: NEUTRAL | Regime: RANGING
2026-05-08 03:47:41,520 [INFO] setting up API-client for environment practice
2026-05-08 03:47:41,520 [INFO] performing request https://api-fxpractice.oanda.com/v3/instruments/USD_JPY/candles
2026-05-08 03:47:43,795 [INFO] SIGNAL: USD_JPY BUY 94.2% | News: NEUTRAL | COT: NEUTRAL | Regime: RANGING
2026-05-08 03:47:45,800 [INFO] setting up API-client for environment practice
2026-05-08 03:47:45,800 [INFO] performing request https://api-fxpractice.oanda.com/v3/instruments/AUD_USD/candles
2026-05-08 03:47:47,791 [INFO] SIGNAL: AUD_USD SELL 94.2% | News: NEUTRAL | COT: NEUTRAL | Regime: RANGING
2026-05-08 03:47:49,793 [INFO] setting up API-client for environment practice
2026-05-08 03:47:49,793 [INFO] performing request https://api-fxpractice.oanda.com/v3/instruments/USD_CAD/candles
2026-05-08 03:47:51,811 [INFO] SIGNAL: USD_CAD BUY 100.9% | News: NEUTRAL | COT: NEUTRAL | Regime: RANGING
2026-05-08 03:47:53,815 [INFO] Cycle #131 done. Trades in memory: 426 | WR: 88.0% | RL episodes: 426
2026-05-08 03:48:34,596 [INFO] Learned: EUR_USD LOSS | WR: 87.8% | RL: 427
2026-05-08 03:48:39,640 [INFO] Learned: GBP_USD LOSS | WR: 87.6% | RL: 428
2026-05-08 03:48:43,938 [INFO] Learned: USD_JPY WIN | WR: 87.6% | RL: 429
2026-05-08 03:48:47,880 [INFO] Learned: AUD_USD WIN | WR: 87.7% | RL: 430
2026-05-08 03:48:51,961 [INFO] Learned: USD_CAD WIN | WR: 87.7% | RL: 431
2026-05-08 04:02:53,815 [INFO] setting up API-client for environment practice
2026-05-08 04:02:53,817 [INFO] performing request https://api-fxpractice.oanda.com/v3/instruments/EUR_USD/candles
2026-05-08 04:02:55,867 [INFO] SIGNAL: EUR_USD SELL 84.4% | News: NEUTRAL | COT: NEUTRAL | Regime: RANGING
2026-05-08 04:02:57,869 [INFO] setting up API-client for environment practice
2026-05-08 04:02:57,869 [INFO] performing request https://api-fxpractice.oanda.com/v3/instruments/GBP_USD/candles
2026-05-08 04:03:00,780 [INFO] SIGNAL: GBP_USD SELL 73.7% | News: NEUTRAL | COT: NEUTRAL | Regime: RANGING
2026-05-08 04:03:02,783 [INFO] setting up API-client for environment practice
2026-05-08 04:03:02,783 [INFO] performing request https://api-fxpractice.oanda.com/v3/instruments/USD_JPY/candles
2026-05-08 04:03:04,740 [INFO] SIGNAL: USD_JPY BUY 94.2% | News: NEUTRAL | COT: NEUTRAL | Regime: RANGING
2026-05-08 04:03:06,748 [INFO] setting up API-client for environment practice
2026-05-08 04:03:06,748 [INFO] performing request https://api-fxpractice.oanda.com/v3/instruments/AUD_USD/candles
2026-05-08 04:03:08,834 [INFO] SIGNAL: AUD_USD SELL 94.2% | News: NEUTRAL | COT: NEUTRAL | Regime: RANGING
2026-05-08 04:03:10,838 [INFO] setting up API-client for environment practice
2026-05-08 04:03:10,838 [INFO] performing request https://api-fxpractice.oanda.com/v3/instruments/USD_CAD/candles
2026-05-08 04:03:12,955 [INFO] SIGNAL: USD_CAD BUY 109.1% | News: NEUTRAL | COT: NEUTRAL | Regime: RANGING
2026-05-08 04:03:14,959 [INFO] Cycle #132 done. Trades in memory: 431 | WR: 87.7% | RL episodes: 431
2026-05-08 04:03:56,095 [INFO] Learned: EUR_USD WIN | WR: 87.7% | RL: 432
2026-05-08 04:04:00,904 [INFO] Learned: GBP_USD WIN | WR: 87.8% | RL: 433
2026-05-08 04:04:04,802 [INFO] Learned: USD_JPY WIN | WR: 87.8% | RL: 434
2026-05-08 04:04:08,936 [INFO] Learned: AUD_USD WIN | WR: 87.8% | RL: 435
2026-05-08 04:04:13,228 [INFO] Learned: USD_CAD WIN | WR: 87.8% | RL: 436
2026-05-08 04:18:14,958 [INFO] setting up API-client for environment practice
2026-05-08 04:18:14,958 [INFO] performing request https://api-fxpractice.oanda.com/v3/instruments/EUR_USD/candles
2026-05-08 04:18:17,177 [INFO] News: 20 articles fetched
2026-05-08 04:18:17,998 [INFO] Correlations: ['DXY', 'GOLD', 'OIL', 'SP500', 'VIX'] loaded
2026-05-08 04:18:19,208 [INFO] SIGNAL: EUR_USD SELL 84.4% | News: NEUTRAL | COT: NEUTRAL | Regime: RANGING
2026-05-08 04:18:21,211 [INFO] setting up API-client for environment practice
2026-05-08 04:18:21,211 [INFO] performing request https://api-fxpractice.oanda.com/v3/instruments/GBP_USD/candles
2026-05-08 04:18:23,383 [INFO] SIGNAL: GBP_USD SELL 73.7% | News: NEUTRAL | COT: NEUTRAL | Regime: RANGING
2026-05-08 04:18:25,395 [INFO] setting up API-client for environment practice
2026-05-08 04:18:25,395 [INFO] performing request https://api-fxpractice.oanda.com/v3/instruments/USD_JPY/candles
2026-05-08 04:18:27,278 [INFO] SIGNAL: USD_JPY BUY 94.2% | News: NEUTRAL | COT: NEUTRAL | Regime: RANGING
2026-05-08 04:18:29,281 [INFO] setting up API-client for environment practice
2026-05-08 04:18:29,281 [INFO] performing request https://api-fxpractice.oanda.com/v3/instruments/AUD_USD/candles
2026-05-08 04:18:31,259 [INFO] SIGNAL: AUD_USD SELL 94.2% | News: NEUTRAL | COT: NEUTRAL | Regime: RANGING
2026-05-08 04:18:33,262 [INFO] setting up API-client for environment practice
2026-05-08 04:18:33,262 [INFO] performing request https://api-fxpractice.oanda.com/v3/instruments/USD_CAD/candles
2026-05-08 04:18:36,445 [INFO] SIGNAL: USD_CAD BUY 100.9% | News: NEUTRAL | COT: NEUTRAL | Regime: RANGING
2026-05-08 04:18:38,459 [INFO] Cycle #133 done. Trades in memory: 436 | WR: 87.8% | RL episodes: 436
2026-05-08 04:19:19,327 [INFO] Learned: EUR_USD WIN | WR: 87.9% | RL: 437
2026-05-08 04:19:23,641 [INFO] Learned: GBP_USD WIN | WR: 87.9% | RL: 438
2026-05-08 04:19:27,516 [INFO] Learned: USD_JPY WIN | WR: 87.9% | RL: 439
2026-05-08 04:19:31,537 [INFO] Learned: AUD_USD WIN | WR: 88.0% | RL: 440
2026-05-08 04:19:36,629 [INFO] Learned: USD_CAD WIN | WR: 88.0% | RL: 441
2026-05-08 04:33:38,459 [INFO] setting up API-client for environment practice
2026-05-08 04:33:38,459 [INFO] performing request https://api-fxpractice.oanda.com/v3/instruments/EUR_USD/candles
2026-05-08 04:33:40,623 [INFO] SIGNAL: EUR_USD SELL 84.0% | News: NEUTRAL | COT: NEUTRAL | Regime: RANGING
2026-05-08 04:33:42,627 [INFO] setting up API-client for environment practice
2026-05-08 04:33:42,627 [INFO] performing request https://api-fxpractice.oanda.com/v3/instruments/GBP_USD/candles
2026-05-08 04:33:44,913 [INFO] SIGNAL: GBP_USD SELL 84.0% | News: NEUTRAL | COT: NEUTRAL | Regime: RANGING
2026-05-08 04:33:46,915 [INFO] setting up API-client for environment practice
2026-05-08 04:33:46,916 [INFO] performing request https://api-fxpractice.oanda.com/v3/instruments/USD_JPY/candles
2026-05-08 04:33:49,143 [INFO] SIGNAL: USD_JPY BUY 107.4% | News: NEUTRAL | COT: NEUTRAL | Regime: RANGING
2026-05-08 04:33:51,146 [INFO] setting up API-client for environment practice
2026-05-08 04:33:51,148 [INFO] performing request https://api-fxpractice.oanda.com/v3/instruments/AUD_USD/candles
2026-05-08 04:33:53,229 [INFO] SIGNAL: AUD_USD SELL 107.4% | News: NEUTRAL | COT: NEUTRAL | Regime: RANGING
2026-05-08 04:33:55,232 [INFO] setting up API-client for environment practice
2026-05-08 04:33:55,232 [INFO] performing request https://api-fxpractice.oanda.com/v3/instruments/USD_CAD/candles
2026-05-08 04:33:57,453 [INFO] SIGNAL: USD_CAD BUY 109.1% | News: NEUTRAL | COT: NEUTRAL | Regime: RANGING
2026-05-08 04:33:59,460 [INFO] Cycle #134 done. Trades in memory: 441 | WR: 88.0% | RL episodes: 441
2026-05-08 04:34:40,760 [INFO] Learned: EUR_USD WIN | WR: 88.0% | RL: 442
2026-05-08 04:34:45,105 [INFO] Learned: GBP_USD WIN | WR: 88.0% | RL: 443
2026-05-08 04:34:49,370 [INFO] Learned: USD_JPY WIN | WR: 88.1% | RL: 444
2026-05-08 04:34:53,455 [INFO] Learned: AUD_USD WIN | WR: 88.1% | RL: 445
2026-05-08 04:34:57,630 [INFO] Learned: USD_CAD WIN | WR: 88.1% | RL: 446
2026-05-08 04:48:59,461 [INFO] setting up API-client for environment practice
2026-05-08 04:48:59,461 [INFO] performing request https://api-fxpractice.oanda.com/v3/instruments/EUR_USD/candles
2026-05-08 04:49:01,060 [INFO] ForexFactory: 115 events loaded
2026-05-08 04:49:02,082 [INFO] News: 19 articles fetched
2026-05-08 04:49:02,899 [INFO] Correlations: ['DXY', 'GOLD', 'OIL', 'SP500', 'VIX'] loaded
2026-05-08 04:49:03,928 [INFO] SIGNAL: EUR_USD SELL 84.0% | News: NEUTRAL | COT: NEUTRAL | Regime: RANGING
2026-05-08 04:49:05,938 [INFO] setting up API-client for environment practice
2026-05-08 04:49:05,938 [INFO] performing request https://api-fxpractice.oanda.com/v3/instruments/GBP_USD/candles
2026-05-08 04:49:07,648 [INFO] SIGNAL: GBP_USD SELL 84.0% | News: NEUTRAL | COT: NEUTRAL | Regime: RANGING
2026-05-08 04:49:09,650 [INFO] setting up API-client for environment practice
2026-05-08 04:49:09,650 [INFO] performing request https://api-fxpractice.oanda.com/v3/instruments/USD_JPY/candles
2026-05-08 04:49:11,578 [INFO] SIGNAL: USD_JPY BUY 107.4% | News: NEUTRAL | COT: NEUTRAL | Regime: RANGING
2026-05-08 04:49:13,580 [INFO] setting up API-client for environment practice
2026-05-08 04:49:13,580 [INFO] performing request https://api-fxpractice.oanda.com/v3/instruments/AUD_USD/candles
2026-05-08 04:49:15,528 [INFO] SIGNAL: AUD_USD SELL 107.4% | News: NEUTRAL | COT: NEUTRAL | Regime: RANGING
2026-05-08 04:49:17,531 [INFO] setting up API-client for environment practice
2026-05-08 04:49:17,531 [INFO] performing request https://api-fxpractice.oanda.com/v3/instruments/USD_CAD/candles
2026-05-08 04:49:19,806 [INFO] SIGNAL: USD_CAD BUY 109.1% | News: NEUTRAL | COT: NEUTRAL | Regime: RANGING
2026-05-08 04:49:21,814 [INFO] Cycle #135 done. Trades in memory: 446 | WR: 88.1% | RL episodes: 446
2026-05-08 04:50:04,135 [INFO] Learned: EUR_USD LOSS | WR: 87.9% | RL: 447
2026-05-08 04:50:07,883 [INFO] Learned: GBP_USD WIN | WR: 87.9% | RL: 448
2026-05-08 04:50:11,738 [INFO] Learned: USD_JPY WIN | WR: 88.0% | RL: 449
2026-05-08 04:50:15,685 [INFO] Learned: AUD_USD WIN | WR: 88.0% | RL: 450
2026-05-08 04:50:19,882 [INFO] Learned: USD_CAD WIN | WR: 88.0% | RL: 451
2026-05-08 08:04:47,239 [INFO] setting up API-client for environment practice
2026-05-08 08:04:47,454 [INFO] performing request https://api-fxpractice.oanda.com/v3/instruments/EUR_USD/candles
2026-05-08 08:04:50,057 [INFO] ForexFactory: 115 events loaded
2026-05-08 08:04:51,364 [INFO] News: 20 articles fetched
2026-05-08 08:04:52,901 [INFO] Correlations: ['DXY', 'GOLD', 'OIL', 'SP500', 'VIX'] loaded
2026-05-08 08:04:53,841 [INFO] SIGNAL: EUR_USD SELL 80.8% | News: NEUTRAL | COT: NEUTRAL | Regime: RANGING
2026-05-08 08:04:55,847 [INFO] setting up API-client for environment practice
2026-05-08 08:04:55,847 [INFO] performing request https://api-fxpractice.oanda.com/v3/instruments/GBP_USD/candles
2026-05-08 08:04:58,191 [INFO] SIGNAL: GBP_USD SELL 83.7% | News: NEUTRAL | COT: NEUTRAL | Regime: RANGING
2026-05-08 08:05:00,195 [INFO] setting up API-client for environment practice
2026-05-08 08:05:00,195 [INFO] performing request https://api-fxpractice.oanda.com/v3/instruments/USD_JPY/candles
2026-05-08 08:05:02,463 [INFO] SIGNAL: USD_JPY BUY 83.7% | News: NEUTRAL | COT: NEUTRAL | Regime: RANGING
2026-05-08 08:05:04,471 [INFO] setting up API-client for environment practice
2026-05-08 08:05:04,471 [INFO] performing request https://api-fxpractice.oanda.com/v3/instruments/AUD_USD/candles
2026-05-08 08:05:07,275 [INFO] SIGNAL: AUD_USD SELL 79.1% | News: NEUTRAL | COT: NEUTRAL | Regime: RANGING
2026-05-08 08:05:09,284 [INFO] setting up API-client for environment practice
2026-05-08 08:05:09,284 [INFO] performing request https://api-fxpractice.oanda.com/v3/instruments/USD_CAD/candles
2026-05-08 08:05:12,759 [INFO] SIGNAL: USD_CAD BUY 90.0% | News: NEUTRAL | COT: NEUTRAL | Regime: RANGING
2026-05-08 08:05:14,760 [INFO] Cycle #136 done. Trades in memory: 451 | WR: 88.0% | RL episodes: 451
2026-05-08 08:05:54,047 [INFO] Learned: EUR_USD WIN | WR: 88.1% | RL: 452
2026-05-08 08:05:58,417 [INFO] Learned: GBP_USD WIN | WR: 88.1% | RL: 453
2026-05-08 08:06:02,556 [INFO] Learned: USD_JPY WIN | WR: 88.1% | RL: 454
2026-05-08 08:06:07,358 [INFO] Learned: AUD_USD WIN | WR: 88.1% | RL: 455
2026-05-08 08:06:12,865 [INFO] Learned: USD_CAD WIN | WR: 88.2% | RL: 456
2026-05-08 08:20:14,770 [INFO] setting up API-client for environment practice
2026-05-08 08:20:14,819 [INFO] performing request https://api-fxpractice.oanda.com/v3/instruments/EUR_USD/candles
2026-05-08 08:20:17,401 [INFO] SIGNAL: EUR_USD SELL 80.8% | News: NEUTRAL | COT: NEUTRAL | Regime: RANGING
2026-05-08 08:20:19,403 [INFO] setting up API-client for environment practice
2026-05-08 08:20:19,403 [INFO] performing request https://api-fxpractice.oanda.com/v3/instruments/GBP_USD/candles
2026-05-08 08:20:21,368 [INFO] SIGNAL: GBP_USD SELL 83.7% | News: NEUTRAL | COT: NEUTRAL | Regime: RANGING
2026-05-08 08:20:23,370 [INFO] setting up API-client for environment practice
2026-05-08 08:20:23,370 [INFO] performing request https://api-fxpractice.oanda.com/v3/instruments/USD_JPY/candles
2026-05-08 08:20:25,421 [INFO] SIGNAL: USD_JPY BUY 83.7% | News: NEUTRAL | COT: NEUTRAL | Regime: RANGING
2026-05-08 08:20:27,422 [INFO] setting up API-client for environment practice
2026-05-08 08:20:27,422 [INFO] performing request https://api-fxpractice.oanda.com/v3/instruments/AUD_USD/candles
2026-05-08 08:20:29,441 [INFO] SIGNAL: AUD_USD SELL 83.7% | News: NEUTRAL | COT: NEUTRAL | Regime: RANGING
2026-05-08 08:20:31,442 [INFO] setting up API-client for environment practice
2026-05-08 08:20:31,442 [INFO] performing request https://api-fxpractice.oanda.com/v3/instruments/USD_CAD/candles
2026-05-08 08:20:33,084 [INFO] SIGNAL: USD_CAD BUY 90.0% | News: NEUTRAL | COT: NEUTRAL | Regime: RANGING
2026-05-08 08:20:35,117 [INFO] Cycle #137 done. Trades in memory: 456 | WR: 88.2% | RL episodes: 456
2026-05-08 08:21:17,601 [INFO] Learned: EUR_USD WIN | WR: 88.2% | RL: 457
2026-05-08 08:21:21,452 [INFO] Learned: GBP_USD WIN | WR: 88.2% | RL: 458
2026-05-08 08:21:25,627 [INFO] Learned: USD_JPY WIN | WR: 88.2% | RL: 459
2026-05-08 08:21:29,612 [INFO] Learned: AUD_USD WIN | WR: 88.3% | RL: 460
2026-05-08 08:21:33,210 [INFO] Learned: USD_CAD WIN | WR: 88.3% | RL: 461
2026-05-08 08:35:35,117 [INFO] setting up API-client for environment practice
2026-05-08 08:35:35,119 [INFO] performing request https://api-fxpractice.oanda.com/v3/instruments/EUR_USD/candles
2026-05-08 08:35:36,871 [INFO] News: 20 articles fetched
2026-05-08 08:35:38,374 [INFO] Correlations: ['DXY', 'GOLD', 'OIL', 'SP500', 'VIX'] loaded
2026-05-08 08:35:39,489 [INFO] SIGNAL: EUR_USD SELL 83.7% | News: NEUTRAL | COT: NEUTRAL | Regime: RANGING
2026-05-08 08:35:41,492 [INFO] setting up API-client for environment practice
2026-05-08 08:35:41,492 [INFO] performing request https://api-fxpractice.oanda.com/v3/instruments/GBP_USD/candles
2026-05-08 08:35:43,257 [INFO] SIGNAL: GBP_USD SELL 83.7% | News: NEUTRAL | COT: NEUTRAL | Regime: RANGING
2026-05-08 08:35:45,258 [INFO] setting up API-client for environment practice
2026-05-08 08:35:45,259 [INFO] performing request https://api-fxpractice.oanda.com/v3/instruments/USD_JPY/candles
2026-05-08 08:35:48,908 [INFO] SIGNAL: USD_JPY BUY 83.7% | News: NEUTRAL | COT: NEUTRAL | Regime: RANGING
2026-05-08 08:35:50,910 [INFO] setting up API-client for environment practice
2026-05-08 08:35:50,910 [INFO] performing request https://api-fxpractice.oanda.com/v3/instruments/AUD_USD/candles
2026-05-08 08:35:52,727 [INFO] SIGNAL: AUD_USD SELL 83.7% | News: NEUTRAL | COT: NEUTRAL | Regime: RANGING
2026-05-08 08:35:54,729 [INFO] setting up API-client for environment practice
2026-05-08 08:35:54,729 [INFO] performing request https://api-fxpractice.oanda.com/v3/instruments/USD_CAD/candles
2026-05-08 08:35:56,534 [INFO] SIGNAL: USD_CAD BUY 90.0% | News: NEUTRAL | COT: NEUTRAL | Regime: RANGING
2026-05-08 08:35:58,535 [INFO] Cycle #138 done. Trades in memory: 461 | WR: 88.3% | RL episodes: 461
2026-05-08 08:36:39,650 [INFO] Learned: EUR_USD WIN | WR: 88.3% | RL: 462
2026-05-08 08:36:43,342 [INFO] Learned: GBP_USD WIN | WR: 88.3% | RL: 463
2026-05-08 08:36:49,035 [INFO] Learned: USD_JPY WIN | WR: 88.4% | RL: 464
2026-05-08 08:36:52,918 [INFO] Learned: AUD_USD WIN | WR: 88.4% | RL: 465
2026-05-08 08:36:56,687 [INFO] Learned: USD_CAD WIN | WR: 88.4% | RL: 466
2026-05-08 08:50:58,539 [INFO] setting up API-client for environment practice
2026-05-08 08:50:58,548 [INFO] performing request https://api-fxpractice.oanda.com/v3/instruments/EUR_USD/candles
2026-05-08 08:51:00,401 [INFO] SIGNAL: EUR_USD SELL 79.1% | News: NEUTRAL | COT: NEUTRAL | Regime: RANGING
2026-05-08 08:51:02,402 [INFO] setting up API-client for environment practice
2026-05-08 08:51:02,402 [INFO] performing request https://api-fxpractice.oanda.com/v3/instruments/GBP_USD/candles
2026-05-08 08:51:04,185 [INFO] SIGNAL: GBP_USD SELL 83.7% | News: NEUTRAL | COT: NEUTRAL | Regime: RANGING
2026-05-08 08:51:06,187 [INFO] setting up API-client for environment practice
2026-05-08 08:51:06,187 [INFO] performing request https://api-fxpractice.oanda.com/v3/instruments/USD_JPY/candles
2026-05-08 08:51:08,075 [INFO] SIGNAL: USD_JPY BUY 83.7% | News: NEUTRAL | COT: NEUTRAL | Regime: RANGING
2026-05-08 08:51:10,077 [INFO] setting up API-client for environment practice
2026-05-08 08:51:10,077 [INFO] performing request https://api-fxpractice.oanda.com/v3/instruments/AUD_USD/candles
2026-05-08 08:51:12,161 [INFO] SIGNAL: AUD_USD SELL 83.7% | News: NEUTRAL | COT: NEUTRAL | Regime: RANGING
2026-05-08 08:51:14,162 [INFO] setting up API-client for environment practice
2026-05-08 08:51:14,162 [INFO] performing request https://api-fxpractice.oanda.com/v3/instruments/USD_CAD/candles
2026-05-08 08:51:15,988 [INFO] SIGNAL: USD_CAD BUY 115.0% | News: NEUTRAL | COT: NEUTRAL | Regime: RANGING
2026-05-08 08:51:17,990 [INFO] Cycle #139 done. Trades in memory: 466 | WR: 88.4% | RL episodes: 466
2026-05-08 08:52:00,485 [INFO] Learned: EUR_USD WIN | WR: 88.4% | RL: 467
2026-05-08 08:52:04,258 [INFO] Learned: GBP_USD WIN | WR: 88.5% | RL: 468
2026-05-08 08:52:08,166 [INFO] Learned: USD_JPY LOSS | WR: 88.3% | RL: 469
2026-05-08 08:52:12,366 [INFO] Learned: AUD_USD WIN | WR: 88.3% | RL: 470
2026-05-08 08:52:16,102 [INFO] Learned: USD_CAD WIN | WR: 88.3% | RL: 471
2026-05-08 09:06:18,112 [INFO] setting up API-client for environment practice
2026-05-08 09:06:18,125 [INFO] performing request https://api-fxpractice.oanda.com/v3/instruments/EUR_USD/candles
2026-05-08 09:06:20,015 [INFO] ForexFactory: 115 events loaded
2026-05-08 09:06:20,943 [INFO] News: 20 articles fetched
2026-05-08 09:06:23,178 [INFO] Correlations: ['DXY', 'GOLD', 'OIL', 'SP500', 'VIX'] loaded
2026-05-08 09:06:24,092 [INFO] SIGNAL: EUR_USD SELL 83.7% | News: NEUTRAL | COT: NEUTRAL | Regime: RANGING
2026-05-08 09:06:26,094 [INFO] setting up API-client for environment practice
2026-05-08 09:06:26,113 [INFO] performing request https://api-fxpractice.oanda.com/v3/instruments/GBP_USD/candles
2026-05-08 09:06:28,282 [INFO] SIGNAL: GBP_USD SELL 83.7% | News: NEUTRAL | COT: NEUTRAL | Regime: RANGING
2026-05-08 09:06:30,283 [INFO] setting up API-client for environment practice
2026-05-08 09:06:30,283 [INFO] performing request https://api-fxpractice.oanda.com/v3/instruments/USD_JPY/candles
2026-05-08 09:06:32,316 [INFO] SIGNAL: USD_JPY BUY 90.0% | News: NEUTRAL | COT: NEUTRAL | Regime: RANGING
2026-05-08 09:06:34,319 [INFO] setting up API-client for environment practice
2026-05-08 09:06:34,321 [INFO] performing request https://api-fxpractice.oanda.com/v3/instruments/AUD_USD/candles
2026-05-08 09:06:36,514 [INFO] SIGNAL: AUD_USD SELL 90.0% | News: NEUTRAL | COT: NEUTRAL | Regime: RANGING
2026-05-08 09:06:38,517 [INFO] setting up API-client for environment practice
2026-05-08 09:06:38,518 [INFO] performing request https://api-fxpractice.oanda.com/v3/instruments/USD_CAD/candles
2026-05-08 09:06:40,549 [INFO] SIGNAL: USD_CAD BUY 115.0% | News: NEUTRAL | COT: NEUTRAL | Regime: RANGING
2026-05-08 09:06:42,553 [INFO] Cycle #140 done. Trades in memory: 471 | WR: 88.3% | RL episodes: 471
2026-05-08 09:07:24,270 [INFO] Learned: EUR_USD WIN | WR: 88.3% | RL: 472
2026-05-08 09:07:28,464 [INFO] Learned: GBP_USD WIN | WR: 88.4% | RL: 473
2026-05-08 09:07:32,530 [INFO] Learned: USD_JPY WIN | WR: 88.4% | RL: 474
2026-05-08 09:07:36,680 [INFO] Learned: AUD_USD WIN | WR: 88.4% | RL: 475
2026-05-08 09:07:40,716 [INFO] Learned: USD_CAD WIN | WR: 88.4% | RL: 476
2026-05-08 09:21:42,750 [INFO] setting up API-client for environment practice
2026-05-08 09:21:42,750 [INFO] performing request https://api-fxpractice.oanda.com/v3/instruments/EUR_USD/candles
2026-05-08 09:21:44,662 [INFO] SIGNAL: EUR_USD SELL 83.7% | News: NEUTRAL | COT: NEUTRAL | Regime: RANGING
2026-05-08 09:21:46,663 [INFO] setting up API-client for environment practice
2026-05-08 09:21:46,663 [INFO] performing request https://api-fxpractice.oanda.com/v3/instruments/GBP_USD/candles
2026-05-08 09:21:48,529 [INFO] SIGNAL: GBP_USD SELL 83.7% | News: NEUTRAL | COT: NEUTRAL | Regime: RANGING
2026-05-08 09:21:50,530 [INFO] setting up API-client for environment practice
2026-05-08 09:21:50,530 [INFO] performing request https://api-fxpractice.oanda.com/v3/instruments/USD_JPY/candles
2026-05-08 09:21:52,490 [INFO] SIGNAL: USD_JPY BUY 90.0% | News: NEUTRAL | COT: NEUTRAL | Regime: RANGING
2026-05-08 09:21:54,491 [INFO] setting up API-client for environment practice
2026-05-08 09:21:54,491 [INFO] performing request https://api-fxpractice.oanda.com/v3/instruments/AUD_USD/candles
2026-05-08 09:21:56,586 [INFO] SIGNAL: AUD_USD SELL 85.4% | News: NEUTRAL | COT: NEUTRAL | Regime: RANGING
2026-05-08 09:21:58,588 [INFO] setting up API-client for environment practice
2026-05-08 09:21:58,588 [INFO] performing request https://api-fxpractice.oanda.com/v3/instruments/USD_CAD/candles
2026-05-08 09:22:00,508 [INFO] SIGNAL: USD_CAD BUY 115.0% | News: NEUTRAL | COT: NEUTRAL | Regime: RANGING
2026-05-08 09:22:02,511 [INFO] Cycle #141 done. Trades in memory: 476 | WR: 88.4% | RL episodes: 476
2026-05-08 09:22:44,822 [INFO] Learned: EUR_USD WIN | WR: 88.5% | RL: 477
2026-05-08 09:22:48,811 [INFO] Learned: GBP_USD WIN | WR: 88.5% | RL: 478
2026-05-08 09:22:52,675 [INFO] Learned: USD_JPY WIN | WR: 88.5% | RL: 479
2026-05-08 09:22:56,746 [INFO] Learned: AUD_USD WIN | WR: 88.5% | RL: 480
2026-05-08 09:23:00,616 [INFO] Learned: USD_CAD WIN | WR: 88.6% | RL: 481
2026-05-08 09:37:02,660 [INFO] setting up API-client for environment practice
2026-05-08 09:37:02,663 [INFO] performing request https://api-fxpractice.oanda.com/v3/instruments/EUR_USD/candles
2026-05-08 09:37:04,466 [INFO] News: 20 articles fetched
2026-05-08 09:37:05,971 [INFO] Correlations: ['DXY', 'GOLD', 'OIL', 'SP500', 'VIX'] loaded
2026-05-08 09:37:07,165 [INFO] SIGNAL: EUR_USD SELL 83.7% | News: NEUTRAL | COT: NEUTRAL | Regime: RANGING
2026-05-08 09:37:09,168 [INFO] setting up API-client for environment practice
2026-05-08 09:37:09,169 [INFO] performing request https://api-fxpractice.oanda.com/v3/instruments/GBP_USD/candles
2026-05-08 09:37:11,087 [INFO] SIGNAL: GBP_USD SELL 83.7% | News: NEUTRAL | COT: NEUTRAL | Regime: RANGING
2026-05-08 09:37:13,090 [INFO] setting up API-client for environment practice
2026-05-08 09:37:13,090 [INFO] performing request https://api-fxpractice.oanda.com/v3/instruments/USD_JPY/candles
2026-05-08 09:37:13,862 [INFO] USD_JPY: 51.9% below 65.0% threshold. Skip.
2026-05-08 09:37:15,864 [INFO] setting up API-client for environment practice
2026-05-08 09:37:15,865 [INFO] performing request https://api-fxpractice.oanda.com/v3/instruments/AUD_USD/candles
2026-05-08 09:37:16,732 [INFO] AUD_USD: 62.1% below 65.0% threshold. Skip.
2026-05-08 09:37:18,733 [INFO] setting up API-client for environment practice
2026-05-08 09:37:18,735 [INFO] performing request https://api-fxpractice.oanda.com/v3/instruments/USD_CAD/candles
2026-05-08 09:37:20,601 [INFO] SIGNAL: USD_CAD BUY 107.0% | News: NEUTRAL | COT: NEUTRAL | Regime: RANGING
2026-05-08 09:37:22,603 [INFO] Cycle #142 done. Trades in memory: 481 | WR: 88.6% | RL episodes: 481
2026-05-08 09:38:07,265 [INFO] Learned: EUR_USD WIN | WR: 88.6% | RL: 482
2026-05-08 09:38:11,175 [INFO] Learned: GBP_USD WIN | WR: 88.6% | RL: 483
2026-05-08 09:38:20,692 [INFO] Learned: USD_CAD WIN | WR: 88.6% | RL: 484
2026-05-08 09:52:22,811 [INFO] setting up API-client for environment practice
2026-05-08 09:52:22,814 [INFO] performing request https://api-fxpractice.oanda.com/v3/instruments/EUR_USD/candles
2026-05-08 09:52:24,558 [INFO] SIGNAL: EUR_USD SELL 107.0% | News: NEUTRAL | COT: NEUTRAL | Regime: RANGING
2026-05-08 09:52:26,562 [INFO] setting up API-client for environment practice
2026-05-08 09:52:26,563 [INFO] performing request https://api-fxpractice.oanda.com/v3/instruments/GBP_USD/candles
2026-05-08 09:52:28,666 [INFO] SIGNAL: GBP_USD SELL 83.7% | News: NEUTRAL | COT: NEUTRAL | Regime: RANGING
2026-05-08 09:52:30,669 [INFO] setting up API-client for environment practice
2026-05-08 09:52:30,671 [INFO] performing request https://api-fxpractice.oanda.com/v3/instruments/USD_JPY/candles
2026-05-08 09:52:32,600 [INFO] SIGNAL: USD_JPY BUY 83.7% | News: BEARISH | COT: NEUTRAL | Regime: RANGING
2026-05-08 09:52:34,602 [INFO] setting up API-client for environment practice
2026-05-08 09:52:34,602 [INFO] performing request https://api-fxpractice.oanda.com/v3/instruments/AUD_USD/candles
2026-05-08 09:52:35,695 [INFO] AUD_USD: 62.1% below 65.0% threshold. Skip.
2026-05-08 09:52:37,697 [INFO] setting up API-client for environment practice
2026-05-08 09:52:37,697 [INFO] performing request https://api-fxpractice.oanda.com/v3/instruments/USD_CAD/candles
2026-05-08 09:52:39,774 [INFO] SIGNAL: USD_CAD BUY 115.0% | News: NEUTRAL | COT: NEUTRAL | Regime: RANGING
2026-05-08 09:52:41,874 [INFO] Cycle #143 done. Trades in memory: 484 | WR: 88.6% | RL episodes: 484
2026-05-08 09:53:24,745 [INFO] Learned: EUR_USD WIN | WR: 88.7% | RL: 485
2026-05-08 09:53:28,775 [INFO] Learned: GBP_USD WIN | WR: 88.7% | RL: 486
2026-05-08 09:53:32,810 [INFO] Learned: USD_JPY WIN | WR: 88.7% | RL: 487
2026-05-08 09:53:39,948 [INFO] Learned: USD_CAD WIN | WR: 88.7% | RL: 488
2026-05-08 10:07:41,955 [INFO] setting up API-client for environment practice
2026-05-08 10:07:41,958 [INFO] performing request https://api-fxpractice.oanda.com/v3/instruments/EUR_USD/candles
2026-05-08 10:07:43,406 [INFO] ForexFactory: 115 events loaded
2026-05-08 10:07:44,261 [INFO] News: 20 articles fetched
2026-05-08 10:07:45,391 [INFO] Correlations: ['DXY', 'GOLD', 'OIL', 'SP500', 'VIX'] loaded
2026-05-08 10:07:46,347 [INFO] SIGNAL: EUR_USD SELL 107.0% | News: NEUTRAL | COT: NEUTRAL | Regime: RANGING
2026-05-08 10:07:48,349 [INFO] setting up API-client for environment practice
2026-05-08 10:07:48,349 [INFO] performing request https://api-fxpractice.oanda.com/v3/instruments/GBP_USD/candles
2026-05-08 10:07:50,085 [INFO] SIGNAL: GBP_USD SELL 83.7% | News: NEUTRAL | COT: NEUTRAL | Regime: RANGING
2026-05-08 10:07:52,087 [INFO] setting up API-client for environment practice
2026-05-08 10:07:52,089 [INFO] performing request https://api-fxpractice.oanda.com/v3/instruments/USD_JPY/candles
2026-05-08 10:07:53,772 [INFO] SIGNAL: USD_JPY BUY 107.0% | News: NEUTRAL | COT: NEUTRAL | Regime: RANGING
2026-05-08 10:07:55,775 [INFO] setting up API-client for environment practice
2026-05-08 10:07:55,775 [INFO] performing request https://api-fxpractice.oanda.com/v3/instruments/AUD_USD/candles
2026-05-08 10:07:56,860 [INFO] AUD_USD: 62.1% below 65.0% threshold. Skip.
2026-05-08 10:07:58,863 [INFO] setting up API-client for environment practice
2026-05-08 10:07:58,864 [INFO] performing request https://api-fxpractice.oanda.com/v3/instruments/USD_CAD/candles
2026-05-08 10:08:00,710 [INFO] SIGNAL: USD_CAD BUY 107.0% | News: NEUTRAL | COT: NEUTRAL | Regime: RANGING
2026-05-08 10:08:02,713 [INFO] Cycle #144 done. Trades in memory: 488 | WR: 88.7% | RL episodes: 488
2026-05-08 10:08:46,445 [INFO] Learned: EUR_USD WIN | WR: 88.8% | RL: 489
2026-05-08 10:08:50,207 [INFO] Learned: GBP_USD WIN | WR: 88.8% | RL: 490
2026-05-08 10:08:54,014 [INFO] Learned: USD_JPY WIN | WR: 88.8% | RL: 491
2026-05-08 10:09:00,963 [INFO] Learned: USD_CAD WIN | WR: 88.8% | RL: 492
2026-05-08 10:23:02,773 [INFO] setting up API-client for environment practice
2026-05-08 10:23:02,775 [INFO] performing request https://api-fxpractice.oanda.com/v3/instruments/EUR_USD/candles
2026-05-08 10:23:03,735 [INFO] EUR_USD: 49.0% below 65.0% threshold. Skip.
2026-05-08 10:23:05,736 [INFO] setting up API-client for environment practice
2026-05-08 10:23:05,737 [INFO] performing request https://api-fxpractice.oanda.com/v3/instruments/GBP_USD/candles
2026-05-08 10:23:06,461 [INFO] GBP_USD: 62.1% below 65.0% threshold. Skip.
2026-05-08 10:23:08,463 [INFO] setting up API-client for environment practice
2026-05-08 10:23:08,464 [INFO] performing request https://api-fxpractice.oanda.com/v3/instruments/USD_JPY/candles
2026-05-08 10:23:10,175 [INFO] SIGNAL: USD_JPY BUY 107.0% | News: NEUTRAL | COT: NEUTRAL | Regime: RANGING
2026-05-08 10:23:12,178 [INFO] setting up API-client for environment practice
2026-05-08 10:23:12,180 [INFO] performing request https://api-fxpractice.oanda.com/v3/instruments/AUD_USD/candles
2026-05-08 10:23:13,133 [INFO] AUD_USD: 62.1% below 65.0% threshold. Skip.
2026-05-08 10:23:15,135 [INFO] setting up API-client for environment practice
2026-05-08 10:23:15,137 [INFO] performing request https://api-fxpractice.oanda.com/v3/instruments/USD_CAD/candles
2026-05-08 10:23:16,906 [INFO] SIGNAL: USD_CAD BUY 115.0% | News: NEUTRAL | COT: NEUTRAL | Regime: RANGING
2026-05-08 10:23:18,908 [INFO] Cycle #145 done. Trades in memory: 492 | WR: 88.8% | RL episodes: 492
2026-05-08 10:24:10,315 [INFO] Learned: USD_JPY WIN | WR: 88.8% | RL: 493
2026-05-08 10:24:16,996 [INFO] Learned: USD_CAD WIN | WR: 88.9% | RL: 494
2026-05-08 10:38:18,951 [INFO] setting up API-client for environment practice
2026-05-08 10:38:18,951 [INFO] performing request https://api-fxpractice.oanda.com/v3/instruments/EUR_USD/candles
2026-05-08 10:38:20,887 [INFO] News: 18 articles fetched
2026-05-08 10:38:22,267 [INFO] Correlations: ['DXY', 'GOLD', 'OIL', 'SP500', 'VIX'] loaded
2026-05-08 10:38:23,402 [INFO] SIGNAL: EUR_USD SELL 83.5% | News: NEUTRAL | COT: NEUTRAL | Regime: RANGING
2026-05-08 10:38:25,404 [INFO] setting up API-client for environment practice
2026-05-08 10:38:25,405 [INFO] performing request https://api-fxpractice.oanda.com/v3/instruments/GBP_USD/candles
2026-05-08 10:38:27,971 [INFO] SIGNAL: GBP_USD SELL 65.3% | News: NEUTRAL | COT: NEUTRAL | Regime: RANGING
2026-05-08 10:38:29,973 [INFO] setting up API-client for environment practice
2026-05-08 10:38:29,973 [INFO] performing request https://api-fxpractice.oanda.com/v3/instruments/USD_JPY/candles
2026-05-08 10:38:32,106 [INFO] SIGNAL: USD_JPY BUY 66.3% | News: NEUTRAL | COT: NEUTRAL | Regime: RANGING
2026-05-08 10:38:34,109 [INFO] setting up API-client for environment practice
2026-05-08 10:38:34,109 [INFO] performing request https://api-fxpractice.oanda.com/v3/instruments/AUD_USD/candles
2026-05-08 10:38:35,965 [INFO] SIGNAL: AUD_USD SELL 65.3% | News: NEUTRAL | COT: NEUTRAL | Regime: RANGING
2026-05-08 10:38:37,969 [INFO] setting up API-client for environment practice
2026-05-08 10:38:37,970 [INFO] performing request https://api-fxpractice.oanda.com/v3/instruments/USD_CAD/candles
2026-05-08 10:38:38,756 [INFO] USD_CAD: 55.7% below 65.0% threshold. Skip.
2026-05-08 10:38:40,757 [INFO] Cycle #146 done. Trades in memory: 494 | WR: 88.9% | RL episodes: 494
2026-05-08 10:39:23,558 [INFO] Learned: EUR_USD WIN | WR: 88.9% | RL: 495
2026-05-08 10:39:28,093 [INFO] Learned: GBP_USD LOSS | WR: 88.7% | RL: 496
2026-05-08 10:39:32,243 [INFO] Learned: USD_JPY WIN | WR: 88.7% | RL: 497
2026-05-08 10:39:36,045 [INFO] Learned: AUD_USD LOSS | WR: 88.6% | RL: 498
2026-05-08 10:53:40,790 [INFO] setting up API-client for environment practice
2026-05-08 10:53:40,790 [INFO] performing request https://api-fxpractice.oanda.com/v3/instruments/EUR_USD/candles
2026-05-08 10:53:42,558 [INFO] SIGNAL: EUR_USD SELL 81.8% | News: NEUTRAL | COT: NEUTRAL | Regime: RANGING
2026-05-08 10:53:44,559 [INFO] setting up API-client for environment practice
2026-05-08 10:53:44,560 [INFO] performing request https://api-fxpractice.oanda.com/v3/instruments/GBP_USD/candles
2026-05-08 10:53:45,522 [INFO] GBP_USD: 64.0% below 65.0% threshold. Skip.
2026-05-08 10:53:47,525 [INFO] setting up API-client for environment practice
2026-05-08 10:53:47,525 [INFO] performing request https://api-fxpractice.oanda.com/v3/instruments/USD_JPY/candles
2026-05-08 10:53:48,366 [INFO] USD_JPY: 64.8% below 65.0% threshold. Skip.
2026-05-08 10:53:50,368 [INFO] setting up API-client for environment practice
2026-05-08 10:53:50,370 [INFO] performing request https://api-fxpractice.oanda.com/v3/instruments/AUD_USD/candles
2026-05-08 10:53:51,163 [INFO] AUD_USD: 64.0% below 65.0% threshold. Skip.
2026-05-08 10:53:53,164 [INFO] setting up API-client for environment practice
2026-05-08 10:53:53,167 [INFO] performing request https://api-fxpractice.oanda.com/v3/instruments/USD_CAD/candles
2026-05-08 10:53:53,949 [INFO] USD_CAD: 54.5% below 65.0% threshold. Skip.
2026-05-08 10:53:55,951 [INFO] Cycle #147 done. Trades in memory: 498 | WR: 88.6% | RL episodes: 498
2026-05-08 10:54:42,637 [INFO] Learned: EUR_USD WIN | WR: 88.6% | RL: 499
2026-05-08 11:08:55,976 [INFO] setting up API-client for environment practice
2026-05-08 11:08:55,979 [INFO] performing request https://api-fxpractice.oanda.com/v3/instruments/EUR_USD/candles
2026-05-08 11:08:57,827 [INFO] ForexFactory: 115 events loaded
2026-05-08 11:08:58,941 [INFO] News: 19 articles fetched
2026-05-08 11:09:00,338 [INFO] Correlations: ['DXY', 'GOLD', 'OIL', 'SP500', 'VIX'] loaded
2026-05-08 11:09:01,433 [INFO] SIGNAL: EUR_USD SELL 82.9% | News: NEUTRAL | COT: NEUTRAL | Regime: RANGING
2026-05-08 11:09:03,436 [INFO] setting up API-client for environment practice
2026-05-08 11:09:03,438 [INFO] performing request https://api-fxpractice.oanda.com/v3/instruments/GBP_USD/candles
2026-05-08 11:09:05,309 [INFO] SIGNAL: GBP_USD SELL 67.4% | News: NEUTRAL | COT: NEUTRAL | Regime: RANGING
2026-05-08 11:09:07,312 [INFO] setting up API-client for environment practice
2026-05-08 11:09:07,312 [INFO] performing request https://api-fxpractice.oanda.com/v3/instruments/USD_JPY/candles
2026-05-08 11:09:09,158 [INFO] SIGNAL: USD_JPY BUY 66.1% | News: NEUTRAL | COT: NEUTRAL | Regime: RANGING
2026-05-08 11:09:11,161 [INFO] setting up API-client for environment practice
2026-05-08 11:09:11,162 [INFO] performing request https://api-fxpractice.oanda.com/v3/instruments/AUD_USD/candles
2026-05-08 11:09:12,014 [INFO] AUD_USD: 64.9% below 65.0% threshold. Skip.
2026-05-08 11:09:14,015 [INFO] setting up API-client for environment practice
2026-05-08 11:09:14,016 [INFO] performing request https://api-fxpractice.oanda.com/v3/instruments/USD_CAD/candles
2026-05-08 11:09:14,820 [INFO] USD_CAD: 55.6% below 65.0% threshold. Skip.
2026-05-08 11:09:16,822 [INFO] Cycle #148 done. Trades in memory: 499 | WR: 88.6% | RL episodes: 499
2026-05-08 11:10:01,536 [INFO] Learned: EUR_USD WIN | WR: 88.6% | RL: 500
2026-05-08 11:10:05,537 [INFO] Learned: GBP_USD WIN | WR: 88.6% | RL: 501
2026-05-08 11:10:09,218 [INFO] Learned: USD_JPY WIN | WR: 88.6% | RL: 502
2026-05-08 15:35:46,406 [INFO] setting up API-client for environment practice
2026-05-08 15:35:51,037 [INFO] performing request https://api-fxpractice.oanda.com/v3/instruments/EUR_USD/candles
2026-05-08 15:36:00,383 [INFO] ForexFactory: 115 events loaded
2026-05-08 15:36:02,391 [INFO] News: 20 articles fetched
2026-05-08 15:36:21,116 [INFO] Correlations: ['DXY', 'GOLD', 'OIL', 'SP500', 'VIX'] loaded
2026-05-08 15:36:22,875 [INFO] SIGNAL: EUR_USD BUY 71.5% | News: NEUTRAL | COT: NEUTRAL | Regime: RANGING
2026-05-08 15:36:25,041 [INFO] setting up API-client for environment practice
2026-05-08 15:36:25,041 [INFO] performing request https://api-fxpractice.oanda.com/v3/instruments/GBP_USD/candles
2026-05-08 15:36:27,088 [INFO] SIGNAL: GBP_USD BUY 67.5% | News: NEUTRAL | COT: NEUTRAL | Regime: RANGING
2026-05-08 15:36:29,089 [INFO] setting up API-client for environment practice
2026-05-08 15:36:29,105 [INFO] performing request https://api-fxpractice.oanda.com/v3/instruments/USD_JPY/candles
2026-05-08 15:36:30,076 [INFO] USD_JPY: 58.1% below 65.0% threshold. Skip.
2026-05-08 15:36:32,077 [INFO] setting up API-client for environment practice
2026-05-08 15:36:32,077 [INFO] performing request https://api-fxpractice.oanda.com/v3/instruments/AUD_USD/candles
2026-05-08 15:36:34,356 [INFO] SIGNAL: AUD_USD BUY 91.4% | News: NEUTRAL | COT: NEUTRAL | Regime: RANGING
2026-05-08 15:36:36,357 [INFO] setting up API-client for environment practice
2026-05-08 15:36:36,357 [INFO] performing request https://api-fxpractice.oanda.com/v3/instruments/USD_CAD/candles
2026-05-08 15:36:38,509 [INFO] SIGNAL: USD_CAD SELL 74.3% | News: NEUTRAL | COT: NEUTRAL | Regime: RANGING
2026-05-08 15:36:40,510 [INFO] Cycle #149 done. Trades in memory: 502 | WR: 88.6% | RL episodes: 502
2026-05-08 15:37:24,390 [INFO] Learned: EUR_USD LOSS | WR: 88.5% | RL: 503
2026-05-08 15:37:27,218 [INFO] Learned: GBP_USD LOSS | WR: 88.3% | RL: 504
2026-05-08 15:37:34,489 [INFO] Learned: AUD_USD WIN | WR: 88.3% | RL: 505
2026-05-08 15:37:38,637 [INFO] Learned: USD_CAD WIN | WR: 88.3% | RL: 506
2026-05-08 15:51:40,511 [INFO] setting up API-client for environment practice
2026-05-08 15:51:40,513 [INFO] performing request https://api-fxpractice.oanda.com/v3/instruments/EUR_USD/candles
2026-05-08 15:51:42,475 [INFO] SIGNAL: EUR_USD BUY 71.4% | News: NEUTRAL | COT: NEUTRAL | Regime: RANGING
2026-05-08 15:51:44,478 [INFO] setting up API-client for environment practice
2026-05-08 15:51:44,478 [INFO] performing request https://api-fxpractice.oanda.com/v3/instruments/GBP_USD/candles
2026-05-08 15:51:46,474 [INFO] SIGNAL: GBP_USD BUY 68.9% | News: NEUTRAL | COT: NEUTRAL | Regime: RANGING
2026-05-08 15:51:48,476 [INFO] setting up API-client for environment practice
2026-05-08 15:51:48,478 [INFO] performing request https://api-fxpractice.oanda.com/v3/instruments/USD_JPY/candles
2026-05-08 15:51:49,471 [INFO] USD_JPY: 47.0% below 65.0% threshold. Skip.
2026-05-08 15:51:51,473 [INFO] setting up API-client for environment practice
2026-05-08 15:51:51,474 [INFO] performing request https://api-fxpractice.oanda.com/v3/instruments/AUD_USD/candles
2026-05-08 15:51:53,422 [INFO] SIGNAL: AUD_USD BUY 91.3% | News: NEUTRAL | COT: NEUTRAL | Regime: RANGING
2026-05-08 15:51:55,424 [INFO] setting up API-client for environment practice
2026-05-08 15:51:55,425 [INFO] performing request https://api-fxpractice.oanda.com/v3/instruments/USD_CAD/candles
2026-05-08 15:51:56,358 [INFO] USD_CAD: 50.2% below 65.0% threshold. Skip.
2026-05-08 15:51:58,359 [INFO] Cycle #150 done. Trades in memory: 506 | WR: 88.3% | RL episodes: 506
2026-05-08 15:52:42,567 [INFO] Learned: EUR_USD LOSS | WR: 88.2% | RL: 507
2026-05-08 15:52:46,598 [INFO] Learned: GBP_USD WIN | WR: 88.2% | RL: 508
2026-05-08 15:52:53,502 [INFO] Learned: AUD_USD WIN | WR: 88.2% | RL: 509
2026-05-08 16:06:58,361 [INFO] setting up API-client for environment practice
2026-05-08 16:06:58,361 [INFO] performing request https://api-fxpractice.oanda.com/v3/instruments/EUR_USD/candles
2026-05-08 16:07:00,176 [INFO] News: 20 articles fetched
2026-05-08 16:07:01,749 [INFO] Correlations: ['DXY', 'GOLD', 'OIL', 'SP500', 'VIX'] loaded
2026-05-08 16:07:02,749 [INFO] SIGNAL: EUR_USD BUY 71.5% | News: NEUTRAL | COT: NEUTRAL | Regime: RANGING
2026-05-08 16:07:04,752 [INFO] setting up API-client for environment practice
2026-05-08 16:07:04,753 [INFO] performing request https://api-fxpractice.oanda.com/v3/instruments/GBP_USD/candles
2026-05-08 16:07:06,637 [INFO] SIGNAL: GBP_USD BUY 69.1% | News: NEUTRAL | COT: NEUTRAL | Regime: RANGING
2026-05-08 16:07:08,640 [INFO] setting up API-client for environment practice
2026-05-08 16:07:08,641 [INFO] performing request https://api-fxpractice.oanda.com/v3/instruments/USD_JPY/candles
2026-05-08 16:07:09,749 [INFO] USD_JPY: 52.3% below 65.0% threshold. Skip.
2026-05-08 16:07:11,751 [INFO] setting up API-client for environment practice
2026-05-08 16:07:11,753 [INFO] performing request https://api-fxpractice.oanda.com/v3/instruments/AUD_USD/candles
2026-05-08 16:07:13,890 [INFO] SIGNAL: AUD_USD BUY 83.6% | News: NEUTRAL | COT: NEUTRAL | Regime: RANGING
2026-05-08 16:07:15,894 [INFO] setting up API-client for environment practice
2026-05-08 16:07:15,896 [INFO] performing request https://api-fxpractice.oanda.com/v3/instruments/USD_CAD/candles
2026-05-08 16:07:17,055 [INFO] USD_CAD: 50.1% below 65.0% threshold. Skip.
2026-05-08 16:07:19,056 [INFO] Cycle #151 done. Trades in memory: 509 | WR: 88.2% | RL episodes: 509
2026-05-08 16:08:02,893 [INFO] Learned: EUR_USD LOSS | WR: 88.0% | RL: 510
2026-05-08 16:08:06,712 [INFO] Learned: GBP_USD WIN | WR: 88.1% | RL: 511
2026-05-08 16:08:13,978 [INFO] Learned: AUD_USD WIN | WR: 88.1% | RL: 512
2026-05-08 16:22:19,056 [INFO] setting up API-client for environment practice
2026-05-08 16:22:19,057 [INFO] performing request https://api-fxpractice.oanda.com/v3/instruments/EUR_USD/candles
2026-05-08 16:22:21,750 [INFO] SIGNAL: EUR_USD BUY 69.1% | News: NEUTRAL | COT: NEUTRAL | Regime: RANGING
2026-05-08 16:22:23,752 [INFO] setting up API-client for environment practice
2026-05-08 16:22:23,753 [INFO] performing request https://api-fxpractice.oanda.com/v3/instruments/GBP_USD/candles
2026-05-08 16:22:26,026 [INFO] SIGNAL: GBP_USD BUY 73.4% | News: NEUTRAL | COT: NEUTRAL | Regime: RANGING
2026-05-08 16:22:28,030 [INFO] setting up API-client for environment practice
2026-05-08 16:22:28,031 [INFO] performing request https://api-fxpractice.oanda.com/v3/instruments/USD_JPY/candles
2026-05-08 16:22:28,912 [INFO] USD_JPY: 47.2% below 65.0% threshold. Skip.
2026-05-08 16:22:30,913 [INFO] setting up API-client for environment practice
2026-05-08 16:22:30,914 [INFO] performing request https://api-fxpractice.oanda.com/v3/instruments/AUD_USD/candles
2026-05-08 16:22:32,864 [INFO] SIGNAL: AUD_USD BUY 83.6% | News: NEUTRAL | COT: NEUTRAL | Regime: RANGING
2026-05-08 16:22:34,866 [INFO] setting up API-client for environment practice
2026-05-08 16:22:34,866 [INFO] performing request https://api-fxpractice.oanda.com/v3/instruments/USD_CAD/candles
2026-05-08 16:22:35,789 [INFO] USD_CAD: 48.0% below 65.0% threshold. Skip.
2026-05-08 16:22:37,790 [INFO] Cycle #152 done. Trades in memory: 512 | WR: 88.1% | RL episodes: 512
2026-05-08 16:23:21,889 [INFO] Learned: EUR_USD LOSS | WR: 87.9% | RL: 513
2026-05-08 16:23:26,208 [INFO] Learned: GBP_USD LOSS | WR: 87.7% | RL: 514
2026-05-08 16:23:33,068 [INFO] Learned: AUD_USD WIN | WR: 87.8% | RL: 515
2026-05-08 16:37:45,806 [INFO] setting up API-client for environment practice
2026-05-08 16:37:52,372 [INFO] performing request https://api-fxpractice.oanda.com/v3/instruments/EUR_USD/candles
2026-05-08 16:38:09,704 [INFO] ForexFactory: 116 events loaded
2026-05-08 16:38:11,483 [INFO] News: 20 articles fetched
2026-05-08 16:38:17,383 [INFO] Correlations: ['DXY', 'GOLD', 'OIL', 'SP500', 'VIX'] loaded
2026-05-08 16:38:18,886 [INFO] SIGNAL: EUR_USD BUY 66.1% | News: NEUTRAL | COT: NEUTRAL | Regime: RANGING
2026-05-08 16:38:21,007 [INFO] setting up API-client for environment practice
2026-05-08 16:38:21,007 [INFO] performing request https://api-fxpractice.oanda.com/v3/instruments/GBP_USD/candles
2026-05-08 16:38:23,116 [INFO] SIGNAL: GBP_USD BUY 87.9% | News: NEUTRAL | COT: NEUTRAL | Regime: RANGING
2026-05-08 16:38:25,118 [INFO] setting up API-client for environment practice
2026-05-08 16:38:25,118 [INFO] performing request https://api-fxpractice.oanda.com/v3/instruments/USD_JPY/candles
2026-05-08 16:38:25,904 [INFO] USD_JPY: 59.0% below 65.0% threshold. Skip.
2026-05-08 16:38:27,905 [INFO] setting up API-client for environment practice
2026-05-08 16:38:27,906 [INFO] performing request https://api-fxpractice.oanda.com/v3/instruments/AUD_USD/candles
2026-05-08 16:38:29,845 [INFO] SIGNAL: AUD_USD BUY 84.5% | News: NEUTRAL | COT: NEUTRAL | Regime: RANGING
2026-05-08 16:38:31,847 [INFO] setting up API-client for environment practice
2026-05-08 16:38:31,848 [INFO] performing request https://api-fxpractice.oanda.com/v3/instruments/USD_CAD/candles
2026-05-08 16:38:32,773 [INFO] USD_CAD: 62.5% below 65.0% threshold. Skip.
2026-05-08 16:38:34,775 [INFO] Cycle #153 done. Trades in memory: 515 | WR: 87.8% | RL episodes: 515
2026-05-08 16:39:19,579 [INFO] Learned: EUR_USD WIN | WR: 87.8% | RL: 516
2026-05-08 16:39:23,224 [INFO] Learned: GBP_USD WIN | WR: 87.8% | RL: 517
2026-05-08 16:39:30,088 [INFO] Learned: AUD_USD WIN | WR: 87.8% | RL: 518
2026-05-08 16:53:34,780 [INFO] setting up API-client for environment practice
2026-05-08 16:53:34,898 [INFO] performing request https://api-fxpractice.oanda.com/v3/instruments/EUR_USD/candles
2026-05-08 16:53:37,841 [INFO] SIGNAL: EUR_USD BUY 67.0% | News: NEUTRAL | COT: NEUTRAL | Regime: RANGING
2026-05-08 16:53:39,845 [INFO] setting up API-client for environment practice
2026-05-08 16:53:39,845 [INFO] performing request https://api-fxpractice.oanda.com/v3/instruments/GBP_USD/candles
2026-05-08 16:53:41,795 [INFO] SIGNAL: GBP_USD BUY 65.7% | News: NEUTRAL | COT: NEUTRAL | Regime: RANGING
2026-05-08 16:53:43,797 [INFO] setting up API-client for environment practice
2026-05-08 16:53:43,797 [INFO] performing request https://api-fxpractice.oanda.com/v3/instruments/USD_JPY/candles
2026-05-08 16:53:44,834 [INFO] USD_JPY: 63.5% below 65.0% threshold. Skip.
2026-05-08 16:53:46,835 [INFO] setting up API-client for environment practice
2026-05-08 16:53:46,837 [INFO] performing request https://api-fxpractice.oanda.com/v3/instruments/AUD_USD/candles
2026-05-08 16:53:49,159 [INFO] SIGNAL: AUD_USD BUY 85.7% | News: NEUTRAL | COT: NEUTRAL | Regime: RANGING
2026-05-08 16:53:51,160 [INFO] setting up API-client for environment practice
2026-05-08 16:53:51,160 [INFO] performing request https://api-fxpractice.oanda.com/v3/instruments/USD_CAD/candles
2026-05-08 16:53:52,133 [INFO] USD_CAD: 63.5% below 65.0% threshold. Skip.
2026-05-08 16:53:54,135 [INFO] Cycle #154 done. Trades in memory: 518 | WR: 87.8% | RL episodes: 518
2026-05-08 16:54:37,951 [INFO] Learned: EUR_USD WIN | WR: 87.9% | RL: 519
2026-05-08 16:54:41,891 [INFO] Learned: GBP_USD WIN | WR: 87.9% | RL: 520
2026-05-08 16:54:49,489 [INFO] Learned: AUD_USD LOSS | WR: 87.7% | RL: 521
2026-05-08 17:08:54,435 [INFO] setting up API-client for environment practice
2026-05-08 17:08:54,820 [INFO] performing request https://api-fxpractice.oanda.com/v3/instruments/EUR_USD/candles
2026-05-08 17:08:59,176 [INFO] News: 20 articles fetched
2026-05-08 17:09:43,933 [INFO] Correlations: ['DXY', 'GOLD', 'OIL', 'SP500', 'VIX'] loaded
2026-05-08 17:09:45,072 [INFO] SIGNAL: EUR_USD BUY 93.0% | News: BULLISH | COT: NEUTRAL | Regime: RANGING
2026-05-08 17:09:47,076 [INFO] setting up API-client for environment practice
2026-05-08 17:09:47,076 [INFO] performing request https://api-fxpractice.oanda.com/v3/instruments/GBP_USD/candles
2026-05-08 17:09:48,945 [INFO] SIGNAL: GBP_USD BUY 88.2% | News: NEUTRAL | COT: NEUTRAL | Regime: RANGING
2026-05-08 17:09:50,947 [INFO] setting up API-client for environment practice
2026-05-08 17:09:50,947 [INFO] performing request https://api-fxpractice.oanda.com/v3/instruments/USD_JPY/candles
2026-05-08 17:09:51,631 [INFO] USD_JPY: 62.6% below 65.0% threshold. Skip.
2026-05-08 17:09:53,632 [INFO] setting up API-client for environment practice
2026-05-08 17:09:53,632 [INFO] performing request https://api-fxpractice.oanda.com/v3/instruments/AUD_USD/candles
2026-05-08 17:09:55,255 [INFO] SIGNAL: AUD_USD BUY 84.5% | News: NEUTRAL | COT: NEUTRAL | Regime: RANGING
2026-05-08 17:09:57,259 [INFO] setting up API-client for environment practice
2026-05-08 17:09:57,259 [INFO] performing request https://api-fxpractice.oanda.com/v3/instruments/USD_CAD/candles
2026-05-08 17:09:58,888 [INFO] SIGNAL: USD_CAD SELL 70.0% | News: NEUTRAL | COT: NEUTRAL | Regime: RANGING
2026-05-08 17:10:00,890 [INFO] Cycle #155 done. Trades in memory: 521 | WR: 87.7% | RL episodes: 521
2026-05-08 17:10:45,319 [INFO] Learned: EUR_USD LOSS | WR: 87.5% | RL: 522
2026-05-08 17:10:49,032 [INFO] Learned: GBP_USD WIN | WR: 87.6% | RL: 523
2026-05-08 17:10:55,332 [INFO] Learned: AUD_USD WIN | WR: 87.6% | RL: 524
2026-05-08 17:10:58,967 [INFO] Learned: USD_CAD WIN | WR: 87.6% | RL: 525
2026-05-08 17:25:01,154 [INFO] setting up API-client for environment practice
2026-05-08 17:25:01,915 [INFO] performing request https://api-fxpractice.oanda.com/v3/instruments/EUR_USD/candles
2026-05-08 17:25:04,911 [INFO] SIGNAL: EUR_USD BUY 94.2% | News: BULLISH | COT: NEUTRAL | Regime: RANGING
2026-05-08 17:25:06,916 [INFO] setting up API-client for environment practice
2026-05-08 17:25:06,916 [INFO] performing request https://api-fxpractice.oanda.com/v3/instruments/GBP_USD/candles
2026-05-08 17:25:08,682 [INFO] SIGNAL: GBP_USD BUY 89.2% | News: NEUTRAL | COT: NEUTRAL | Regime: RANGING
2026-05-08 17:25:10,686 [INFO] setting up API-client for environment practice
2026-05-08 17:25:10,686 [INFO] performing request https://api-fxpractice.oanda.com/v3/instruments/USD_JPY/candles
2026-05-08 17:25:11,509 [INFO] USD_JPY: 63.5% below 65.0% threshold. Skip.
2026-05-08 17:25:13,511 [INFO] setting up API-client for environment practice
2026-05-08 17:25:13,511 [INFO] performing request https://api-fxpractice.oanda.com/v3/instruments/AUD_USD/candles
2026-05-08 17:25:15,380 [INFO] SIGNAL: AUD_USD BUY 85.7% | News: NEUTRAL | COT: NEUTRAL | Regime: RANGING
2026-05-08 17:25:17,384 [INFO] setting up API-client for environment practice
2026-05-08 17:25:17,384 [INFO] performing request https://api-fxpractice.oanda.com/v3/instruments/USD_CAD/candles
2026-05-08 17:25:18,230 [INFO] USD_CAD: 59.6% below 65.0% threshold. Skip.
2026-05-08 17:25:20,255 [INFO] Cycle #156 done. Trades in memory: 525 | WR: 87.6% | RL episodes: 525
2026-05-08 17:26:06,587 [INFO] Learned: EUR_USD WIN | WR: 87.6% | RL: 526
2026-05-08 17:26:08,866 [INFO] Learned: GBP_USD WIN | WR: 87.7% | RL: 527
2026-05-08 17:26:15,547 [INFO] Learned: AUD_USD WIN | WR: 87.7% | RL: 528
2026-05-08 17:40:20,256 [INFO] setting up API-client for environment practice
2026-05-08 17:40:20,257 [INFO] performing request https://api-fxpractice.oanda.com/v3/instruments/EUR_USD/candles
2026-05-08 17:40:21,606 [INFO] ForexFactory: 118 events loaded
2026-05-08 17:40:22,540 [INFO] News: 20 articles fetched
2026-05-08 17:40:29,745 [INFO] Correlations: ['DXY', 'GOLD', 'OIL', 'SP500', 'VIX'] loaded
2026-05-08 17:40:30,759 [INFO] SIGNAL: EUR_USD BUY 67.9% | News: NEUTRAL | COT: NEUTRAL | Regime: RANGING
2026-05-08 17:40:32,761 [INFO] setting up API-client for environment practice
2026-05-08 17:40:32,761 [INFO] performing request https://api-fxpractice.oanda.com/v3/instruments/GBP_USD/candles
2026-05-08 17:40:34,469 [INFO] SIGNAL: GBP_USD BUY 89.4% | News: NEUTRAL | COT: NEUTRAL | Regime: RANGING
2026-05-08 17:40:36,471 [INFO] setting up API-client for environment practice
2026-05-08 17:40:36,471 [INFO] performing request https://api-fxpractice.oanda.com/v3/instruments/USD_JPY/candles
2026-05-08 17:40:37,319 [INFO] USD_JPY: 51.4% below 65.0% threshold. Skip.
2026-05-08 17:40:39,320 [INFO] setting up API-client for environment practice
2026-05-08 17:40:39,320 [INFO] performing request https://api-fxpractice.oanda.com/v3/instruments/AUD_USD/candles
2026-05-08 17:40:39,953 [INFO] AUD_USD: 61.1% below 65.0% threshold. Skip.
2026-05-08 17:40:41,958 [INFO] setting up API-client for environment practice
2026-05-08 17:40:41,958 [INFO] performing request https://api-fxpractice.oanda.com/v3/instruments/USD_CAD/candles
2026-05-08 17:40:43,559 [INFO] SIGNAL: USD_CAD BUY 81.2% | News: NEUTRAL | COT: NEUTRAL | Regime: RANGING
2026-05-08 17:40:45,563 [INFO] Cycle #157 done. Trades in memory: 528 | WR: 87.7% | RL episodes: 528
2026-05-08 17:41:30,825 [INFO] Learned: EUR_USD WIN | WR: 87.7% | RL: 529
2026-05-08 17:41:34,537 [INFO] Learned: GBP_USD WIN | WR: 87.7% | RL: 530
2026-05-08 17:41:43,651 [INFO] Learned: USD_CAD WIN | WR: 87.8% | RL: 531
2026-05-08 17:55:45,564 [INFO] setting up API-client for environment practice
2026-05-08 17:55:45,564 [INFO] performing request https://api-fxpractice.oanda.com/v3/instruments/EUR_USD/candles
2026-05-08 17:55:51,761 [INFO] SIGNAL: EUR_USD BUY 85.7% | News: NEUTRAL | COT: NEUTRAL | Regime: RANGING
2026-05-08 17:55:53,769 [INFO] setting up API-client for environment practice
2026-05-08 17:55:53,769 [INFO] performing request https://api-fxpractice.oanda.com/v3/instruments/GBP_USD/candles
2026-05-08 17:56:02,663 [INFO] SIGNAL: GBP_USD BUY 89.7% | News: NEUTRAL | COT: NEUTRAL | Regime: RANGING
2026-05-08 17:56:04,665 [INFO] setting up API-client for environment practice
2026-05-08 17:56:04,665 [INFO] performing request https://api-fxpractice.oanda.com/v3/instruments/USD_JPY/candles
2026-05-08 17:56:07,562 [INFO] SIGNAL: USD_JPY BUY 82.6% | News: NEUTRAL | COT: NEUTRAL | Regime: RANGING
2026-05-08 17:56:09,577 [INFO] setting up API-client for environment practice
2026-05-08 17:56:09,577 [INFO] performing request https://api-fxpractice.oanda.com/v3/instruments/AUD_USD/candles
2026-05-08 17:56:11,685 [INFO] SIGNAL: AUD_USD BUY 85.7% | News: NEUTRAL | COT: NEUTRAL | Regime: RANGING
2026-05-08 17:56:13,697 [INFO] setting up API-client for environment practice
2026-05-08 17:56:13,697 [INFO] performing request https://api-fxpractice.oanda.com/v3/instruments/USD_CAD/candles
2026-05-08 17:56:15,510 [INFO] SIGNAL: USD_CAD BUY 72.3% | News: NEUTRAL | COT: NEUTRAL | Regime: RANGING
2026-05-08 17:56:17,516 [INFO] Cycle #158 done. Trades in memory: 531 | WR: 87.8% | RL episodes: 531
2026-05-08 17:56:51,860 [INFO] Learned: EUR_USD WIN | WR: 87.8% | RL: 532
2026-05-08 17:57:02,833 [INFO] Learned: GBP_USD WIN | WR: 87.8% | RL: 533
2026-05-08 17:57:07,718 [INFO] Learned: USD_JPY WIN | WR: 87.8% | RL: 534
2026-05-08 17:57:11,883 [INFO] Learned: AUD_USD WIN | WR: 87.9% | RL: 535
2026-05-08 17:57:15,744 [INFO] Learned: USD_CAD LOSS | WR: 87.7% | RL: 536
2026-05-08 18:11:17,518 [INFO] setting up API-client for environment practice
2026-05-08 18:11:17,524 [INFO] performing request https://api-fxpractice.oanda.com/v3/instruments/EUR_USD/candles
2026-05-08 18:11:22,416 [INFO] News: 20 articles fetched
2026-05-08 18:11:36,290 [INFO] Correlations: ['DXY', 'GOLD', 'OIL', 'SP500', 'VIX'] loaded
2026-05-08 18:11:38,979 [INFO] SIGNAL: EUR_USD BUY 103.3% | News: NEUTRAL | COT: NEUTRAL | Regime: RANGING
2026-05-08 18:11:40,983 [INFO] setting up API-client for environment practice
2026-05-08 18:11:40,983 [INFO] performing request https://api-fxpractice.oanda.com/v3/instruments/GBP_USD/candles
2026-05-08 18:11:45,969 [INFO] SIGNAL: GBP_USD BUY 98.1% | News: NEUTRAL | COT: NEUTRAL | Regime: RANGING
2026-05-08 18:11:47,971 [INFO] setting up API-client for environment practice
2026-05-08 18:11:47,971 [INFO] performing request https://api-fxpractice.oanda.com/v3/instruments/USD_JPY/candles
2026-05-08 18:11:49,676 [INFO] SIGNAL: USD_JPY SELL 69.9% | News: NEUTRAL | COT: NEUTRAL | Regime: RANGING
2026-05-08 18:11:51,679 [INFO] setting up API-client for environment practice
2026-05-08 18:11:51,679 [INFO] performing request https://api-fxpractice.oanda.com/v3/instruments/AUD_USD/candles
2026-05-08 18:11:53,362 [INFO] SIGNAL: AUD_USD BUY 91.7% | News: NEUTRAL | COT: NEUTRAL | Regime: RANGING
2026-05-08 18:11:55,372 [INFO] setting up API-client for environment practice
2026-05-08 18:11:55,372 [INFO] performing request https://api-fxpractice.oanda.com/v3/instruments/USD_CAD/candles
2026-05-08 18:11:57,165 [INFO] SIGNAL: USD_CAD BUY 83.7% | News: NEUTRAL | COT: NEUTRAL | Regime: RANGING
2026-05-08 18:11:59,168 [INFO] Cycle #159 done. Trades in memory: 536 | WR: 87.7% | RL episodes: 536
2026-05-08 18:12:39,258 [INFO] Learned: EUR_USD WIN | WR: 87.7% | RL: 537
2026-05-08 18:12:46,072 [INFO] Learned: GBP_USD WIN | WR: 87.7% | RL: 538
2026-05-08 18:12:49,822 [INFO] Learned: USD_JPY WIN | WR: 87.8% | RL: 539
2026-05-08 18:12:53,492 [INFO] Learned: AUD_USD WIN | WR: 87.8% | RL: 540
2026-05-08 18:12:57,264 [INFO] Learned: USD_CAD WIN | WR: 87.8% | RL: 541
2026-05-08 18:26:59,169 [INFO] setting up API-client for environment practice
2026-05-08 18:26:59,174 [INFO] performing request https://api-fxpractice.oanda.com/v3/instruments/EUR_USD/candles
2026-05-08 18:27:01,671 [INFO] SIGNAL: EUR_USD BUY 103.8% | News: NEUTRAL | COT: NEUTRAL | Regime: RANGING
2026-05-08 18:27:03,672 [INFO] setting up API-client for environment practice
2026-05-08 18:27:03,672 [INFO] performing request https://api-fxpractice.oanda.com/v3/instruments/GBP_USD/candles
2026-05-08 18:27:05,568 [INFO] SIGNAL: GBP_USD BUY 98.5% | News: NEUTRAL | COT: NEUTRAL | Regime: RANGING
2026-05-08 18:27:07,569 [INFO] setting up API-client for environment practice
2026-05-08 18:27:07,569 [INFO] performing request https://api-fxpractice.oanda.com/v3/instruments/USD_JPY/candles
2026-05-08 18:27:09,966 [INFO] SIGNAL: USD_JPY SELL 67.4% | News: NEUTRAL | COT: NEUTRAL | Regime: RANGING
2026-05-08 18:27:11,968 [INFO] setting up API-client for environment practice
2026-05-08 18:27:11,968 [INFO] performing request https://api-fxpractice.oanda.com/v3/instruments/AUD_USD/candles
2026-05-08 18:27:13,779 [INFO] SIGNAL: AUD_USD BUY 91.8% | News: NEUTRAL | COT: NEUTRAL | Regime: RANGING
2026-05-08 18:27:15,781 [INFO] setting up API-client for environment practice
2026-05-08 18:27:15,781 [INFO] performing request https://api-fxpractice.oanda.com/v3/instruments/USD_CAD/candles
2026-05-08 18:27:17,926 [INFO] SIGNAL: USD_CAD BUY 107.4% | News: NEUTRAL | COT: NEUTRAL | Regime: RANGING
2026-05-08 18:27:19,930 [INFO] Cycle #160 done. Trades in memory: 541 | WR: 87.8% | RL episodes: 541
2026-05-08 18:28:01,770 [INFO] Learned: EUR_USD WIN | WR: 87.8% | RL: 542
2026-05-08 18:28:05,925 [INFO] Learned: GBP_USD WIN | WR: 87.8% | RL: 543
2026-05-08 18:28:10,137 [INFO] Learned: USD_JPY WIN | WR: 87.9% | RL: 544
2026-05-08 18:28:13,966 [INFO] Learned: AUD_USD WIN | WR: 87.9% | RL: 545
2026-05-08 18:28:18,117 [INFO] Learned: USD_CAD WIN | WR: 87.9% | RL: 546
2026-05-08 18:42:19,931 [INFO] setting up API-client for environment practice
2026-05-08 18:42:19,931 [INFO] performing request https://api-fxpractice.oanda.com/v3/instruments/EUR_USD/candles
2026-05-08 18:42:22,063 [INFO] ForexFactory: 118 events loaded
2026-05-08 18:42:23,044 [INFO] News: 19 articles fetched
2026-05-08 18:42:25,339 [INFO] Correlations: ['DXY', 'GOLD', 'OIL', 'SP500', 'VIX'] loaded
2026-05-08 18:42:26,523 [INFO] SIGNAL: EUR_USD BUY 66.7% | News: NEUTRAL | COT: NEUTRAL | Regime: RANGING
2026-05-08 18:42:28,525 [INFO] setting up API-client for environment practice
2026-05-08 18:42:28,525 [INFO] performing request https://api-fxpractice.oanda.com/v3/instruments/GBP_USD/candles
2026-05-08 18:42:30,409 [INFO] SIGNAL: GBP_USD BUY 66.7% | News: NEUTRAL | COT: NEUTRAL | Regime: RANGING
2026-05-08 18:42:32,411 [INFO] setting up API-client for environment practice
2026-05-08 18:42:32,411 [INFO] performing request https://api-fxpractice.oanda.com/v3/instruments/USD_JPY/candles
2026-05-08 18:42:33,159 [INFO] USD_JPY: 49.7% below 65.0% threshold. Skip.
2026-05-08 18:42:35,160 [INFO] setting up API-client for environment practice
2026-05-08 18:42:35,160 [INFO] performing request https://api-fxpractice.oanda.com/v3/instruments/AUD_USD/candles
2026-05-08 18:42:35,871 [INFO] AUD_USD: 45.3% below 65.0% threshold. Skip.
2026-05-08 18:42:37,872 [INFO] setting up API-client for environment practice
2026-05-08 18:42:37,872 [INFO] performing request https://api-fxpractice.oanda.com/v3/instruments/USD_CAD/candles
2026-05-08 18:42:39,751 [INFO] SIGNAL: USD_CAD BUY 77.7% | News: NEUTRAL | COT: NEUTRAL | Regime: TRENDING
2026-05-08 18:42:41,752 [INFO] Cycle #161 done. Trades in memory: 546 | WR: 87.9% | RL episodes: 546
2026-05-08 18:43:26,645 [INFO] Learned: EUR_USD WIN | WR: 87.9% | RL: 547
2026-05-08 18:43:30,512 [INFO] Learned: GBP_USD WIN | WR: 88.0% | RL: 548
2026-05-08 18:43:39,881 [INFO] Learned: USD_CAD WIN | WR: 88.0% | RL: 549
2026-05-08 18:57:41,753 [INFO] setting up API-client for environment practice
2026-05-08 18:57:41,753 [INFO] performing request https://api-fxpractice.oanda.com/v3/instruments/EUR_USD/candles
2026-05-08 18:57:43,826 [INFO] SIGNAL: EUR_USD BUY 110.2% | News: NEUTRAL | COT: NEUTRAL | Regime: RANGING
2026-05-08 18:57:45,827 [INFO] setting up API-client for environment practice
2026-05-08 18:57:45,827 [INFO] performing request https://api-fxpractice.oanda.com/v3/instruments/GBP_USD/candles
2026-05-08 18:57:47,699 [INFO] SIGNAL: GBP_USD BUY 110.2% | News: NEUTRAL | COT: NEUTRAL | Regime: RANGING
2026-05-08 18:57:49,701 [INFO] setting up API-client for environment practice
2026-05-08 18:57:49,702 [INFO] performing request https://api-fxpractice.oanda.com/v3/instruments/USD_JPY/candles
2026-05-08 18:57:51,875 [INFO] SIGNAL: USD_JPY SELL 67.4% | News: NEUTRAL | COT: NEUTRAL | Regime: RANGING
2026-05-08 18:57:53,876 [INFO] setting up API-client for environment practice
2026-05-08 18:57:53,876 [INFO] performing request https://api-fxpractice.oanda.com/v3/instruments/AUD_USD/candles
2026-05-08 18:57:55,897 [INFO] SIGNAL: AUD_USD BUY 110.4% | News: NEUTRAL | COT: NEUTRAL | Regime: RANGING
2026-05-08 18:57:57,905 [INFO] setting up API-client for environment practice
2026-05-08 18:57:57,905 [INFO] performing request https://api-fxpractice.oanda.com/v3/instruments/USD_CAD/candles
2026-05-08 18:57:59,688 [INFO] SIGNAL: USD_CAD BUY 105.1% | News: NEUTRAL | COT: NEUTRAL | Regime: RANGING
2026-05-08 18:58:01,690 [INFO] Cycle #162 done. Trades in memory: 549 | WR: 88.0% | RL episodes: 549
2026-05-08 18:58:44,056 [INFO] Learned: EUR_USD WIN | WR: 88.0% | RL: 550
2026-05-08 18:58:47,850 [INFO] Learned: GBP_USD WIN | WR: 88.0% | RL: 551
2026-05-08 18:58:52,027 [INFO] Learned: USD_JPY WIN | WR: 88.0% | RL: 552
2026-05-08 18:58:55,994 [INFO] Learned: AUD_USD WIN | WR: 88.1% | RL: 553
2026-05-08 18:58:59,822 [INFO] Learned: USD_CAD WIN | WR: 88.1% | RL: 554
2026-05-08 19:13:01,691 [INFO] setting up API-client for environment practice
2026-05-08 19:13:01,692 [INFO] performing request https://api-fxpractice.oanda.com/v3/instruments/EUR_USD/candles
2026-05-08 19:13:05,433 [INFO] News: 20 articles fetched
2026-05-08 19:13:06,871 [INFO] Correlations: ['DXY', 'GOLD', 'OIL', 'SP500', 'VIX'] loaded
2026-05-08 19:13:08,991 [INFO] SIGNAL: EUR_USD BUY 105.3% | News: NEUTRAL | COT: NEUTRAL | Regime: RANGING
2026-05-08 19:13:11,094 [INFO] setting up API-client for environment practice
2026-05-08 19:13:11,094 [INFO] performing request https://api-fxpractice.oanda.com/v3/instruments/GBP_USD/candles
2026-05-08 19:13:14,597 [INFO] SIGNAL: GBP_USD BUY 101.1% | News: NEUTRAL | COT: NEUTRAL | Regime: RANGING
2026-05-08 19:13:16,600 [INFO] setting up API-client for environment practice
2026-05-08 19:13:16,602 [INFO] performing request https://api-fxpractice.oanda.com/v3/instruments/USD_JPY/candles
2026-05-08 19:13:19,409 [INFO] SIGNAL: USD_JPY SELL 71.1% | News: NEUTRAL | COT: NEUTRAL | Regime: RANGING
2026-05-08 19:13:21,412 [INFO] setting up API-client for environment practice
2026-05-08 19:13:21,412 [INFO] performing request https://api-fxpractice.oanda.com/v3/instruments/AUD_USD/candles
2026-05-08 19:13:23,910 [INFO] SIGNAL: AUD_USD BUY 110.4% | News: NEUTRAL | COT: NEUTRAL | Regime: RANGING
2026-05-08 19:13:25,912 [INFO] setting up API-client for environment practice
2026-05-08 19:13:25,912 [INFO] performing request https://api-fxpractice.oanda.com/v3/instruments/USD_CAD/candles
2026-05-08 19:13:29,031 [INFO] SIGNAL: USD_CAD BUY 108.7% | News: NEUTRAL | COT: NEUTRAL | Regime: RANGING
2026-05-08 19:13:31,034 [INFO] Cycle #163 done. Trades in memory: 554 | WR: 88.1% | RL episodes: 554
2026-05-08 19:13:57,094 [INFO] System stopped
2026-05-08 19:14:09,243 [INFO] Learned: EUR_USD WIN | WR: 88.1% | RL: 555
2026-05-08 19:14:14,813 [INFO] Learned: GBP_USD WIN | WR: 88.1% | RL: 556
2026-05-08 19:14:19,731 [INFO] Learned: USD_JPY WIN | WR: 88.2% | RL: 557
2026-05-08 19:14:24,251 [INFO] Learned: AUD_USD WIN | WR: 88.2% | RL: 558
2026-05-08 19:14:29,270 [INFO] Learned: USD_CAD WIN | WR: 88.2% | RL: 559
